Economy,Year,"PM2.5 air pollution, mean annual exposure (micrograms per cubic meter)",Carbon dioxide (CO2) emissions (total) excluding LULUCF (Mt CO2e),Carbon dioxide (CO2) emissions excluding LULUCF per capita (t CO2e/capita),Carbon dioxide (CO2) net fluxes from LULUCF - Total excluding non-tropical fires (Mt CO2e),Methane (CH4) emissions (total) excluding LULUCF (Mt CO2e),Nitrous oxide (N2O) emissions (total) excluding LULUCF (Mt CO2e),Total greenhouse gas emissions excluding LULUCF (Mt CO2e),Total greenhouse gas emissions per capita excluding LULUCF (t CO2e/capita),Electricity production from coal sources (% of total),"Energy imports, net (% of energy use)",Energy intensity level of primary energy (MJ/$2017 PPP GDP),Energy use (kg of oil equivalent per capita),Fossil fuel energy consumption (% of total),Renewable electricity output (% of total electricity output),Renewable energy consumption (% of total final energy consumption),Cooling Degree Days,Heat Index 35,Heating Degree Days,Land Surface Temperature,Level of water stress: freshwater withdrawal as a proportion of available freshwater resources,Population density (people per sq. km of land area),Standardised Precipitation-Evapotranspiration Index,Agricultural land (% of land area),"Agriculture, forestry, and fishing, value added (% of GDP)",Food production index (2014-2016 = 100),"Adjusted savings, natural resources depletion (% of GNI)","Adjusted savings, net forest depletion (% of GNI)","Annual freshwater withdrawals, total (% of internal resources)",Forest area (% of land area),Terrestrial and marine protected areas (% of total territorial area),Tree Cover Loss
Albania,2012,20.9627,4.5329,1.5629,5.3536,2.6436,0.9242,8.1594,2.8132,0.0,15.7173,2.51,689.8728,57.88,,39.9,969.69,0.0,4552.5,19.8123,6.7569,105.8541,-1.0177,43.8431,17.5914,95.06,1.9636,0.1839,4.1797,28.6466,,5395.4743
Albania,2013,19.4075,4.7693,1.6474,1.3449,2.7185,0.8764,8.4245,2.9099,0.0,25.2004,2.89,803.7095,56.53,,41.1,692.98,0.0,4167.62,19.812,6.6085,105.6603,-0.5017,43.3321,18.9248,95.64,2.2245,0.1624,4.088,28.6986,7.7,2569.968
Albania,2014,19.3679,5.0958,1.7638,1.2246,2.7898,0.9471,8.8997,3.0804,0.0,28.912,2.86,810.8729,61.53,,38.6,521.28,0.0,4026.05,19.3167,6.4602,105.4418,1.5296,42.8573,19.2378,96.84,2.436,0.1677,3.9962,28.7505,1.8,1051.6486
Albania,2015,19.1216,4.8635,1.6883,1.2718,2.832,0.9687,8.7399,3.0339,0.0,12.6965,2.62,762.288,60.19,,38.5,885.16,0.04,4324.21,19.9393,5.5288,105.1351,-0.6564,42.8577,18.7472,100.07,1.2323,0.1891,3.4201,28.8025,2.2,283.5747
Albania,2016,17.6022,4.5303,1.5752,1.3456,2.7821,0.955,8.3565,2.9055,0.0,20.2724,2.61,786.071,58.07,,39.4,685.89,0.0,4198.41,19.0618,6.5625,104.9672,-0.0694,43.1277,19.1672,103.09,0.7267,0.1545,4.0595,28.8022,13.1,928.3912
Albania,2017,18.5552,5.3415,1.8589,1.3456,2.7774,0.9428,9.1641,3.1892,0.0,38.8336,2.64,824.3736,62.12,,36.9,877.65,0.01,4399.74,20.3115,6.5565,104.8707,-1.0242,42.857,18.0791,103.88,0.892,0.183,4.0558,28.7921,13.5,1686.8241
Albania,2018,19.0462,5.3056,1.851,1.3456,2.8023,0.9263,9.1528,3.1932,0.0,21.2695,2.53,823.102,60.11,,37.8,723.39,0.0,3854.27,19.6874,5.7572,104.6123,-1.3465,42.8497,17.9156,106.02,1.0635,0.1402,3.5613,28.792,13.5,2048.2932
Albania,2019,15.7047,4.9535,1.7355,1.3456,2.5862,0.946,8.6186,3.0196,0.0,32.2318,2.45,817.1765,59.41,,40.1,841.74,0.01,4082.72,19.9359,6.7969,104.1676,0.3625,42.8467,18.1604,104.0,1.0756,0.1399,4.2045,28.792,14.2,1073.5003
Albania,2020,15.707,4.5608,1.6071,1.3456,2.3959,0.8631,7.9674,2.8075,0.0,36.47,2.34,761.9573,57.07,,44.4,776.43,0.0,4152.69,20.315,4.7236,103.5711,-1.0306,42.5385,18.8061,105.72,0.4984,0.1365,2.9219,28.792,14.2,1116.9702
Armenia,2012,43.2896,5.6692,1.8747,-0.4643,2.2681,0.4012,8.5021,2.8114,0.0,74.3404,4.16,982.4424,77.34,28.8091,6.6,235.82,0.0,7725.12,14.1877,59.3302,106.2206,-0.4054,59.1149,17.9127,88.2,0.9759,0.3395,42.878,11.5962,,197.6782
Armenia,2013,41.0505,5.4924,1.8175,-0.4769,2.4293,0.453,8.5399,2.8259,0.0,73.6823,3.92,959.8017,75.51,28.2387,6.8,168.08,0.0,7823.84,14.689,59.6127,106.1468,-0.6832,59.1149,18.4348,92.49,0.6953,0.2192,43.0821,11.5889,23.3,41.8413
Armenia,2014,38.6392,5.7603,1.9113,-0.4802,2.4862,0.476,8.8962,2.9518,0.0,71.6592,4.12,1045.9751,72.6,25.7659,7.1,286.29,0.0,7436.37,16.1272,57.6962,105.8588,-0.8997,59.0341,18.072,97.4,0.2657,0.2305,41.697,11.5816,23.1,38.1276
Armenia,2015,38.1149,5.6166,1.8693,-0.4789,2.538,0.4846,8.8239,2.9368,0.0,67.6293,4.12,1084.5206,68.89,28.328,10.7,330.28,0.0,7518.49,15.4398,66.0077,105.5357,0.1819,58.8936,17.2231,106.65,0.513,0.2539,47.7037,11.5743,23.1,1.9901
Armenia,2016,35.8609,5.3743,1.796,-0.4857,2.5964,0.4842,8.6555,2.8926,0.0,68.2448,3.93,1043.098,69.08,32.1718,13.2,224.94,0.0,8009.69,13.9415,64.1921,105.1036,1.1197,58.8971,16.3905,95.95,0.2168,0.2168,46.3916,11.5669,23.1,30.0476
Armenia,2017,34.0154,5.6886,1.9093,-0.4706,2.4808,0.4817,8.8681,2.9765,0.0,68.9606,3.86,1105.967,68.99,29.2531,12.6,352.86,0.0,7926.8,15.5668,57.7971,104.6505,-1.6766,58.8725,14.9943,95.24,0.2375,0.2375,41.7699,11.5595,23.1,41.7473
Armenia,2018,34.2014,5.9509,2.0043,-0.4706,2.3294,0.478,8.9951,3.0297,0.0,72.7318,3.51,1072.3368,74.31,30.0282,11.1,312.85,0.0,6894.05,16.3095,54.7509,104.2852,-0.0345,58.9146,13.9423,83.48,0.6814,0.268,39.5685,11.5522,23.1,5.9025
Armenia,2019,32.6618,6.4241,2.1685,-0.4706,2.2909,0.5028,9.4715,3.1971,0.0,74.1708,3.52,1163.0928,73.7,31.2254,10.3,285.56,0.0,7437.64,16.5653,57.7971,104.0569,-1.6376,58.9041,11.5256,81.27,1.1944,0.2499,41.7699,11.5448,24.3,0.7064
Armenia,2020,30.5796,6.9138,2.3346,-0.4706,2.317,0.4915,9.9936,3.3745,0.0,74.1473,4.01,1233.3046,74.13,23.4345,8.4,229.79,0.0,7559.67,16.4365,57.091,104.0218,-0.1426,58.869,11.3498,85.28,1.1162,0.2745,41.2597,11.5374,24.3,18.543
Austria,2012,14.7199,69.0271,8.1883,-5.9173,9.5561,3.4091,83.8313,9.9444,8.5754,65.5206,3.04,3899.1648,66.58,76.0603,34.4,202.99,0.0,7576.21,11.6875,9.4286,102.1569,-0.586,33.1459,1.4177,95.95,0.1687,0.0419,6.204,46.9025,,11165.7592
Austria,2013,14.6599,69.6127,8.2092,-6.3907,9.7016,3.4229,84.6494,9.9824,8.9604,62.8836,3.08,3924.8214,66.1,79.3682,34.6,216.33,0.0,7683.78,12.3768,9.3212,102.7608,0.1777,32.9181,1.2778,96.23,0.1492,0.0405,6.1333,46.9461,24.0,7655.3314
Austria,2014,12.9541,65.929,7.7143,-7.7584,9.5398,3.5205,81.0201,9.4801,7.4391,67.4889,2.95,3750.3448,64.82,82.5402,35.7,111.59,0.0,6842.49,13.9394,9.2137,103.5671,0.7949,32.8914,1.2756,102.03,0.1356,0.0403,6.0626,46.9897,28.3,9876.061
Austria,2015,13.6,67.3691,7.7949,-6.7096,9.137,3.4951,82.1687,9.5073,7.749,62.1474,2.99,3795.5104,65.48,78.1279,34.8,303.85,0.0,7087.62,13.562,9.1063,104.7346,-1.2206,32.9429,1.1436,97.36,0.0923,0.0407,5.9919,47.0333,28.4,7941.0671
Austria,2016,12.5144,67.7825,7.7584,-7.1391,9.1817,3.5191,82.7174,9.4678,5.8104,64.1138,2.96,3797.168,65.65,79.2285,34.6,152.52,0.0,7314.52,12.8142,8.9988,105.8733,1.3329,32.3579,1.1493,100.61,0.0678,0.0348,5.9212,47.077,27.6,17218.0551
Austria,2017,12.1558,70.1063,7.9688,-3.3957,9.3862,3.4341,85.1631,9.6803,5.4876,65.9464,2.95,3839.9481,66.46,77.0242,34.0,229.01,0.0,7474.74,12.5621,8.8913,106.6113,0.3634,32.1694,1.1999,98.48,0.0776,0.0332,5.8505,47.1205,28.4,18402.4732
Austria,2018,12.5862,67.1868,7.5999,4.776,9.384,3.3735,82.2069,9.2989,5.2742,66.5258,2.8,3717.6253,66.24,78.1654,34.1,234.25,0.0,6881.01,13.0632,8.7839,107.1319,-1.2749,32.1477,1.1091,100.51,0.1007,0.045,5.7798,47.164,28.4,26335.0669
Austria,2019,11.4646,68.5332,7.7178,1.989,9.3522,3.4096,83.4574,9.3984,4.5976,74.4763,2.81,3765.9801,67.22,78.1471,34.0,263.23,0.0,7000.78,13.3131,8.6764,107.6093,-0.2886,32.1281,1.0446,99.96,0.077,0.0333,5.7091,47.1037,28.4,33659.5104
Austria,2020,10.9335,62.5998,7.0204,-5.3639,9.2727,3.3356,77.2734,8.666,3.2471,59.7677,2.84,3546.3277,65.35,80.9966,35.8,143.75,0.0,7123.64,13.0636,8.6764,108.057,0.3651,31.5398,1.0714,101.84,0.0421,0.0228,5.7091,47.1379,29.1,25940.4082
Azerbaijan,2012,29.1806,32.2806,3.4726,-3.3693,15.3637,1.9812,50.4513,5.4273,0.0,-326.9996,4.47,1497.2949,98.5,7.9224,2.8,1281.48,0.04,4907.8,24.6243,52.8814,112.4608,-0.7886,57.6871,5.1398,95.38,20.1642,0.0,147.5662,12.7108,,597.632
Azerbaijan,2013,28.234,33.2113,3.5268,-3.3596,15.5829,2.0269,51.6891,5.489,0.0,-326.5281,4.28,1497.9026,98.24,6.9641,2.5,1027.05,0.0,4853.23,23.6278,52.9653,113.9235,-0.8566,57.7045,5.3663,98.45,19.448,0.0,147.8004,12.8205,6.4,149.076
Azerbaijan,2014,26.4192,34.7241,3.6417,-3.3686,15.7258,2.0957,53.5015,5.611,0.0,-312.6997,4.3,1526.1588,98.39,5.9801,2.1,1394.33,0.39,4904.74,25.621,51.1901,115.3488,-1.2809,57.7005,5.3194,94.84,15.0017,0.0,142.8466,12.9297,5.5,328.246
Azerbaijan,2015,25.1867,34.5224,3.5777,-3.3667,15.7458,2.0919,53.3632,5.5302,0.0,-311.3727,4.26,1510.9186,98.06,7.4064,2.3,1356.37,0.28,4976.45,23.8772,51.6185,116.7311,-0.0957,57.7018,6.1776,101.27,9.3086,0.0,144.0419,13.0395,5.5,26.7452
Azerbaijan,2016,24.3528,34.4149,3.5269,-3.366,15.6492,2.0462,53.1283,5.4447,0.0,-307.1574,4.35,1480.9343,98.69,8.7841,1.9,1142.54,0.18,5194.44,23.1289,52.4531,118.0333,0.5128,57.7356,5.6051,103.9,9.9105,0.0,146.3709,13.1544,5.5,25.4752
Azerbaijan,2017,23.2422,34.2297,3.4737,-3.366,15.3757,2.1297,52.8886,5.3672,0.0,-278.2359,4.38,1478.7842,98.92,8.125,1.9,1248.92,0.15,5047.89,24.3764,53.5217,119.2087,-1.7315,57.7956,5.6074,107.73,12.6483,0.0,149.353,13.2731,5.5,80.1011
Azerbaijan,2018,23.2361,34.7619,3.4973,-3.366,15.4284,2.1951,53.601,5.3926,0.0,-286.4202,4.34,1471.3703,98.9,8.1343,1.9,1308.13,0.94,4568.52,24.6251,53.7293,120.2576,-1.0646,57.8254,5.2124,113.33,17.6246,0.0,149.9322,13.4139,5.5,75.3286
Azerbaijan,2019,22.0238,36.9813,3.6892,-3.366,15.6786,2.4285,56.3803,5.6244,0.0,-272.9316,4.62,1594.1108,99.08,7.327,1.7,1237.26,0.05,4724.4,24.8769,55.5973,121.2801,-2.0139,57.8278,5.6954,121.46,14.6688,0.0,155.1448,13.5534,5.5,11.9498
Azerbaijan,2020,21.727,35.404,3.5077,-3.366,15.5435,2.3989,54.7245,5.422,0.0,-273.0792,4.7,1542.5218,99.19,5.4693,1.3,1177.24,0.05,4881.64,25.3736,53.8886,122.1247,-1.015,57.8382,6.7389,122.2,7.5652,0.0,150.3768,13.6942,5.5,22.775
Belgium,2012,15.215,103.0863,9.2813,-0.3793,12.73,8.7109,127.4017,11.4705,6.5808,86.2152,4.17,4824.2672,70.83,14.2378,7.7,122.94,0.0,5605.64,14.0938,65.1106,366.1666,0.5467,43.9126,0.8446,91.38,0.049,0.0149,44.1667,22.7357,,5635.0188
Belgium,2013,14.3698,104.4225,9.3574,-1.0266,12.756,8.7495,128.8169,11.5433,6.1787,87.225,4.33,5000.3761,70.58,15.6358,8.3,177.59,0.0,5975.35,14.3436,59.3243,367.8966,-0.2416,44.0609,0.7646,95.83,0.0446,0.0141,40.2417,22.7319,24.3,3314.9997
Belgium,2014,12.9004,97.7245,8.7184,-1.0094,12.6542,8.6156,122.0131,10.8852,5.8736,89.6078,4.02,4701.1363,72.25,18.4604,9.1,105.47,0.0,4757.4,15.6556,55.9705,369.5334,-0.456,43.8895,0.7165,101.8,0.0501,0.0129,37.9667,22.7282,24.2,4239.217
Belgium,2015,13.339,102.3791,9.0808,-0.9581,12.7713,8.5877,126.7347,11.2411,5.896,95.1795,3.93,4661.5345,74.92,22.3213,9.4,195.06,0.0,5242.51,15.6556,49.0663,371.6809,-0.9886,43.7807,0.7506,101.32,0.0233,0.011,33.2833,22.7244,24.2,3420.2739
Belgium,2016,12.3939,101.261,8.9363,-0.8712,12.954,8.3709,125.7471,11.0972,3.0826,86.1518,4.11,4904.1282,69.91,17.9645,9.2,169.69,0.0,5433.28,14.9672,51.5116,373.5675,0.1652,44.5324,0.6732,96.87,0.0196,0.0107,34.942,22.7244,24.6,4512.2428
Belgium,2017,12.7692,99.7004,8.7647,-0.7489,12.6395,8.3553,123.7283,10.8771,2.7996,86.8687,4.02,4863.4837,70.2,19.5544,9.7,188.4,0.0,5186.49,15.8428,53.9568,375.0093,-0.5727,43.7477,0.7295,102.61,0.0253,0.0095,36.6007,22.7244,24.7,4137.3227
Belgium,2018,12.4926,100.0981,8.7597,-0.7128,12.822,8.3694,124.178,10.867,3.1237,99.6081,3.8,4660.1338,73.75,24.2594,10.7,331.69,0.0,4996.99,16.9679,51.2899,374.7435,-1.6353,44.4036,0.6646,98.91,0.0334,0.0106,34.7917,22.6052,24.6,4630.8045
Belgium,2019,11.2144,99.8825,8.6938,-0.5859,12.7066,8.373,123.7138,10.768,2.6857,90.8459,3.83,4773.9326,70.21,21.7446,10.2,229.18,0.0,5097.44,16.0934,51.5848,376.762,-1.0189,44.4678,0.7188,101.26,0.0293,0.0083,34.9917,22.6044,26.1,5577.1182
Belgium,2020,11.2161,92.267,7.9964,-0.4389,12.673,8.3497,115.8177,10.0374,2.0983,88.9393,3.71,4358.9413,71.0,27.4037,12.3,249.04,0.0,4730.82,17.2813,51.8796,378.3893,-1.2724,44.7501,0.7128,101.9,0.0188,0.0076,35.1917,22.6044,17.6,5408.5821
Bulgaria,2012,23.0864,49.9151,6.8322,-8.2857,9.6592,2.894,62.6398,8.5739,48.3698,37.358,5.5,2493.235,72.61,12.7739,15.6,1022.33,0.0,5209.32,19.6865,42.2396,67.2982,-0.9123,47.1905,4.4301,83.86,0.7467,0.0,27.2124,34.7771,,9977.5057
Bulgaria,2013,21.4901,44.4509,6.2082,-7.1458,9.3833,3.1099,57.3485,8.0096,44.2588,39.058,5.12,2353.4577,70.14,17.5078,18.2,706.77,0.0,4794.75,19.8123,40.4169,65.9544,-0.939,46.0114,4.5154,102.69,0.5049,0.0,26.0381,34.9539,35.0,3692.7615
Bulgaria,2014,21.9922,47.3148,6.689,-8.4124,8.4114,3.6162,59.979,8.4793,44.8621,35.7227,5.32,2500.0007,71.17,16.7401,17.1,558.35,0.0,4796.53,20.0625,39.7369,65.1582,2.2212,45.8456,4.5587,100.74,0.3158,0.0,25.6,35.1308,31.5,6688.4507
Bulgaria,2015,20.7937,49.8542,7.1381,-7.9623,10.3652,3.3314,63.8699,9.1449,45.7513,37.1357,5.36,2637.6677,72.43,18.794,17.9,738.4,0.0,4857.24,19.5626,41.6099,64.3352,0.4252,46.1671,4.062,97.47,0.2323,0.0,26.8067,35.3077,32.8,7293.0669
Bulgaria,2016,19.9792,47.1224,6.8351,-9.7621,10.1524,3.7418,61.3643,8.9009,42.766,39.3334,5.07,2606.7768,69.4,17.0803,17.7,774.68,0.0,4952.14,18.9372,42.0504,63.5053,-0.2804,46.2509,4.0549,101.79,0.1872,0.0,27.0905,35.3814,28.3,7394.7091
Bulgaria,2017,20.0338,49.2795,7.2433,-9.6905,10.4135,3.6899,63.7208,9.3659,45.852,40.2625,5.11,2732.2927,70.82,14.8995,17.1,778.88,0.0,5169.81,19.1855,41.8213,62.6701,0.3132,46.3294,4.0432,106.22,0.3094,0.0,26.9429,35.5011,28.3,7687.6226
Bulgaria,2018,19.716,46.2331,6.8894,-9.8123,9.7802,3.6612,60.0509,8.9484,39.8382,37.3692,4.97,2764.4709,67.35,20.6175,19.6,676.27,0.0,4798.08,19.4381,40.099,61.8165,-0.0412,46.3338,3.3967,105.22,0.2839,0.0,25.8333,35.6209,28.3,9753.9215
Bulgaria,2019,17.538,44.5731,6.7364,-9.6208,9.4959,3.7438,58.4266,8.8301,38.9014,39.3267,4.72,2771.1025,65.63,17.9281,19.3,735.32,0.0,4477.51,20.5615,40.0769,60.9499,-1.6319,46.3983,3.1962,107.09,0.2463,0.0,25.819,35.7406,32.8,4125.0189
Bulgaria,2020,17.1474,39.4909,6.0285,-9.6587,9.6265,3.7975,53.5659,8.1771,33.2041,38.9226,4.68,2664.5515,62.09,19.5452,21.1,754.83,0.0,4722.99,20.937,37.5194,60.3417,-1.0222,46.4904,3.4329,90.38,0.2954,0.0,24.1714,35.8604,33.1,4795.2148
Bosnia and Herzegovina,2012,35.5047,23.3084,6.3509,-7.5463,4.6795,0.896,29.5128,8.0414,69.5001,33.2945,6.85,1821.2122,91.95,29.9404,15.3,701.47,0.0,5643.58,16.8131,2.9064,71.6819,-1.2991,42.1094,6.1377,91.82,0.2662,0.0,1.233,41.5195,,2433.6472
Bosnia and Herzegovina,2013,33.7419,23.2108,6.4281,-6.141,4.6764,0.9517,29.3288,8.1224,58.0769,29.7224,6.46,1787.3925,92.5,41.4781,19.5,420.56,0.0,5348.83,16.0633,2.8938,70.5246,0.6689,42.207,6.8414,104.99,0.204,0.0001,1.2276,41.7454,1.6,2573.8976
Bosnia and Herzegovina,2014,32.4818,20.792,5.8325,-6.398,5.6096,0.949,27.863,7.8161,62.8032,28.2127,5.94,1682.3129,88.1,36.7829,23.6,245.59,0.0,4830.72,16.9381,2.7384,69.6256,1.9666,42.1289,5.9511,88.85,0.1674,0.0368,1.1617,41.9713,1.1,1789.5445
Bosnia and Herzegovina,2015,33.8055,20.8252,5.9187,-6.398,5.672,0.948,27.819,7.9064,63.9452,33.7089,5.86,1755.0438,86.13,35.5831,25.2,594.1,0.0,5438.09,16.9395,2.7789,68.7215,-1.0013,42.5,6.0376,99.16,0.2194,0.1337,1.1789,42.1973,1.5,580.5049
Bosnia and Herzegovina,2016,30.3847,23.5017,6.767,-6.398,5.9612,1.3755,31.2268,8.9913,67.6591,31.56,6.21,1945.2548,89.19,31.8909,23.0,360.53,0.0,5403.66,15.8136,2.7862,67.8321,0.0896,43.1445,6.1656,111.99,0.1982,0.0873,1.182,42.51,1.4,2307.9795
Bosnia and Herzegovina,2017,30.9018,23.9871,6.996,-6.398,6.016,1.3822,31.8294,9.2833,75.0639,34.0764,6.0,1966.743,90.6,24.4239,18.5,557.54,0.0,5653.66,16.6889,2.662,66.9664,-1.4686,43.5156,5.431,94.61,0.1654,0.0146,1.1293,42.7326,1.4,1339.3148
Bosnia and Herzegovina,2018,32.499,24.0596,7.1035,-6.398,6.2882,1.4234,32.232,9.5164,64.9113,24.2811,6.41,2205.4002,81.82,34.7129,35.4,385.78,0.0,5088.32,16.1911,2.0717,66.1523,-0.752,43.1836,5.7188,114.96,0.126,0.0,0.8789,42.7326,1.4,2673.232
Bosnia and Herzegovina,2019,26.7158,22.5935,6.7533,-6.398,6.0398,1.3693,30.5258,9.1243,62.6708,27.3941,6.02,2157.7163,79.58,36.9519,36.8,505.27,0.0,5104.54,17.0646,2.0286,65.3424,0.0867,43.2812,5.45,105.39,0.0557,0.0,0.8606,42.7326,1.4,1232.2104
Bosnia and Herzegovina,2020,26.602,22.5309,6.8289,-6.398,6.0028,1.4135,30.4448,9.2275,70.2086,25.3934,6.1,2152.7302,80.53,29.5306,37.7,386.4,0.0,5182.29,16.8127,1.9995,64.4404,-1.0435,43.7891,5.9144,115.06,0.0469,0.0,0.8482,42.7326,3.6,1842.1803
Belarus,2012,18.0675,64.2663,6.8029,-43.4672,19.5759,10.327,93.9041,9.9403,0.0649,87.2466,7.24,3219.4265,92.56,0.5532,7.2,285.14,0.0,7819.41,10.2183,5.0275,46.5593,1.2527,43.3516,8.1309,103.2,0.8332,0.0,4.4863,42.5404,,39591.092
Belarus,2013,18.9735,64.4274,6.8226,-46.0406,20.1447,10.1587,94.451,10.002,0.073,86.7269,6.39,2870.3258,92.27,0.8451,7.0,259.07,0.0,7298.83,11.156,4.9901,46.5394,0.0179,42.9318,6.8091,98.1,0.6747,0.0,4.4529,42.5419,8.3,28084.741
Belarus,2014,19.3975,63.9688,6.7702,-45.6257,20.4522,9.7401,93.8678,9.9347,0.0749,87.7674,6.4,2923.5768,93.66,0.7339,6.7,326.76,0.0,7217.77,12.2816,5.178,46.5506,-1.2817,42.4879,7.3031,101.59,0.5828,0.0,4.6206,42.5318,8.6,33626.3968
Belarus,2015,17.6059,59.1668,6.2537,-43.9223,20.7389,9.6578,89.2526,9.4337,0.1115,84.9599,6.07,2660.1403,93.55,0.8248,6.8,294.51,0.0,6635.11,13.7812,4.7726,46.6113,-1.978,42.242,6.2832,100.07,0.3605,0.0,4.2588,42.5342,8.8,33899.2921
Belarus,2016,15.8319,59.0618,6.2371,-40.1345,20.673,9.0315,88.4504,9.3407,0.1013,83.3139,6.18,2639.0949,93.33,1.1679,6.7,309.42,0.0,7273.57,13.2818,4.7858,46.6499,0.3436,42.0355,6.8953,98.34,0.3127,0.0,4.2706,42.907,9.5,90486.7811
Belarus,2017,15.7775,60.221,6.3665,-36.9817,20.8523,9.4294,90.188,9.5346,0.0782,84.894,6.14,2692.5834,93.05,2.1846,7.3,200.65,0.0,7175.6,12.2814,4.6045,46.5988,1.0087,41.8448,7.5658,102.21,0.4024,0.0,4.1088,42.9784,9.4,78766.9466
Belarus,2018,16.9825,63.5591,6.7338,-39.9468,20.8894,9.3712,93.5,9.9059,0.0667,86.0282,6.29,2849.2948,94.39,1.9861,7.2,322.2,0.0,7112.87,12.7187,4.5814,46.5011,-1.5681,41.6445,6.5901,97.9,0.6582,0.0,4.0882,43.0515,9.4,87446.2857
Belarus,2019,15.6178,61.3745,6.5155,-35.6887,20.9669,9.325,91.3407,9.6967,0.0741,85.2555,5.97,2748.9688,94.01,2.5034,7.8,278.2,0.0,6479.45,13.5316,4.4759,46.4108,-1.5981,41.3224,6.7947,99.84,0.5152,0.0,3.9941,43.1262,9.4,75048.5251
Belarus,2020,14.609,58.1656,6.2011,-37.5053,21.108,9.6443,88.5806,9.4436,0.0804,83.8412,5.82,2673.8655,92.59,3.4943,8.4,283.08,0.0,6357.85,12.7808,4.3771,46.2112,-1.1347,40.7971,7.0772,105.23,0.2921,0.0,3.9059,43.1944,9.4,68932.1755
Switzerland,2012,12.6827,43.609,5.4533,-2.5766,5.1854,1.9699,52.3534,6.5467,0.0,57.5043,2.01,3171.2817,51.43,60.4691,21.9,78.57,0.0,8487.93,11.0645,7.6278,202.3905,0.3901,38.6677,0.6346,100.47,0.0007,0.0003,4.9505,31.4232,,1517.1659
Switzerland,2013,12.4433,44.6168,5.5155,-1.8037,5.3828,1.962,53.6132,6.6276,0.0,57.4872,2.05,3269.2439,52.66,60.0795,21.8,102.39,0.0,8781.22,10.8155,6.5599,204.7343,0.4002,38.5854,0.6625,97.38,0.0014,0.0011,4.2574,31.5107,24.8,793.3604
Switzerland,2014,10.6156,40.9097,4.9959,-0.2223,5.4448,1.9348,49.9621,6.1014,0.0,53.9311,1.88,3026.6243,49.28,59.0078,22.2,42.89,0.0,7955.81,12.186,6.4989,207.2508,-0.1713,38.5028,0.7089,102.58,0.0026,0.0024,4.2178,31.5982,9.7,1502.5471
Switzerland,2015,11.7226,40.233,4.8577,-2.0158,5.4948,1.8971,49.3178,5.9545,0.0,56.0893,1.81,2923.0001,50.85,63.1394,23.9,177.92,0.0,7959.72,12.6859,6.5062,209.6266,-1.6811,38.4206,0.6264,99.43,0.0019,0.0018,4.2226,31.6857,9.7,772.4588
Switzerland,2016,10.6566,40.7897,4.8714,-2.0462,5.5355,1.8925,49.81,5.9486,0.0,59.7487,1.72,2814.4113,50.32,63.1348,24.1,90.49,0.0,8251.01,12.4379,6.4989,211.9316,0.1974,38.3387,0.658,97.98,0.0017,0.0016,4.2178,31.7733,9.7,1679.0417
Switzerland,2017,9.9148,39.8069,4.7099,-1.7487,5.5699,1.9445,48.8921,5.7848,0.0,60.1725,1.71,2803.658,50.57,64.5196,25.0,137.11,0.0,8273.48,12.0614,6.4989,213.9185,-0.5915,38.2599,0.6313,97.74,0.0016,0.0015,4.2178,31.8603,9.7,2542.4132
Switzerland,2018,10.1482,38.5013,4.5219,-1.1494,5.6096,1.9395,47.5976,5.5903,0.0,53.6346,1.67,2800.0752,47.49,60.3342,24.2,140.63,0.0,7673.01,12.6894,6.4989,215.5001,-1.6596,38.1824,0.6438,101.65,0.0033,0.0031,4.2178,31.9474,9.7,3134.4396
Switzerland,2019,9.45,38.3792,4.4756,-1.8278,5.5984,1.9433,47.4035,5.5279,0.0,54.9926,1.69,2850.8885,47.91,61.4674,24.8,148.0,0.0,8042.24,11.9369,6.4989,217.0428,-0.6647,38.105,0.6477,97.32,0.0015,0.0012,4.2178,32.0345,10.0,3518.0207
Switzerland,2020,9.061,35.8868,4.1544,-1.4881,5.6383,2.0136,44.9823,5.2074,0.0,50.0265,1.65,2687.91,47.41,63.8592,26.4,96.64,0.0,7807.27,12.937,6.4989,218.6345,-1.3075,38.0271,0.7055,99.14,0.0015,0.0013,4.2178,32.1215,12.0,3927.9946
Cyprus,2012,16.8766,7.1208,6.1102,-0.2958,1.0154,0.2592,8.6119,7.3897,0.0,,3.06,1936.1652,94.03,5.449,8.6,2508.91,3.1,1524.6,28.3115,34.8961,126.1252,2.0349,12.6515,2.0013,105.46,0.0379,0.0,32.7308,18.7,,54.308
Cyprus,2013,16.2407,6.4395,5.4392,-0.2988,0.9795,0.2489,7.8916,6.6658,0.0,,2.83,1646.3268,92.85,7.6259,9.7,2352.37,0.0,1333.07,29.5617,28.2668,128.1272,-1.5553,11.7781,2.0363,99.46,0.0224,0.0,26.5128,18.6972,1.9,13.5046
Cyprus,2014,16.1115,6.8161,5.6716,-0.3007,0.9821,0.2518,8.283,6.8922,0.0,,2.95,1659.5781,92.86,7.2975,9.5,2174.28,0.46,1154.23,29.4328,29.661,130.065,-0.7385,11.7944,1.8449,97.77,0.0175,0.0,27.8205,18.6944,1.7,33.302
Cyprus,2015,16.9122,6.855,5.6211,-0.2974,1.0024,0.2622,8.3657,6.8599,0.0,120.801,2.92,1677.4025,91.85,8.8116,10.4,2357.03,1.23,1395.73,28.5631,31.7113,131.9807,0.2479,13.71,1.868,103.15,0.0091,0.0,29.7436,18.6916,1.7,20.4345
Cyprus,2016,14.4813,7.2207,5.8367,-0.2042,1.0429,0.2703,8.7981,7.1118,0.0,120.817,2.92,1761.8744,91.91,8.6892,10.3,2570.65,0.77,1221.85,30.435,29.7977,133.8866,-0.9731,11.8387,2.1438,99.08,0.0002,0.0,27.9487,18.6807,1.7,568.9154
Cyprus,2017,15.1071,7.3619,5.8694,-0.3086,1.0734,0.2768,8.9972,7.1732,0.0,,2.85,1794.0173,91.17,8.6972,10.9,2490.29,0.9,1340.34,29.1885,29.5243,135.744,-1.3559,13.1407,1.8526,104.0,0.0032,0.0,27.6923,18.6786,1.7,437.2697
Cyprus,2018,15.2495,7.2127,5.676,-0.3042,1.4511,0.2856,9.2324,7.2654,0.0,,2.7,1773.6146,90.52,9.4354,12.0,2694.95,0.58,943.31,29.6853,28.2941,137.5256,0.4479,14.3341,1.7181,102.36,0.0031,0.0,26.5385,18.6764,3.3,32.4504
Cyprus,2019,15.0067,7.2155,5.6079,-0.2988,1.9744,0.2884,9.7502,7.5779,0.0,,2.57,1758.0546,90.0,10.0128,12.0,2592.57,0.48,1290.77,27.9051,27.6107,139.2501,1.3493,13.5637,1.7482,106.12,0.0024,0.0,25.8974,18.6742,3.4,43.4563
Cyprus,2020,13.5087,6.8014,5.2228,-0.3004,1.9484,0.2969,9.3305,7.1649,0.0,,2.54,1638.5719,87.61,12.3048,15.0,2520.03,0.77,1296.5,28.9685,31.5746,140.9358,-0.157,13.8147,1.8253,106.19,0.0057,0.0,29.6154,18.6721,11.2,33.1948
Czechia,2012,19.2883,114.0232,10.8482,-7.7459,15.4853,6.4413,138.5673,13.1833,53.2693,25.4296,5.09,4109.5446,76.0,10.0615,12.8,271.87,0.0,6649.05,13.3433,27.9866,136.0972,-0.8678,45.6544,2.2316,85.84,0.1838,0.0155,13.9954,34.4657,,14006.6854
Czechia,2013,18.9336,109.5259,10.4169,-7.1271,14.9127,6.7416,133.9385,12.7387,50.2928,27.7106,5.09,4110.9917,74.9,11.7516,13.9,254.49,0.0,6856.17,14.0626,25.0958,136.16,0.2334,45.597,2.3476,93.01,0.1094,0.0187,12.5498,34.4987,21.9,7658.9912
Czechia,2014,18.3617,107.2328,10.1881,-7.087,14.647,7.1119,131.9397,12.5354,50.5305,30.2869,4.83,3984.1541,73.89,11.867,14.8,194.17,0.0,5812.35,15.5623,25.0912,136.3034,-0.1962,45.5322,2.3927,101.46,0.0966,0.0206,12.5475,34.5272,21.8,13942.7428
Czechia,2015,17.8128,108.2847,10.2678,-7.0206,14.6424,7.3742,133.5004,12.6588,52.2541,32.1173,4.59,3982.1884,75.01,12.7512,14.8,432.52,0.0,6083.82,15.406,24.3309,136.5893,-1.9117,45.2532,2.2589,97.07,0.0818,0.0286,12.1673,34.5602,21.7,8047.2074
Czechia,2016,16.9929,109.8082,10.3923,-6.1314,14.5714,6.8508,134.643,12.7426,53.5848,32.8779,4.43,3927.7252,75.96,12.7075,14.8,211.42,0.0,6394.56,14.8116,24.8601,136.8519,-0.1921,45.1755,2.1481,101.47,0.0898,0.0422,12.4319,34.5791,22.1,22813.3622
Czechia,2017,16.9433,110.375,10.4182,-4.5257,14.614,6.8904,135.4909,12.7889,50.456,37.288,4.39,4089.5134,74.63,12.4026,14.5,261.77,0.0,6485.07,14.0932,24.7871,137.2159,-0.581,45.6029,2.1055,94.94,0.1239,0.0681,12.3954,34.6025,22.2,26518.1156
Czechia,2018,17.3467,109.3389,10.2859,0.9615,14.4186,6.573,133.9835,12.6044,49.4906,37.0867,4.26,4081.4187,73.77,11.9061,14.7,391.78,0.0,5898.96,16.1882,24.1788,137.6755,-2.1456,45.6288,1.9686,92.9,0.1767,0.1182,12.0913,34.626,22.2,39194.8738
Czechia,2019,14.2337,103.3032,9.68,7.7278,14.495,6.3984,127.8582,11.9809,45.3254,41.0173,4.07,4002.2461,72.23,12.9178,15.9,356.25,0.0,5914.11,15.3443,22.9015,138.2268,-1.5681,45.64,1.8915,92.92,0.2238,0.1841,11.4525,34.6514,22.2,73288.6802
Czechia,2020,14.1111,94.3916,8.8234,11.2144,14.1118,5.9035,117.9742,11.0278,40.0937,38.7838,4.06,3764.581,69.59,14.3377,17.0,193.88,0.0,6046.17,14.5617,20.7725,138.5759,-0.8997,45.6469,1.944,96.91,0.2462,0.2224,10.3878,34.678,22.2,100267.3712
Germany,2012,13.9079,800.4648,9.9528,-25.111,74.9247,36.0899,924.727,11.4979,45.5366,63.4092,3.27,3913.4392,79.68,23.7361,13.6,180.5,0.0,6144.44,13.1866,46.1172,230.7506,-0.4612,47.8109,0.9111,96.12,0.0789,0.0,31.4459,32.7452,,26007.2481
Germany,2013,13.6634,818.2784,10.1466,-23.8585,73.557,36.757,941.9149,11.6797,46.8153,64.6342,3.32,3986.1851,80.23,24.757,13.6,218.66,0.0,6417.75,14.1868,34.7122,231.1557,-0.2185,47.8589,0.9269,97.08,0.0598,0.0,23.6692,32.719,38.9,15498.9546
Germany,2014,12.2822,779.2231,9.6221,-16.6766,72.2534,37.475,902.5303,11.1448,45.3819,64.0352,3.11,3794.4472,79.39,26.8209,14.0,178.83,0.0,5328.41,15.1878,42.9113,232.1081,-0.8022,47.9364,0.9154,102.97,0.0398,0.0,29.2599,32.7228,38.5,21169.1432
Germany,2015,12.8254,785.3872,9.6146,-18.8719,71.4958,36.6673,907.5201,11.1098,43.7615,64.4354,3.08,3780.8503,79.59,30.0329,14.6,298.52,0.0,5687.9,14.8117,40.8901,234.153,-1.3409,47.9591,0.7088,99.27,0.0273,0.0,27.8817,32.7323,38.5,12929.494
Germany,2016,11.7807,789.7138,9.5899,-21.3949,70.1028,35.9831,910.0183,11.0508,42.0011,66.3065,3.02,3765.218,80.3,30.0193,14.2,222.83,0.0,5917.32,14.5624,33.5019,235.7129,-0.7121,47.6843,0.7303,97.76,0.0185,0.0,22.8439,32.6855,38.8,26876.854
Germany,2017,11.8978,774.9482,9.3755,-18.3803,69.8031,34.8406,893.8904,10.8145,38.6743,66.6212,2.95,3763.194,80.28,34.0095,15.2,197.22,0.0,5838.42,14.1873,38.0324,236.5887,0.358,47.7631,0.8605,97.5,0.0236,0.0,25.9331,32.6845,38.8,32999.1381
Germany,2018,11.6526,747.2145,9.0128,-15.4648,67.3229,33.8305,861.8892,10.396,37.3124,66.2019,2.85,3659.2292,79.5,35.6372,16.0,400.93,0.0,5428.24,16.6872,36.8985,237.294,-2.2459,47.6415,0.7431,91.87,0.0279,0.0,25.1599,32.6836,38.8,52238.958
Germany,2019,10.6378,697.0085,8.3883,-14.5288,65.2815,33.6445,808.7897,9.7336,29.9558,69.924,2.76,3570.8816,78.08,40.5775,17.1,324.37,0.0,5507.27,15.5623,35.3517,237.823,-1.4329,47.7003,0.8337,94.41,0.0477,0.0,24.1052,32.6827,38.5,108232.9097
Germany,2020,10.2877,642.552,7.7266,-3.5107,63.2696,32.5778,749.7997,9.0163,24.9711,65.3858,2.69,3349.1901,76.68,44.8396,18.5,239.1,0.0,5368.72,15.8124,35.3517,238.0173,-1.5461,47.4971,0.7289,95.45,0.0397,0.0,24.1052,32.6827,38.8,186938.8613
Denmark,2012,10.8115,38.5921,6.9018,1.2083,9.1058,4.5059,53.0265,9.4833,34.329,-3.473,2.5,3072.0872,70.91,48.3304,26.9,27.3,0.0,6535.71,10.6877,19.6998,139.7893,0.3584,65.6,1.6176,98.74,1.2652,0.0063,12.1417,15.0442,,4451.9524
Denmark,2013,10.3963,40.3391,7.1843,0.8455,9.7258,4.4393,55.248,9.8395,41.1375,13.3346,2.49,3075.5514,72.31,45.9609,27.0,45.14,0.0,6487.93,11.8437,27.285,140.3733,-0.9572,65.7,1.2566,97.3,0.9549,0.0089,16.8167,15.2351,17.6,2015.3666
Denmark,2014,10.8105,36.2043,6.4152,1.5566,9.6903,4.5174,51.1021,9.0551,34.3773,13.4596,2.31,2881.226,68.35,55.8777,30.2,123.46,0.0,5478.51,13.719,26.7496,141.0869,-0.1013,66.3158,1.3534,99.93,0.7977,0.0106,16.4867,15.426,20.5,5320.7705
Denmark,2015,10.2267,34.0736,5.9952,0.5248,9.9891,4.5908,49.1553,8.6488,24.5646,14.4179,2.25,2848.2401,64.78,65.4356,32.5,27.48,0.0,5936.09,12.0938,21.9524,142.0871,0.8855,65.8475,0.9083,101.24,0.4393,0.011,13.53,15.617,20.5,2583.2304
Denmark,2016,9.2343,35.7064,6.2336,1.6054,10.235,4.6308,51.1088,8.9226,29.0294,14.9721,2.23,2891.3521,64.89,60.2201,32.0,63.82,0.0,6032.02,12.3436,23.9858,143.2002,-0.8799,65.6275,0.9288,98.83,0.2875,0.0083,14.7832,15.6165,17.9,4656.3405
Denmark,2017,10.0946,33.5724,5.8235,1.5552,10.3066,4.6318,48.9236,8.4863,20.0019,12.4699,2.18,2896.9104,62.0,70.266,35.0,4.22,0.0,6017.76,11.4687,24.2239,144.1245,2.0049,65.7825,1.2599,102.11,0.3958,0.0072,14.93,15.64,20.7,4360.354
Denmark,2018,10.3539,33.6544,5.8089,3.4565,10.5065,4.5368,49.1608,8.4853,21.6339,25.1567,2.13,2871.3191,61.92,68.3574,34.6,164.33,0.0,5800.29,13.9692,29.9031,144.8409,-2.1774,65.8125,0.997,92.87,0.477,0.008,18.4303,15.664,17.9,3161.6253
Denmark,2019,9.612,30.2022,5.1944,2.6265,10.7253,4.6211,45.8438,7.8845,11.2176,43.7533,2.03,2758.1536,58.52,78.1718,37.2,83.41,0.0,5738.86,12.5936,25.5704,145.3606,0.4938,65.6491,1.2412,100.59,0.3518,0.0063,15.7599,15.6875,17.7,9180.3336
Denmark,2020,9.0698,27.7967,4.7667,2.7732,10.7414,4.7437,43.5573,7.4694,10.6551,48.3256,1.99,2637.5222,55.01,81.6168,39.5,90.86,0.0,5513.46,13.0938,26.4043,145.7851,-1.1133,65.4997,1.3375,102.64,0.1136,0.0053,16.2738,15.711,17.9,3193.5935
Spain,2012,12.0395,287.3971,6.1445,-41.9571,45.8134,19.5407,367.7986,7.8635,18.8168,79.8546,3.13,2677.1804,74.83,30.4411,15.8,1080.64,0.0,3815.99,23.6257,50.1022,93.5068,-1.527,53.8614,2.3978,85.87,0.02,0.0,33.0486,37.0798,,80495.7722
Spain,2013,11.2506,260.5978,5.5917,-40.6879,44.1666,20.053,339.5662,7.2862,14.4704,76.657,2.96,2506.2554,72.37,40.4695,16.9,923.89,0.0,3884.83,21.8739,44.1036,93.1693,0.194,53.444,2.6095,104.22,0.0168,0.0,29.0917,37.0821,11.1,63956.0449
Spain,2014,10.5799,258.0155,5.5534,-42.5111,45.0884,19.7079,337.5087,7.2644,16.2494,80.0508,2.86,2458.5718,71.32,40.9223,17.3,872.21,0.0,3254.15,23.1255,44.7975,92.8825,-0.3693,53.1337,2.527,94.5,0.0138,0.0,29.5495,37.0844,10.1,74226.4322
Spain,2015,11.2555,275.0786,5.9256,-45.1206,46.6016,20.206,350.2353,7.5445,18.7518,80.0359,2.85,2552.4013,73.07,35.7116,16.3,1102.6,0.0,3389.57,23.624,42.9584,92.9076,-2.0952,53.1891,2.7233,99.39,0.0084,0.0,28.3363,37.1275,14.1,65413.6941
Spain,2016,10.3388,266.5311,5.737,-45.2066,46.2449,20.5979,341.6246,7.3534,13.6306,78.8825,2.78,2563.007,71.99,39.3498,16.7,1090.75,0.0,3547.61,23.124,42.5644,92.9974,-0.6359,52.5772,2.8152,106.12,0.0071,0.0,28.0764,37.1429,15.0,107562.1844
Spain,2017,10.4367,281.6954,6.0487,-46.0485,46.2337,20.9361,355.273,7.6286,16.8098,80.8546,2.84,2690.4973,74.17,32.8921,15.2,1191.92,0.01,3337.31,24.3751,41.0279,93.2269,-2.5057,52.6387,2.8034,101.65,0.0137,0.0,27.0629,37.1522,14.9,98458.6889
Spain,2018,10.1846,275.1301,5.8811,-46.4342,47.3669,21.0893,348.2492,7.4441,14.1067,81.0075,2.77,2666.2608,73.17,38.7587,16.9,977.65,0.0,3682.01,22.1243,40.0941,93.6383,0.9037,52.4082,2.7013,117.73,0.0172,0.0,26.4469,37.1566,15.0,119648.8391
Spain,2019,9.3535,257.7259,5.4697,-45.6112,46.873,20.6087,329.7538,6.9984,5.1168,82.9141,2.64,2573.9044,72.1,37.7725,16.7,1027.39,0.0,3473.53,23.8759,39.8289,94.3181,-1.6438,52.4585,2.5198,106.52,0.0098,0.0,26.272,37.1677,17.9,71021.8648
Spain,2020,9.5811,218.7442,4.6188,-44.4099,47.3668,20.6398,290.3876,6.1316,2.3347,73.4774,2.67,2303.5131,68.7,44.5277,19.3,1018.6,0.0,3407.66,22.8744,43.254,94.8029,-0.7235,52.3317,2.7847,117.43,0.0085,0.0,26.0971,37.1773,17.9,101988.1764
Estonia,2012,7.9901,20.5236,15.5165,-3.894,2.8592,0.7828,24.2431,18.3286,86.1202,22.4673,5.74,3984.0634,87.31,12.3417,25.0,57.72,0.0,8605.65,6.2191,17.6515,31.203,2.038,22.5501,3.2843,89.2,0.8242,0.0,12.8324,55.9098,,17685.1527
Estonia,2013,8.0812,22.9144,17.3858,-3.038,2.757,0.8297,26.6017,20.1834,88.693,15.8496,6.27,4435.5669,88.93,9.1973,24.5,117.84,0.0,7774.46,8.781,18.9177,30.3197,-0.7051,22.1992,3.0474,92.45,0.7317,0.0,13.753,54.9118,19.4,17088.7434
Estonia,2014,8.7077,21.9208,16.6756,-0.598,2.9037,0.8493,25.7781,19.6099,87.3534,12.4657,5.79,4226.2012,87.58,11.1825,25.3,218.88,0.0,7734.58,9.1568,18.6147,30.2403,-0.4325,22.4063,3.115,97.32,0.7859,0.0,13.5327,55.3028,19.4,23576.6088
Estonia,2015,7.185,19.991,15.1976,-1.124,2.9126,0.9045,23.9179,18.1829,82.7651,12.0087,4.97,3695.1192,81.45,15.4272,28.2,39.6,0.0,7193.32,9.7801,17.4821,30.2601,-0.9746,22.8433,2.8064,111.23,0.4655,0.0,12.7092,55.6938,19.4,25420.2907
Estonia,2016,6.8784,19.9798,15.1846,-0.4926,2.8419,0.8398,23.7812,18.0737,83.7209,8.5862,5.98,4579.4211,85.52,13.047,27.2,70.36,0.0,7883.36,8.6565,18.9545,30.2689,0.6924,23.0734,2.0716,91.45,0.3148,0.0,13.7797,55.6993,19.5,36334.8572
Estonia,2017,6.1549,21.2227,16.1097,-0.0736,2.9696,0.8718,25.1771,19.1114,83.8526,4.8111,5.49,4444.8467,84.87,14.1225,27.5,14.41,0.0,7869.96,8.5938,19.3171,30.816,1.727,22.9708,2.3389,99.56,0.5195,0.0,14.0433,57.0386,19.5,38856.6937
Estonia,2018,7.7967,22.3588,16.9132,1.9092,3.157,0.8772,26.4942,20.0413,81.988,1.4388,5.21,4359.953,81.91,16.0854,28.6,243.6,0.0,7617.02,9.9688,17.4084,30.9234,-1.7811,23.0409,2.0494,84.71,0.7988,0.0,12.6557,57.0386,19.5,40037.8772
Estonia,2019,6.8448,14.7078,11.0843,0.8033,3.0259,0.9434,18.7811,14.1541,70.151,5.1177,4.22,3661.4993,71.04,28.1355,31.3,103.04,0.0,7275.11,9.8443,10.8923,31.0385,0.2045,23.1205,2.2656,106.79,0.7336,0.0,7.9186,57.0386,19.7,45917.2458
Estonia,2020,6.1457,11.4808,8.6353,2.1616,1.9278,0.9619,14.5111,10.9145,49.1115,11.4424,3.92,3366.7462,62.75,48.8761,40.4,85.51,0.0,6717.25,10.0621,9.2311,31.0999,-0.1461,23.0409,1.9318,107.74,0.3748,0.0,6.7109,57.0386,20.1,36805.569
Finland,2012,6.2312,52.3201,9.6639,-29.8797,8.2208,5.5291,67.0904,12.3921,16.0074,47.4911,5.71,6265.7723,47.7,40.5621,38.7,14.61,0.0,10723.33,1.3122,9.4968,17.8156,2.1152,7.5195,2.1884,94.73,0.1695,0.0,3.7428,73.4108,,160310.4093
Finland,2013,5.8529,53.3272,9.8046,-23.0582,8.0861,5.5365,67.9657,12.4961,20.1678,50.0954,5.67,6138.3141,46.96,35.968,38.5,56.36,0.0,9637.64,4.3134,8.4861,17.8978,-0.5947,7.432,2.2118,99.5,0.1097,0.0,3.3445,73.5207,13.9,148660.9706
Finland,2014,6.1186,49.4374,9.052,-23.4978,7.9552,5.5683,63.9548,11.7101,17.3554,50.3063,5.81,6246.0415,46.23,38.5804,41.2,143.39,0.0,9613.09,4.4374,7.4755,17.972,-0.4294,7.4603,2.2176,101.04,0.089,0.0,2.9462,73.6306,14.2,186629.0141
Finland,2015,5.625,45.971,8.3896,-19.3864,7.838,5.4767,60.2223,10.9904,12.8092,48.5887,5.5,5921.5968,43.46,44.5012,43.2,6.19,0.0,9298.22,4.4383,6.4648,18.0301,1.2093,7.4805,2.0605,99.53,0.0503,0.0,2.5479,73.7356,14.2,172639.5803
Finland,2016,5.2781,48.8035,8.8809,-16.0538,7.7792,5.5402,63.0082,11.4658,15.2843,46.7409,5.54,6120.633,44.22,44.2315,42.4,22.77,0.0,9827.94,3.9376,5.4541,18.082,1.1139,7.4858,2.0898,99.43,0.0276,0.0,2.1495,73.7356,14.3,240428.4632
Finland,2017,5.1267,46.073,8.3644,-13.6732,7.614,5.4411,59.9537,10.8844,13.6457,45.3412,5.34,6070.1575,42.22,46.614,44.4,1.71,0.0,10127.52,2.1876,5.4541,18.1239,1.2527,7.4691,2.068,98.01,0.0795,0.0,2.1495,73.7332,14.1,336198.5406
Finland,2018,5.497,47.4348,8.6002,-4.4517,7.5392,5.565,61.3156,11.1169,14.3304,46.8807,5.37,6165.444,42.34,45.741,44.2,168.92,0.0,9799.61,3.9383,6.6398,18.148,-1.5896,7.4757,2.1142,92.96,0.0884,0.0,2.6168,73.7332,14.2,269954.6259
Finland,2019,5.3787,44.1406,7.9942,-9.3669,7.3975,5.5546,57.8329,10.4739,11.6038,44.5318,5.19,6024.6407,39.79,46.4434,45.4,59.43,0.0,10029.18,3.0628,7.1141,18.1674,1.0067,7.482,2.1898,102.16,0.0424,0.0,2.8037,73.7308,13.1,289910.434
Finland,2020,4.8952,39.4649,7.1371,-11.763,7.2574,5.2454,52.6471,9.5211,7.4783,43.9863,5.07,5739.073,39.27,51.8681,47.3,47.6,0.0,9001.12,4.8137,7.1141,18.1929,0.742,7.4686,2.2404,98.51,0.0242,0.0,2.8037,73.7284,13.0,254472.6003
France,2012,12.5586,366.1388,5.5765,-50.0566,77.6926,34.9389,495.4001,7.5452,4.2127,49.9667,3.83,3925.354,49.6,15.744,12.3,323.99,0.0,4928.8,16.3736,24.5671,119.9102,-0.168,52.6791,1.5259,97.79,0.0118,0.0,14.0315,30.2905,,67302.6687
France,2013,12.4583,360.9924,5.4698,-48.0854,77.3953,35.1636,490.0673,7.4255,4.5238,49.7682,3.82,3922.0301,49.18,17.959,13.4,343.07,0.0,5213.27,16.625,23.774,120.5316,0.5481,52.5492,1.3614,96.25,0.0093,0.0,13.5785,30.4429,23.5,30351.842
France,2014,10.6877,328.0879,4.9476,-43.3932,76.3861,35.2591,456.1684,6.8791,2.4157,47.9037,3.63,3752.4492,47.07,17.4358,13.2,254.23,0.0,4253.59,17.6249,23.8965,121.1053,0.0537,52.5361,1.4615,102.48,0.007,0.0,13.6485,30.5952,23.4,44359.1132
France,2015,11.3443,332.9749,5.0035,-39.2926,75.2961,35.6343,460.3796,6.918,2.5121,47.6222,3.65,3795.9499,47.41,16.7046,13.3,431.63,0.0,4537.35,17.8757,24.6135,121.5367,-1.6831,52.4638,1.5036,102.22,0.0039,0.0,14.058,30.7475,23.2,37292.5856
France,2016,10.5082,335.7678,5.0322,-32.369,75.2505,34.6997,461.9592,6.9234,2.1711,49.1842,3.54,3715.2335,48.52,18.4107,14.2,367.29,0.0,4833.43,17.3743,23.1428,121.8578,-0.7236,52.4475,1.338,95.29,0.003,0.0,13.218,30.8998,25.9,60768.5202
France,2017,10.4583,339.3458,5.0711,-21.1647,75.0135,35.1261,465.0188,6.9491,2.7045,50.7137,3.46,3700.9696,49.16,17.3981,14.1,439.05,0.0,4726.2,17.6254,23.5892,122.212,-1.3891,52.4101,1.435,101.33,0.004,0.0,13.473,31.0521,27.8,69249.0433
France,2018,10.4599,328.6302,4.8934,-22.2271,75.0889,34.2125,451.87,6.7284,1.8123,48.7972,3.37,3665.5357,47.31,20.4545,15.2,508.3,0.0,4383.58,18.8742,23.569,122.6509,-0.8703,52.3418,1.5311,97.17,0.0068,0.0,13.4615,31.2044,33.2,69201.6634
France,2019,9.8252,322.7523,4.7899,-18.5981,72.6202,34.129,441.6307,6.5541,1.0288,49.6128,3.26,3601.7657,47.74,20.6518,15.5,495.78,0.0,4549.42,18.3746,22.9468,123.0594,-1.0763,52.0838,1.4083,98.0,0.0054,0.0,13.106,31.3567,35.0,81304.4477
France,2020,9.6004,287.3243,4.2503,-24.4411,69.8218,30.3475,398.3513,5.8927,0.9287,45.7513,3.18,3224.4677,46.85,24.3856,16.8,456.99,0.0,4213.67,18.6246,21.5981,123.4595,-1.0459,52.0934,1.4604,93.7,0.0256,0.023,12.3358,31.509,36.2,77745.7371
United Kingdom,2012,11.4845,481.19,7.5527,-5.6557,52.3061,22.1968,568.7107,8.9264,39.5783,46.0056,2.98,3028.7722,85.46,12.1419,4.2,14.14,0.01,6156.21,11.0626,13.6692,263.3448,1.8232,71.0205,0.6284,90.81,0.7504,0.0,5.529,12.8029,,35664.4756
United Kingdom,2013,11.3936,470.1718,7.3305,-5.7118,50.1375,22.4075,556.2196,8.6721,36.7619,50.6083,2.88,2962.2976,84.28,15.669,5.2,36.81,0.0,6132.65,11.8128,13.0452,265.1139,-0.4544,71.3024,0.6333,92.79,0.6168,0.0,5.2766,12.8822,11.3,28589.5597
United Kingdom,2014,10.8076,430.4962,6.662,-6.0537,49.2092,22.7681,516.1183,7.987,30.0992,49.7432,2.63,2767.9619,82.96,19.9593,6.6,21.73,0.0,5373.73,12.5627,12.4211,267.1021,1.5361,71.2272,0.745,100.68,0.4915,0.0,5.0241,12.9616,19.7,30369.5673
United Kingdom,2015,10.4603,415.856,6.3891,-5.8731,48.8005,22.7225,501.0783,7.6985,22.7678,40.2776,2.59,2774.7968,80.84,25.471,7.7,15.87,0.0,5809.82,12.0622,13.913,269.0365,0.8806,70.8387,0.6312,101.35,0.303,0.0,5.6276,13.041,16.6,23996.8937
United Kingdom,2016,10.036,393.3439,5.9955,-5.8115,48.4743,22.6301,478.2401,7.2895,9.3211,37.9543,2.5,2696.98,79.95,25.4853,7.7,32.67,0.01,5781.24,12.062,14.3546,271.1817,0.0472,71.7149,0.5789,97.98,0.2476,0.0,5.8062,13.0575,23.3,28805.5286
United Kingdom,2017,10.3814,381.2854,5.78,-6.0555,49.1925,22.7999,467.0427,7.0801,6.9004,38.0305,2.41,2658.9958,79.08,30.1545,8.8,27.73,0.01,5568.89,11.9368,14.3546,272.6656,0.0508,72.1951,0.5941,102.21,0.3545,0.0,5.8062,13.0782,28.9,23044.909
United Kingdom,2018,10.2398,373.2205,5.6302,-5.5004,49.0324,22.5215,458.1399,6.9113,5.337,38.1672,2.34,2632.1507,78.28,33.7661,10.2,63.44,0.0,5677.62,13.3127,14.3546,274.0007,-0.8033,71.7185,0.5711,99.59,0.5615,0.0,5.8062,13.1154,28.8,26250.3207
United Kingdom,2019,9.9457,357.3326,5.3629,-5.2277,48.2818,22.2228,440.5967,6.6125,2.4562,36.5357,2.22,2515.9609,77.87,37.5205,11.4,38.79,0.0,5682.61,11.9373,14.3546,275.4144,0.7746,72.423,0.6047,104.43,,,5.8062,13.1526,29.0,28392.8829
United Kingdom,2020,9.9129,319.0147,4.7797,-5.734,47.0857,21.6242,399.6036,5.9871,2.0997,28.4865,2.28,2318.0953,76.21,43.8948,13.6,44.68,0.0,5569.09,12.938,14.3546,275.8815,1.1444,71.34,0.6711,98.14,,,5.8062,13.1856,40.3,22836.2702
Georgia,2012,23.0631,8.2713,2.2182,-4.7497,4.4991,1.5404,14.5997,3.9153,0.0,71.4211,3.68,993.8477,74.47,74.4766,28.7,441.16,0.01,6851.13,14.8739,5.5556,65.238,-1.0538,35.041,8.5657,91.62,0.7132,0.0442,2.9341,40.6159,,472.9989
Georgia,2013,22.2518,9.1459,2.4601,-4.834,4.6611,1.5928,15.5233,4.1755,0.0,67.8323,3.99,1118.8662,70.89,82.227,32.4,290.3,0.0,6944.31,14.8755,5.46,65.042,-0.0258,35.7764,9.2148,112.71,0.5377,0.066,2.8836,40.6159,6.1,252.2501
Georgia,2014,20.9792,9.8372,2.6448,-4.6086,4.7122,1.6225,16.3173,4.3871,0.0,71.019,4.08,1193.7819,72.52,80.3716,30.7,506.54,0.0,6585.33,15.8759,5.3644,65.0725,-0.9193,34.7676,9.2042,100.2,0.3334,0.0621,2.8331,40.6159,6.4,113.741
Georgia,2015,20.3305,10.6455,2.8576,-4.6168,4.2401,1.5214,16.5705,4.4481,0.0,73.8338,4.18,1259.16,75.55,78.0371,27.5,552.36,0.01,6654.19,15.8732,5.2688,65.1751,-0.0855,34.7978,8.5421,102.1,0.3843,0.0803,2.7826,40.6159,6.4,42.8506
Georgia,2016,19.314,11.0236,2.9574,-4.7966,4.27,1.5177,16.9928,4.5588,0.1382,73.0986,4.2,1300.4989,75.19,80.6874,27.2,432.54,0.0,7015.04,14.8746,5.1731,65.2141,1.4155,34.451,8.0033,97.7,0.4517,0.0649,2.7321,40.6159,6.4,523.422
Georgia,2017,18.5343,11.169,2.996,-4.9238,4.2109,1.4914,17.0816,4.582,0.2081,74.4072,4.04,1312.7861,74.39,80.6424,27.5,524.19,0.0,6945.4,15.6196,4.4773,65.2228,-0.9648,34.3186,6.9186,89.17,0.3677,0.0792,2.3646,40.6159,6.4,207.8982
Georgia,2018,18.4542,11.1345,2.9879,-4.9238,4.0992,1.4996,16.9599,4.5511,0.0905,77.3334,3.82,1301.8773,74.57,82.606,27.4,494.89,0.0,6110.96,16.1221,4.2056,65.1973,-0.7796,34.1661,7.5616,104.3,0.3533,0.0719,2.2211,40.6159,6.4,300.0492
Georgia,2019,17.6183,11.9198,3.2041,-4.9238,4.0292,1.4935,17.6904,4.7553,0.0,80.7224,3.83,1371.1793,77.24,76.0791,24.7,441.87,0.0,6493.34,15.8706,5.121,65.0856,-1.8982,34.143,7.3355,105.76,0.4895,0.075,2.7045,40.6159,7.2,166.1863
Georgia,2020,17.0438,11.5463,3.1016,-4.9238,4.0254,1.5038,17.3462,4.6596,0.0,80.6317,3.98,1327.3864,77.97,74.7827,23.4,460.2,0.0,6612.18,15.6243,5.3867,65.1303,-1.6079,34.2193,8.3165,116.34,0.7145,0.0767,2.8449,40.6159,7.2,222.1538
Greece,2012,18.8095,81.5462,7.3831,-3.6081,13.5465,3.8959,103.818,9.3995,51.0491,73.0863,3.57,2408.7558,89.94,16.9602,14.2,1488.67,0.01,3416.27,22.4362,20.0991,85.6867,-0.8739,56.5012,3.4191,103.29,0.1014,0.0107,17.1293,30.27,,13242.1437
Greece,2013,17.9601,73.8659,6.7364,-2.0549,12.9828,3.8952,96.0661,8.761,46.2031,69.139,3.22,2133.1284,87.79,25.1734,16.6,1249.24,0.0,3030.28,22.1882,20.0789,85.0676,-1.0485,55.4926,3.3515,93.64,0.0708,0.0126,17.1121,30.27,8.6,5906.556
Greece,2014,16.8699,71.0042,6.5187,-0.6318,12.8818,3.8582,93.2195,8.5582,51.0084,72.9934,3.17,2128.7923,85.85,24.3841,16.4,1112.37,0.0,2959.26,21.8124,20.0607,84.5028,1.7323,48.1071,3.5335,97.19,0.0615,0.0127,17.0966,30.27,8.6,3803.2117
Greece,2015,17.2372,69.4476,6.4179,-4.2789,12.6442,3.8397,91.5033,8.4562,42.6167,79.0744,3.19,2148.0471,83.86,28.7273,17.5,1218.22,0.0,3258.46,21.5626,20.0445,83.9479,-0.0315,48.0915,3.8215,103.65,0.037,0.0124,17.0828,30.27,8.6,3840.1217
Greece,2016,15.775,68.156,6.3248,-4.1224,12.3449,3.7999,90.0981,8.361,34.6872,81.383,3.13,2109.4166,84.54,27.3987,16.4,1240.56,0.0,3095.69,21.9366,20.5058,83.5995,-0.8888,47.6028,3.4581,99.16,0.0518,0.0125,17.4759,30.27,8.6,6034.1999
Greece,2017,15.6724,68.3789,6.3581,-4.1451,12.5185,3.7828,90.4414,8.4095,33.954,81.8523,3.15,2148.0516,86.34,25.1118,16.4,1242.97,0.0,3290.42,22.063,20.5017,83.4343,-0.7163,46.9631,3.7523,99.76,0.0592,0.0142,17.4724,30.27,8.6,8909.1977
Greece,2018,15.584,66.5823,6.2036,-4.9811,12.1378,3.6478,87.8873,8.1886,32.265,82.0229,3.01,2089.3604,84.9,30.3497,17.9,1234.39,0.0,2889.65,21.9377,20.4774,83.2652,-0.3455,46.1109,3.5257,98.37,0.0759,0.0132,17.4517,30.27,11.0,7122.6687
Greece,2019,14.9419,61.6191,5.7472,-5.506,11.8453,3.6146,82.1539,7.6625,24.9311,87.499,2.91,2058.5434,83.16,33.2085,18.5,1317.47,0.0,3006.17,22.063,20.4633,83.1775,0.431,45.4893,3.6615,100.63,0.0501,0.0096,17.4397,30.27,11.0,7604.9472
Greece,2020,14.4089,52.3729,4.8953,-5.451,11.0144,3.5233,71.7053,6.7023,13.6888,91.163,2.85,1840.4839,81.17,36.5812,20.1,1261.32,0.0,3071.31,22.186,20.4774,82.9992,-1.3513,43.6358,3.9238,101.91,0.0275,0.0091,17.4517,30.27,11.0,5427.8254
Croatia,2012,20.9195,18.7854,4.4093,-5.3609,3.765,2.3484,25.5022,5.9859,20.8089,50.6393,3.5,2020.4842,72.18,50.431,29.4,981.11,0.0,4659.95,17.687,1.4512,76.1269,-1.3589,23.7831,3.2837,89.06,1.0874,0.2643,1.7314,34.3221,,5004.4285
Croatia,2013,20.264,18.3791,4.3409,-6.2649,3.7989,2.349,25.1879,5.9491,17.2289,48.2824,3.44,1990.5414,71.24,66.7575,32.8,704.13,0.0,4593.07,17.3436,1.3982,75.6544,0.5976,28.0055,3.4373,96.39,0.9029,0.2488,1.6682,34.3292,8.0,2997.7527
Croatia,2014,19.8289,17.6748,4.2067,-6.1215,3.8319,2.2433,24.4968,5.8304,17.4709,45.0191,3.29,1909.8358,70.65,74.1793,33.6,494.11,0.0,3891.98,18.0927,1.2893,75.0768,1.8037,26.9548,2.9385,94.25,0.6931,0.2092,1.5382,34.3364,23.7,4559.4857
Croatia,2015,20.1719,18.022,4.3408,-5.8387,4.0618,2.345,25.2583,6.0838,20.2578,49.6289,3.35,2018.5426,69.54,67.306,33.1,903.8,0.01,4461.1,18.0315,1.3803,74.1856,-0.7807,27.4677,2.9635,96.59,0.5687,0.2087,1.6468,34.3435,23.7,2669.0481
Croatia,2016,18.1778,18.2726,4.4493,-5.8403,4.1393,2.4412,25.8152,6.2859,20.2496,49.3077,3.26,2057.1887,70.55,66.8353,31.8,692.94,0.0,4523.36,17.2189,1.4153,73.3841,0.166,27.6249,3.0596,109.16,0.4194,0.191,1.6886,34.3814,23.5,5372.9631
Croatia,2017,18.7614,18.7954,4.6507,-5.1334,4.1427,2.4015,26.4474,6.5441,11.4078,54.2576,3.26,2159.9695,71.32,61.0532,29.8,866.58,0.0,4614.77,17.9363,1.5028,72.2144,-1.1721,26.7493,2.89,93.43,0.5217,0.2254,1.793,34.5152,23.6,5846.6453
Croatia,2018,20.0014,17.7644,4.4536,-5.623,3.951,2.4248,25.3798,6.3628,10.6522,54.123,3.08,2127.6388,68.76,72.374,32.8,858.62,0.0,4225.78,17.9069,1.4867,71.2739,-0.7839,26.517,2.9509,102.04,0.5981,0.1982,1.7738,34.5599,23.6,8285.3402
Croatia,2019,15.9149,17.9637,4.5485,-5.8576,3.8954,2.4255,25.6433,6.493,12.8448,57.7963,3.01,2173.1984,68.82,66.2484,31.6,847.82,0.0,4153.09,18.2185,1.494,70.5702,0.2339,26.8744,2.8568,99.35,0.4629,0.18,1.7825,34.6046,23.6,5977.6268
Croatia,2020,16.1209,17.246,4.406,-5.8406,3.7775,2.5459,25.04,6.3972,9.0773,54.1708,3.16,2104.8453,68.25,64.9877,32.4,691.57,0.0,4244.77,18.1568,1.4629,69.9465,-0.6525,26.8942,3.1284,108.55,0.3057,0.1746,1.7454,34.6517,23.9,6051.7226
Hungary,2012,18.932,47.6437,4.8026,-4.8572,10.242,3.8924,63.1968,6.3704,18.744,50.1849,4.15,2490.1858,68.2,7.6392,16.5,955.37,0.0,5189.72,19.406,8.7237,109.5809,-1.7249,58.9639,3.8885,79.07,0.4394,0.0,84.1833,22.6683,,11919.6393
Hungary,2013,17.853,44.788,4.5365,-4.1177,10.1556,4.0785,60.5515,6.1332,21.0735,50.0908,3.94,2420.1695,65.44,9.2007,17.2,708.5,0.0,5119.29,18.6562,9.0674,109.0548,-0.4014,58.0691,3.9225,88.31,0.3519,0.0,87.5,22.7002,23.2,8947.1385
Hungary,2014,17.9398,44.8223,4.5583,-5.1584,9.8102,4.2496,60.6427,6.1672,20.7938,59.7317,3.77,2423.515,65.35,10.7167,15.7,533.33,0.0,4379.24,19.0926,6.7755,107.7475,0.7024,57.6813,3.9453,100.22,0.271,0.0,65.3833,22.5502,22.6,15135.4187
Hungary,2015,17.9803,47.535,4.8516,-5.7472,9.7171,4.2073,63.4083,6.4717,19.4598,53.8369,3.85,2571.1509,66.2,10.6358,15.6,893.34,0.0,4918.5,19.7815,6.9603,107.3609,-1.258,57.6813,3.7614,95.39,0.1682,0.0,67.1667,22.5819,22.6,10717.8161
Hungary,2016,16.2389,48.2664,4.9455,-4.6014,9.5526,4.3772,64.0744,6.5652,18.049,55.8033,3.81,2613.0935,66.61,10.2126,15.3,657.3,0.0,5124.02,18.4064,6.8377,106.9445,0.4287,57.8786,3.8677,104.39,0.1185,0.0,65.9833,22.559,22.6,14018.7685
Hungary,2017,17.0237,51.1629,5.26,-5.4233,9.75,4.4742,67.2143,6.9102,15.4884,62.7321,3.81,2737.4533,68.02,10.5727,14.6,774.66,0.0,5195.74,18.3432,8.1805,106.5829,-1.1074,58.1087,3.7489,98.88,0.1546,0.0,78.942,22.543,22.6,14115.9745
Hungary,2018,17.5019,50.9078,5.2445,-4.8524,9.8426,4.6129,67.2055,6.9234,15.0747,58.3634,3.61,2738.8273,68.38,11.7442,13.6,899.18,0.0,4702.17,19.2186,8.4948,106.366,-1.3093,58.032,3.4716,98.34,0.2284,0.0,81.9744,22.5282,22.6,13808.8318
Hungary,2019,14.6412,50.7755,5.2374,-5.4402,9.9723,4.6017,67.224,6.934,12.2015,69.8127,3.46,2749.2413,68.28,13.6771,13.6,805.37,0.0,4537.77,19.0925,7.7082,106.233,-1.0844,57.8348,3.3251,97.08,0.2013,0.0,74.3846,22.5123,22.6,14401.0124
Hungary,2020,14.1365,49.0037,5.0674,-7.1519,10.209,4.7254,65.8413,6.8085,10.9533,56.4069,3.56,2713.1792,67.86,15.8288,14.8,642.82,0.0,4826.42,18.8437,8.0701,105.9656,-0.6095,53.8754,3.3625,93.68,0.113,0.0,77.8767,22.4963,22.6,12016.304
Ireland,2012,9.5889,37.5963,8.1739,4.5631,17.83,7.208,63.725,13.8547,27.2784,89.7613,2.22,2857.6763,93.27,19.9892,6.9,1.93,0.0,5702.51,10.844,4.7177,66.7663,0.8308,65.8006,0.9848,85.76,0.04,0.0,2.0007,10.6561,,5829.0577
Ireland,2013,9.1941,36.331,7.8574,5.2413,18.1463,7.2787,62.876,13.5983,25.3241,94.6483,2.19,2801.153,91.34,23.0414,7.7,33.17,0.0,5692.82,12.0312,5.0759,67.1188,-0.2911,64.9877,1.0683,89.99,0.0142,0.0,2.1526,10.7556,3.3,4778.0833
Ireland,2014,8.8447,36.1403,7.7592,4.7537,18.3751,7.3097,63.0042,13.5268,24.7345,91.3317,1.97,2725.0361,90.29,25.5734,8.8,8.21,0.0,5343.97,11.9062,5.4342,67.6113,1.2759,64.828,1.216,96.22,0.0153,0.0,2.3045,10.8552,3.4,5719.0629
Ireland,2015,8.8116,37.645,8.0062,5.258,18.7819,7.399,64.9944,13.8228,26.0383,95.2986,1.65,2823.995,90.68,28.7078,9.5,0.98,0.0,5748.47,11.4685,5.7924,68.2531,1.5562,64.3054,0.8679,100.61,0.0033,0.0,2.4565,10.9547,4.0,4484.2146
Ireland,2016,8.1102,39.5221,8.2982,4.0762,19.8346,7.6548,68.2393,14.3278,22.9852,74.2719,1.7,2930.4737,92.06,25.5821,8.6,5.9,0.0,5571.78,11.8441,6.1507,69.1352,-0.3463,64.7554,0.925,103.17,0.059,0.0,2.6084,11.0662,4.0,9390.4179
Ireland,2017,8.3843,38.2914,7.932,6.1375,20.0081,7.8373,67.3028,13.9417,18.8119,71.4598,1.51,2852.6565,90.16,29.4297,10.1,3.08,0.0,5343.74,11.7188,6.5089,70.0747,0.2052,65.1619,1.1192,110.85,0.1172,0.0,2.7603,11.1775,4.0,6125.4823
Ireland,2018,8.2986,37.1697,7.5887,5.2248,17.9578,7.469,63.4647,12.9572,13.625,73.3947,1.41,2817.8179,88.55,33.5381,10.8,26.73,0.0,5479.64,12.4677,20.0421,71.0992,0.1656,65.5538,0.8305,110.61,0.1322,0.0,2.9122,11.2356,4.0,8381.4871
Ireland,2019,7.8924,35.4192,7.1174,5.6389,17.876,7.2953,61.4489,12.3479,7.8566,75.4913,1.33,2744.8347,86.87,38.9135,12.3,5.36,0.0,5426.68,11.656,21.6011,72.2377,0.8769,65.6699,0.8833,114.89,0.064,0.0,3.1388,11.2937,4.0,10354.2201
Ireland,2020,8.1706,33.5017,6.6475,6.0061,17.8587,7.1882,59.2585,11.7582,4.9307,74.2532,1.21,2630.3182,85.91,42.6417,13.7,1.74,0.0,5478.76,11.4051,21.6854,73.1564,1.4113,65.4957,0.9396,116.55,0.0308,0.0,3.151,11.3517,4.0,6212.8905
Iceland,2012,6.1102,3.6459,11.368,5.793,0.5657,0.3259,4.8292,15.0576,0.0,,15.11,17633.6483,10.33,99.9862,77.7,0.08,0.0,10621.45,2.5606,0.3995,3.1992,0.3651,18.6753,6.5888,93.72,0.0004,0.0004,0.1729,0.4595,,
Iceland,2013,5.9646,3.7114,11.4633,5.7815,0.5573,0.2977,4.8699,15.0415,0.0,,15.07,18212.7336,10.38,99.9742,76.8,0.0,0.0,10847.04,0.8115,0.3956,3.2296,0.9224,18.6753,5.8433,92.91,0.0004,0.0004,0.1712,0.4665,2.7,
Iceland,2014,5.7871,3.4646,10.5826,5.763,0.5775,0.3078,4.6175,14.1041,0.0,,14.77,17947.0382,10.91,99.9873,77.6,0.0,0.0,10053.47,1.3124,0.3742,3.2657,1.4038,18.6753,5.2672,95.52,0.0004,0.0004,0.162,0.4734,2.3,
Iceland,2015,5.7333,3.6299,10.9726,5.7414,0.6042,0.3082,4.8322,14.607,0.0,,13.47,16910.7212,11.67,99.9874,78.0,0.0,0.0,11046.65,0.3121,0.3798,3.2999,1.4606,18.6733,5.2909,100.06,0.0003,0.0003,0.1644,0.4804,2.3,
Iceland,2016,5.2772,3.1796,9.4789,5.7145,0.6279,0.2973,4.3791,13.0548,0.0,,11.93,15701.473,12.5,99.9936,80.9,0.0,0.0,10152.03,2.6869,0.3533,3.346,1.3284,18.6733,4.5747,104.42,0.0003,0.0003,0.1529,0.4854,2.4,
Iceland,2017,5.84,3.3307,9.6992,5.6764,0.6605,0.303,4.5686,13.304,0.0,,12.12,16234.983,11.73,,80.8,0.0,0.0,10243.6,2.4375,0.3941,3.4254,1.1004,18.6733,3.778,107.98,0.0002,0.0002,0.1706,0.4926,2.5,
Iceland,2018,5.5592,3.3139,9.3952,5.652,0.6639,0.3002,4.5661,12.9454,0.0,,12.68,17346.7503,11.3,,81.4,0.0,0.0,10579.78,1.4371,0.3941,3.4982,2.1277,18.5659,3.9051,108.05,0.0002,0.0002,0.1706,0.4963,2.5,
Iceland,2019,5.4816,3.1747,8.8048,5.6555,0.6335,0.2946,4.4023,12.2095,0.0,,12.25,16700.592,11.2,,81.7,0.0,0.0,10629.63,2.6876,0.3941,3.5759,0.2522,18.5659,4.3615,107.08,0.0001,0.0001,0.1706,0.5027,2.7,
Iceland,2020,5.1055,3.029,8.2655,5.6662,0.582,0.2893,4.1989,11.4579,0.0,,12.92,16083.61,10.34,,82.9,0.0,0.0,10985.05,1.0618,0.3941,3.6345,0.9651,18.5659,4.6472,103.55,0.0001,0.0001,0.1706,0.5093,2.8,
Italy,2012,18.7657,394.8573,6.56,-26.7396,49.4704,15.1315,475.1409,7.8939,18.0802,81.839,2.72,2680.4621,82.2,31.4795,14.4,1041.15,0.0,4276.49,20.6264,29.8846,203.5427,-1.4194,46.426,1.9089,103.35,0.1283,0.0,18.5841,30.8931,,21486.6303
Italy,2013,18.0541,362.0994,6.0038,-41.7061,48.4039,14.98,441.9366,7.3276,16.7329,79.2945,2.67,2576.4562,79.97,39.3087,16.3,787.53,0.0,4222.61,19.8773,29.9441,203.9498,-0.0853,46.0912,2.0578,101.77,0.1161,0.0,18.6211,31.0751,11.2,15522.5461
Italy,2014,16.8937,343.3523,5.6921,-42.5423,46.3145,14.8793,421.6284,6.9898,16.626,78.388,2.52,2433.1515,78.59,43.7427,17.1,694.73,0.0,3718.96,20.1264,29.9338,203.9805,0.5627,44.5086,1.9085,95.58,0.0999,0.0,18.6147,31.257,11.3,19831.9102
Italy,2015,17.76,354.0205,5.8778,-44.5514,45.1749,14.9362,429.8043,7.1361,16.0386,79.588,2.6,2533.0235,79.41,38.994,16.6,997.46,0.09,3994.31,20.6256,29.9234,203.6724,-1.8669,43.7748,1.9915,102.55,0.0567,0.0,18.6083,31.439,11.3,14124.3052
Italy,2016,15.7011,349.4471,5.813,-43.8876,44.1091,14.9386,424.7336,7.0653,13.2531,80.4851,2.54,2511.4635,79.87,37.9133,16.1,800.63,0.0,3958.85,20.1276,29.8426,203.2856,-1.2237,43.3251,1.8492,101.88,0.0271,0.0,18.558,31.621,13.3,24717.6486
Italy,2017,15.966,345.934,5.7654,-25.4849,45.3425,14.7682,422.5309,7.0419,11.8636,81.178,2.54,2557.3254,80.09,35.7423,16.4,999.96,0.01,4161.73,21.1259,29.7618,202.9036,-2.2057,43.3743,1.8934,97.96,0.0405,0.0,18.5078,31.8029,13.3,34091.5157
Italy,2018,16.3354,340.6089,5.6628,-45.7408,44.9259,14.9086,417.4479,6.9403,10.6849,80.9707,2.47,2503.3499,79.02,40.0899,17.1,917.48,0.0,3857.79,20.1259,29.681,203.3987,-1.3137,41.9487,1.8576,99.17,0.0688,0.0,18.4575,31.9849,13.4,38839.6198
Italy,2019,14.8937,332.4877,5.5666,-42.4732,44.2971,14.5728,408.4362,6.8381,7.2322,82.228,2.43,2494.0266,78.87,40.0522,17.3,1003.52,0.04,4016.81,20.6274,29.822,201.9805,-0.2091,44.37,1.8187,98.46,0.0581,0.0051,18.5452,32.167,13.3,59702.1465
Italy,2020,14.6586,295.8747,4.9778,-33.3811,43.2032,14.4185,369.4589,6.2158,5.362,76.8695,2.47,2313.1001,77.58,42.3735,18.7,879.67,0.0,3928.52,20.8754,29.6458,200.9991,-1.3144,42.3323,1.928,99.92,0.0452,0.0098,18.4356,32.3489,14.0,28245.3568
Kazakhstan,2012,27.2032,267.2796,15.4442,34.4737,55.1326,12.544,336.6096,19.4503,74.7934,-119.0755,8.07,4270.2434,98.88,8.1915,1.3,1247.62,0.01,8907.28,16.2568,29.6671,6.4104,-1.899,80.3838,4.2883,80.94,11.1328,0.0,33.2401,1.1752,,3741.5143
Kazakhstan,2013,25.8444,286.1996,16.3016,19.1269,55.185,12.5615,355.5392,20.2511,75.1952,-104.744,8.41,4645.7804,99.19,7.5048,1.2,913.17,0.01,7570.55,17.6247,31.2483,6.5031,-0.3658,80.3771,4.5035,92.81,9.2407,0.0,35.0117,1.192,3.2,2863.6389
Kazakhstan,2014,23.8358,232.2971,13.0385,19.2577,55.5494,12.7466,302.4428,16.9756,70.9306,-146.0428,6.44,3670.9957,99.0,8.7306,1.3,1088.91,0.01,8981.47,15.8749,32.0111,6.5994,-1.2926,80.305,4.3296,94.49,8.7626,0.0,35.8664,1.2087,3.2,595.7158
Kazakhstan,2015,22.559,205.3863,11.3572,20.7102,50.4974,12.85,270.5681,14.9616,69.0864,-163.2414,5.36,3052.9184,98.45,10.3259,1.7,1119.08,0.2,8004.46,16.3757,30.0416,6.6986,-0.3222,80.1051,4.7105,99.14,4.3891,0.0,33.6597,1.2255,3.2,181.1623
Kazakhstan,2016,22.7638,215.7308,11.7477,19.027,52.0509,13.1785,282.9632,15.4089,64.6563,-138.72,6.21,3389.1324,98.45,12.7041,2.1,980.29,0.01,7972.18,15.8743,30.0,6.8021,0.7324,80.0986,4.556,106.36,5.5288,0.0,33.6131,1.2363,3.2,1288.5506
Kazakhstan,2017,21.0166,227.6838,12.207,24.7711,55.9524,13.763,299.6237,16.064,66.8088,-159.1837,6.08,3404.1838,98.92,11.3314,2.0,1118.49,0.12,8170.22,15.6249,31.1373,6.9089,-1.3407,80.088,4.517,111.69,7.4953,0.0,34.8873,1.2472,3.2,975.177
Kazakhstan,2018,20.5939,228.893,12.0898,20.564,58.1477,13.8842,303.2806,16.0189,69.5448,-138.0528,6.65,3814.1387,99.0,10.245,1.9,980.25,0.17,8849.02,15.1234,32.6519,7.0129,-0.7696,80.0223,4.3959,115.34,11.4269,0.0,36.5843,1.258,3.2,1138.8878
Kazakhstan,2019,20.857,216.9354,11.2931,14.2523,58.0861,13.7555,291.283,15.1634,69.0382,-129.4511,6.27,3753.1579,98.59,10.5762,1.9,1049.13,0.14,7956.67,16.3738,32.6158,7.1154,-1.4984,79.2585,4.4663,111.69,9.7302,0.0,36.5439,1.2688,3.2,1281.7256
Kazakhstan,2020,20.0279,224.7304,11.5352,7.9878,58.3836,14.5934,300.4421,15.4214,67.2838,-140.2484,5.83,3388.3879,98.43,10.9315,1.8,1078.53,0.01,7925.19,17.1244,34.0985,7.2164,-2.0546,79.3233,5.3913,118.33,6.856,0.0,38.2051,1.2797,11.7,1853.2677
Lithuania,2012,12.3731,14.4883,4.847,-10.3186,4.605,4.5222,23.936,8.0077,0.0,80.0964,3.78,2468.1646,73.35,33.6506,23.9,141.81,0.0,7751.89,9.5308,3.8702,47.6934,1.1057,45.3489,4.0001,91.86,0.0762,0.0,3.4722,34.7321,,17602.9006
Lithuania,2013,12.4132,13.3614,4.5121,-9.7114,4.4703,4.2008,22.4148,7.5694,0.0,78.012,3.44,2352.9134,70.61,43.5531,26.3,175.74,0.0,7314.92,10.0935,3.2242,47.2477,-0.2197,46.1332,3.5344,87.76,0.0552,0.0,2.8926,34.7858,16.4,13922.7766
Lithuania,2014,12.7577,13.2087,4.497,-8.9204,4.3928,4.4583,22.4954,7.6587,0.0455,76.5302,3.33,2376.2754,68.35,50.0341,27.7,248.15,0.0,7092.33,11.4064,2.5782,46.8835,-0.7296,47.1253,3.4402,95.06,0.0453,0.0,2.3131,34.854,16.4,15972.1884
Lithuania,2015,11.3029,13.6576,4.6915,-8.0854,4.4322,4.6495,23.2804,7.9971,0.0,77.6835,3.3,2420.6056,67.49,47.6992,29.0,148.15,0.0,6724.32,12.2183,2.7527,46.4662,-1.658,47.9792,3.4367,105.97,0.0204,0.0,2.4696,34.9082,16.9,15794.3394
Lithuania,2016,10.2329,13.5165,4.6976,-7.2761,3.9741,4.5103,22.7086,7.8923,0.0,78.0349,3.29,2504.9838,66.0,62.9395,31.5,167.13,0.0,7238.94,11.344,2.2199,45.9328,0.4289,47.1553,3.1206,98.97,0.0123,0.0,1.9916,34.9606,17.3,25531.6871
Lithuania,2017,9.7999,13.9609,4.9112,-6.6934,3.8432,4.5675,23.0753,8.1176,0.0,75.1292,3.3,2653.3998,65.08,74.4411,33.8,61.7,0.0,7151.46,11.2183,1.8673,45.3798,1.5615,46.8591,3.5493,100.73,0.0148,0.0,1.6753,35.0569,17.7,25803.6042
Lithuania,2018,11.0839,14.0159,4.9716,-5.7345,3.7253,4.5064,22.7974,8.0865,0.0,77.7376,3.22,2711.1619,64.71,77.8468,33.7,291.49,0.0,6975.86,13.7811,1.8341,45.0136,-1.8865,47.0541,2.8869,83.76,0.0159,0.0,1.6455,35.095,17.8,19749.8444
Lithuania,2019,10.2465,14.2939,5.0848,-6.0351,3.6342,4.5226,23.003,8.1829,0.0,79.0929,3.06,2707.6076,64.97,77.3458,33.5,227.59,0.0,6476.98,13.218,1.8341,44.8912,-1.4926,47.5088,3.124,94.43,0.0083,0.0,1.6455,35.1325,17.8,24565.2046
Lithuania,2020,9.2189,14.2512,5.0709,-6.771,3.4042,4.4872,22.6807,8.0704,0.0,77.8638,3.0,2654.5298,65.7,60.8066,31.7,187.82,0.0,6248.4,12.2815,1.8341,44.8797,-1.1067,46.9946,3.5324,107.57,0.0041,0.0,1.6455,35.1485,17.8,22970.5278
Luxembourg,2012,11.3765,10.8676,20.4684,-0.3859,0.6137,0.2608,11.8013,22.2269,0.0,106.3583,2.87,7723.7843,87.23,35.88,4.2,106.02,0.0,6127.33,13.4102,3.6982,206.2359,0.3102,51.0476,0.288,89.21,0.0551,0.0164,4.46,34.4538,,444.2895
Luxembourg,2013,11.7081,10.3234,18.9992,-0.5228,0.6225,0.2628,11.2696,20.7406,0.0,106.2291,2.7,7320.7217,84.59,48.7757,5.7,170.27,0.0,6535.79,14.3897,3.5738,211.0579,0.0318,50.8378,0.2619,91.92,0.0332,0.0123,4.31,34.4538,37.3,347.8876
Luxembourg,2014,9.9978,9.8198,17.6514,-0.4315,0.628,0.2609,10.7753,19.3689,0.0,106.8875,2.53,6878.6815,83.24,49.1977,6.8,111.31,0.0,5309.67,15.6688,3.8143,216.0915,-0.5458,50.8806,0.2896,96.69,0.0295,0.015,4.6,34.4538,34.9,429.601
Luxembourg,2015,10.3915,9.3093,16.3435,-0.3782,0.6096,0.2547,10.2422,17.9813,0.0,107.7451,2.41,6548.7596,80.64,67.3232,9.1,263.11,0.0,5791.16,16.2828,3.7148,221.2518,-1.1447,50.9893,0.2237,102.08,0.0177,0.0177,4.48,34.4538,32.5,327.4653
Luxembourg,2016,9.6132,9.0413,15.5345,-0.4768,0.6328,0.2531,9.9938,17.1711,0.0,109.5551,2.27,6342.6834,78.45,85.1138,13.5,156.5,0.0,6069.17,14.5943,3.6816,226.0723,0.1485,50.7489,0.2142,101.23,0.0141,0.0141,4.44,34.4538,42.0,520.7798
Luxembourg,2017,9.6085,9.1882,15.4078,-0.3879,0.6378,0.2547,10.1468,17.0152,0.0,110.1727,2.29,6313.3537,77.92,86.6532,15.3,204.08,0.0,5853.09,15.7161,3.7811,231.6354,-0.5785,50.9458,0.2346,104.67,0.0126,0.0126,4.56,34.4538,40.9,412.7166
Luxembourg,2018,9.2918,9.4688,15.575,-0.2497,0.6298,0.2542,10.4126,17.1274,0.0,110.1883,2.34,6414.6005,77.94,87.6417,16.0,310.9,0.0,5433.81,16.9092,4.3284,236.1466,-1.6019,51.1016,0.2337,111.03,0.0175,0.0175,5.22,34.4538,40.9,457.7823
Luxembourg,2019,8.4591,9.6186,15.5138,-0.3721,0.6297,0.2552,10.5605,17.033,0.0,109.5108,2.31,6377.0981,78.18,85.9067,16.4,247.05,0.0,5655.2,16.0767,4.0879,240.8276,-1.0007,51.1107,0.2148,110.4,0.0124,0.0124,4.93,34.4538,51.2,509.1977
Luxembourg,2020,8.6748,7.9459,12.6042,-0.4562,0.5994,0.2369,8.8364,14.0167,0.0,107.1695,2.02,5436.1188,73.45,88.5748,20.8,241.04,0.0,5262.48,16.1547,3.9635,244.8743,-1.2847,51.3219,0.2004,113.62,0.009,0.009,4.78,34.4538,51.2,654.5192
Latvia,2012,14.9825,8.0256,3.9451,-4.882,2.4635,1.254,12.0604,5.9285,0.0324,60.9111,3.79,2171.0787,58.05,66.6327,40.4,90.48,0.0,8177.31,7.9684,1.4626,32.6919,1.5391,29.5852,3.5329,87.12,0.1081,0.0,1.4652,54.3148,,34285.4159
Latvia,2013,15.4094,7.7775,3.8643,-3.6201,2.4814,1.2459,11.8351,5.8804,0.0483,60.4801,3.65,2156.5883,58.96,56.9196,39.6,139.71,0.0,7638.6,9.0461,1.3907,32.3436,-0.5302,30.1638,3.2121,84.64,0.0706,0.0,1.3932,54.3769,17.8,27766.439
Latvia,2014,16.0993,7.5718,3.7977,0.2424,2.5032,1.2696,11.6907,5.8636,0.0,43.7074,3.58,2177.0297,56.74,54.533,40.2,222.33,0.0,7473.07,10.3591,0.9929,32.0405,-0.4437,30.0834,3.6164,88.76,0.0702,0.0,0.9947,54.439,17.8,32203.1645
Latvia,2015,13.6554,7.6461,3.8665,-1.0516,2.5045,1.4543,11.9636,6.0498,0.0,55.533,3.39,2155.8522,58.98,50.1851,38.1,80.25,0.0,7026.59,10.5933,1.0412,31.7792,-1.3928,30.2843,3.5545,107.21,0.0274,0.0,1.0431,54.5011,17.8,30829.6865
Latvia,2016,12.6031,7.4785,3.8165,-2.9226,2.516,1.6182,11.9908,6.1192,0.0,52.0818,3.3,2172.4388,58.91,54.1842,38.5,122.33,0.0,7577.52,9.9053,1.0952,31.4901,0.6077,31.0315,3.3253,104.03,0.0149,0.0,1.0972,54.5633,17.5,44945.4171
Latvia,2017,11.668,7.4303,3.8256,-4.4241,2.5225,1.5443,11.8694,6.1112,0.0,48.1887,3.31,2265.2169,55.57,72.5229,42.6,33.61,0.0,7600.81,9.2809,1.0673,31.2123,1.7845,31.0637,3.6248,106.11,0.0285,0.0,1.0692,54.6255,17.5,47085.3062
Latvia,2018,14.2076,8.1059,4.2061,-2.0232,2.4622,1.5015,12.4379,6.454,0.1041,46.2654,3.35,2403.4998,57.15,52.0315,41.0,247.49,0.0,7303.24,11.9063,1.0804,30.9701,-1.8415,31.144,3.661,83.61,0.0635,0.0,1.0823,54.6877,17.5,46923.5214
Latvia,2019,12.4866,7.8544,4.104,-3.6879,2.4396,1.5917,12.2527,6.4022,0.0,48.4416,3.16,2343.2288,56.35,49.5823,41.5,146.48,0.0,6878.36,11.5942,1.0526,30.7555,-0.6596,31.4976,3.8534,104.75,0.0469,0.0,1.0545,54.7499,17.5,57402.9306
Latvia,2020,11.602,7.2228,3.8006,-0.6061,2.4074,1.6582,11.649,6.1296,0.0009,48.6119,3.08,2251.2694,53.24,63.7584,43.8,123.92,0.0,6499.2,10.9695,1.0678,30.5391,-0.7413,31.6407,4.0792,110.74,0.0242,0.0,1.0697,54.8094,17.5,50462.7838
Moldova,2012,20.3836,8.3503,2.9194,2.282,2.277,0.5841,11.2834,3.9448,0.0,84.0159,6.2,1316.7435,82.17,4.6827,22.1,1160.6,0.0,5954.45,19.781,12.6225,99.6733,-0.8161,74.8631,10.4482,72.01,0.034,0.0,52.4691,11.5417,,1771.5844
Moldova,2013,19.9795,7.4915,2.6198,2.435,2.3259,0.8108,10.7158,3.7474,0.0,82.4262,5.11,1184.7418,78.25,7.014,23.8,654.81,0.0,5432.67,18.5931,12.4592,99.5772,0.0725,74.8479,11.5504,96.62,0.026,0.0,51.7901,11.6071,4.2,167.3453
Moldova,2014,18.7371,8.0381,2.8127,2.449,2.3527,0.7842,11.2748,3.9453,0.0,81.7871,5.25,1277.2647,80.24,6.2401,24.3,710.27,0.0,5656.99,19.9693,12.4295,99.5165,0.4181,70.4075,14.071,102.1,0.0197,0.0,51.6667,11.6794,4.2,363.1332
Moldova,2015,18.1479,8.2962,2.9253,2.419,2.3604,0.7952,11.5594,4.076,0.0,82.5735,5.35,1307.9694,81.77,4.7363,24.7,1001.29,0.0,5283.06,20.7806,12.474,98.7561,-1.4018,70.4988,12.8213,90.67,0.0092,0.0,51.8519,11.7518,4.2,495.6817
Moldova,2016,17.0561,8.4201,3.0038,2.445,2.3675,0.938,11.8407,4.224,0.0,81.9071,5.25,1356.236,81.11,4.2516,25.3,817.76,0.0,5556.03,18.4683,12.5186,97.6142,-0.0892,70.4957,12.4797,107.23,0.0059,0.0,52.037,11.7549,4.2,832.9014
Moldova,2017,15.1424,8.3024,3.0134,2.471,2.4341,0.9946,11.8668,4.3071,0.0,80.882,5.1,1397.5124,77.02,6.3867,26.1,754.1,0.0,5539.04,18.8439,12.474,95.9094,-0.3125,70.4561,12.1996,115.78,0.0063,0.0,51.8519,11.7513,4.2,1092.1166
Moldova,2018,17.0808,8.8588,3.2723,2.497,2.4039,1.1544,12.5595,4.6393,0.0,81.9778,5.16,1495.6967,78.36,6.1528,25.3,838.76,0.0,5661.34,19.1567,12.4295,94.2544,-0.6265,68.6355,10.1469,121.39,0.0089,0.0,51.6667,11.753,4.2,861.2191
Moldova,2019,15.7728,9.1064,3.418,2.497,2.3081,1.0499,12.6189,4.7364,0.0,84.1587,4.91,1500.1471,81.65,6.6345,22.0,817.25,0.0,5039.7,20.5945,12.4592,92.7561,-1.9115,68.7711,10.1608,118.64,0.0072,0.0,51.7901,11.7528,4.2,817.1594
Moldova,2020,14.7583,8.8448,3.3565,2.497,2.3238,0.9783,12.3107,4.6718,0.0,84.0963,5.16,1461.5741,83.1,5.7774,22.3,875.96,0.0,4923.22,21.3444,12.5631,91.7473,-1.6046,68.8651,9.3667,81.46,0.0044,0.0,52.2222,11.7532,4.2,1413.3152
North Macedonia,2012,35.8424,9.6202,4.985,-1.22,1.8372,0.4752,12.3025,6.3749,77.1638,48.3921,4.44,1549.5234,81.38,16.6658,18.3,1017.16,0.0,5296.9,18.3164,15.3146,76.5195,-1.334,50.2379,9.1047,90.38,0.6244,0.0,11.7185,38.6209,,2940.6446
North Macedonia,2013,32.7169,8.7966,4.5751,-1.36,1.7919,0.4609,11.4372,5.9485,66.0486,46.8787,4.0,1441.7218,79.17,26.1408,21.2,665.85,0.0,4815.48,19.0645,11.9724,76.2377,-1.2117,49.9603,10.0275,95.39,0.6541,0.0,9.1611,38.8902,9.7,1149.1907
North Macedonia,2014,33.7775,8.3514,4.3552,-1.5,1.727,0.4675,10.9744,5.7231,69.5385,51.7652,3.75,1404.8828,77.44,24.0354,21.2,527.22,0.0,4680.07,18.5609,16.4023,76.0332,1.6689,50.0,10.1776,93.16,0.7142,0.0,12.5508,39.1596,9.7,1815.5663
North Macedonia,2015,31.8725,7.9375,4.1505,-1.9,1.7208,0.4557,10.5618,5.5227,58.3599,52.5244,3.56,1387.9796,76.25,35.9292,23.9,822.37,0.0,5085.58,18.5668,20.8321,75.8299,-0.1275,50.0397,9.7269,102.79,0.5102,0.0,15.9404,39.429,9.7,784.3281
North Macedonia,2016,30.0799,7.6248,3.9998,-2.3,1.7029,0.4685,10.2651,5.3848,51.3946,59.1788,3.5,1408.2202,79.08,36.7126,21.4,649.28,0.0,4954.32,17.8142,25.262,75.5874,0.4473,50.1586,9.1729,104.06,0.494,0.0,19.3301,39.7173,9.7,1496.2464
North Macedonia,2017,30.4645,7.9854,4.2058,-2.7,1.7268,0.4717,10.7158,5.6439,60.4643,56.8098,3.52,1438.492,80.68,23.1439,19.0,828.91,0.0,5162.87,19.5585,38.6923,75.2838,-0.5609,50.1983,7.8732,83.71,0.4117,0.0,29.6068,39.7102,9.7,1147.1515
North Macedonia,2018,31.0045,7.548,3.9957,-3.1,1.6983,0.4562,10.2524,5.4273,50.7937,58.4391,3.25,1370.1217,78.86,35.0553,20.9,594.07,0.0,4592.14,18.8153,52.1227,74.9029,-0.8422,50.119,8.4704,101.5,0.1713,0.0,39.8835,39.7102,9.7,1542.9313
North Macedonia,2019,25.8787,8.6834,4.628,-3.5,1.6083,0.4483,11.3236,6.0352,59.7546,58.9557,3.4,1503.5134,82.46,22.8967,17.0,802.96,0.0,4694.73,19.1901,38.7023,74.3958,-0.7006,50.1586,8.1323,95.71,0.0003,0.0,29.6144,39.7102,10.6,1790.297
North Macedonia,2020,26.1187,7.586,4.087,-1.5,1.6242,0.4642,10.293,5.5454,49.2613,63.9338,3.26,1388.5465,78.38,29.0673,20.0,665.3,0.0,4884.23,18.8126,38.3358,73.5973,-0.7703,50.0397,8.5691,102.72,0.0002,0.0,29.334,39.7102,9.0,1856.1374
Malta,2012,14.1064,2.7249,6.4874,-0.002,0.1434,0.0468,3.0725,7.315,0.0,247.8298,2.56,2102.7842,98.66,1.1234,2.7,1989.97,0.0,1080.61,25.8309,79.4059,1312.5875,-1.4341,32.1875,1.091,100.22,,,79.4059,1.0938,,0.313
Malta,2013,13.3767,2.3826,5.6086,-0.0018,0.1398,0.0448,2.7359,6.4403,0.0,276.5799,2.12,1822.1129,98.36,1.5797,3.2,1731.2,0.0,993.95,26.2402,91.2871,1327.5312,-0.7537,31.9688,1.0198,101.5,,,91.2871,1.0938,0.5,0.2505
Malta,2014,13.4805,2.3693,5.4658,-0.0043,0.1417,0.0448,2.7301,6.2981,0.0,264.1637,1.98,1793.3788,97.62,3.3604,4.5,1718.23,0.0,865.97,25.9913,89.1089,1354.6281,-0.8347,31.9688,1.0013,104.36,,,89.1089,1.0938,0.5,
Malta,2015,13.6815,1.6721,3.7641,-0.004,0.1558,0.0419,2.0478,4.6099,0.0,347.1518,1.5,1448.8723,82.64,7.8259,6.0,1873.75,0.0,1033.5,25.6327,82.7723,1388.1875,-0.8529,31.9688,0.9412,99.3,,,82.7723,1.0938,0.5,
Malta,2016,12.5326,1.3653,3.0039,-0.0039,0.1639,0.0397,1.7567,3.8651,0.0,419.0585,1.34,1311.6673,73.86,15.8996,9.2,1658.5,0.0,765.12,27.1142,82.9703,1420.3281,-1.1453,32.4375,1.0106,96.34,,,82.9703,1.1875,6.4,
Malta,2017,12.9026,1.5581,3.3356,0.0009,0.1668,0.0384,1.9569,4.1894,0.0,450.1815,1.37,1451.2092,84.71,10.4216,7.3,1780.12,0.0,1009.84,26.2077,91.0891,1459.7062,-1.3055,32.4375,0.6757,95.03,,,91.0891,1.3125,6.4,0.1252
Malta,2018,13.1133,1.5673,3.2389,0.0002,0.1592,0.0378,1.9414,4.012,0.0,437.4965,1.29,1407.6964,87.06,10.1427,7.6,1762.63,0.0,803.35,25.9976,84.623,1512.1969,-0.163,32.4375,0.6221,80.8,,,84.623,1.4375,6.4,
Malta,2019,12.5909,1.6729,3.3198,0.0053,0.1635,0.0387,2.0379,4.0442,0.0,424.2078,1.28,1440.4828,87.45,9.8033,7.4,1867.69,0.0,1064.97,25.2384,80.661,1574.725,-0.596,32.4375,0.4721,73.71,,,80.661,1.4375,7.6,
Malta,2020,11.7227,1.6203,3.1432,0.0077,0.1595,0.038,1.9785,3.8381,0.0,417.4627,1.32,1336.729,88.58,11.3308,9.2,1809.45,0.0,827.93,26.6057,81.5973,1610.9062,-0.9134,28.4688,0.7267,77.73,,,81.5973,1.4375,7.6,
Montenegro,2012,25.1527,,,-2.0717,,,,,48.0661,34.6593,4.24,1701.4683,61.49,51.9371,45.9,601.4,0.0,5928.91,14.564,,46.2021,-1.1164,38.1413,7.4525,93.52,0.3298,0.1309,,61.487,,1258.6025
Montenegro,2013,23.0328,,,-2.4193,,,,,36.5272,23.6995,3.8,1574.5514,63.96,63.4771,49.3,374.82,0.0,5659.21,14.6928,,46.289,0.1343,16.5896,8.0347,100.52,0.1051,0.0,,61.487,9.6,2401.4566
Montenegro,2014,22.8934,,,-2.5064,,,,,44.7841,30.4146,3.64,1532.3428,64.71,55.2049,46.0,228.01,0.0,5324.24,15.562,,46.375,1.2698,17.1242,8.0998,94.04,0.1654,0.0,,61.487,2.6,1437.8909
Montenegro,2015,22.5226,,,-2.3741,,,,,50.3497,30.5421,3.68,1599.5939,65.7,49.6503,43.0,532.56,0.11,5719.52,15.0632,,46.4425,-1.1329,17.2045,8.0612,97.94,0.1282,0.0,,61.487,2.6,180.9634
Montenegro,2016,20.7818,,,-2.3699,,,,,41.3244,35.351,3.47,1552.2331,63.79,58.6816,43.9,335.0,0.0,5718.16,14.5663,,46.4946,0.4649,19.0112,7.4682,108.01,0.1964,0.0,,61.487,2.6,1119.5271
Montenegro,2017,21.1886,,,-1.8092,,,,,54.8348,41.3384,3.47,1625.4961,64.95,45.1612,37.8,492.41,0.34,5965.55,15.3106,,46.5414,-1.6472,19.0558,6.8539,97.82,0.3611,0.0,,61.487,4.2,1268.9716
Montenegro,2018,22.0011,,,-2.4562,,,,,40.7874,31.8222,3.42,1679.5598,68.82,59.2126,40.6,360.46,0.0,5336.39,14.8123,,46.5753,-1.1528,19.0929,6.7322,102.16,0.1144,0.0172,,61.487,4.2,1652.2428
Montenegro,2019,18.3232,,,-2.5039,,,,,43.8101,33.6894,3.4,1737.5932,69.29,56.187,38.7,453.94,0.18,5481.42,15.0555,,46.5987,0.2509,19.1078,6.3938,99.04,0.1253,0.0607,,61.487,6.9,647.2366
Montenegro,2020,17.9824,,,-2.5039,,,,,47.7811,27.6534,3.76,1625.8628,69.86,52.2337,39.6,364.76,0.0,5514.06,15.5632,,46.5866,-1.0307,19.1784,7.5549,102.84,0.2127,0.1741,,61.487,9.0,983.1839
Netherlands,2012,14.3672,171.6434,10.2443,5.6154,22.0855,8.058,203.3032,12.1339,26.4574,37.2648,3.7,4599.2059,91.2,12.0899,4.9,126.48,0.0,5479.72,13.5306,20.3531,496.885,0.2433,54.6174,1.697,90.81,0.9211,0.0,97.4545,10.9733,,946.7087
Netherlands,2013,13.285,169.4024,10.0808,5.1533,22.0065,8.0585,201.1371,11.9693,27.0973,28.8439,3.62,4488.6041,91.33,11.9117,5.0,151.18,0.0,5793.41,14.4686,20.2013,498.7958,-0.7488,54.8412,1.8447,93.41,0.9324,0.0,96.7273,10.9317,20.2,514.177
Netherlands,2014,12.6133,161.7884,9.5931,5.1087,21.9233,8.0177,193.0125,11.4446,31.3667,38.135,3.37,4215.3526,90.77,11.2693,5.6,136.97,0.0,4562.62,15.5939,18.0178,500.5939,-0.8551,54.5889,1.801,96.63,0.5725,0.0,86.2727,10.8804,18.0,875.2615
Netherlands,2015,13.1341,169.4176,10.0011,5.0727,21.878,8.2382,201.0111,11.8661,38.3194,55.7921,3.38,3997.1733,90.21,12.4231,5.8,141.23,0.0,5082.71,14.6551,15.9692,503.1162,-0.4706,54.8263,1.806,101.11,0.3413,0.0,76.4636,10.8355,17.9,894.1997
Netherlands,2016,11.9585,170.8321,10.0311,4.7914,22.7211,8.2695,203.0586,11.9234,34.338,54.1451,3.37,4211.5735,91.06,12.8331,5.6,167.27,0.0,5215.9,14.622,15.2333,505.8008,-0.4584,53.9056,1.864,102.26,0.1956,0.0,72.94,10.8631,17.9,1406.5902
Netherlands,2017,12.7177,168.0916,9.812,3.7624,22.0241,8.0227,199.3462,11.6364,29.1251,60.33,3.3,4125.2077,90.79,14.8804,6.4,120.12,0.0,5004.89,14.7804,15.0298,508.8,0.0951,54.0244,1.9679,102.47,0.2153,0.0,71.9655,10.891,21.2,1333.2029
Netherlands,2018,12.0709,163.0209,9.4606,3.8533,21.4553,7.7381,193.0893,11.2055,26.5661,69.1125,3.16,3876.4182,89.23,16.5281,7.4,305.73,0.0,4902.04,16.4678,16.367,511.7797,-1.9519,54.1432,1.7599,96.33,0.3207,0.0,73.5473,10.9186,21.2,1271.1799
Netherlands,2019,11.3641,157.8604,9.1013,3.8484,20.8414,7.7861,187.4108,10.805,16.5133,78.3499,3.03,4130.0081,89.64,18.7758,8.6,227.45,0.0,4915.41,15.5931,17.0006,515.1433,-0.9461,53.959,1.7588,100.72,0.2011,0.0,76.3945,10.9465,25.3,2481.474
Netherlands,2020,10.8892,141.8901,8.1352,3.8158,19.8695,7.8295,170.5004,9.7756,8.1945,81.8876,3.05,3978.3511,87.77,26.5576,10.7,226.13,0.0,4670.28,16.4072,16.8036,518.0131,-1.2406,53.8892,1.7374,102.3,0.0725,0.0,75.5091,10.9742,25.3,1921.8082
Norway,2012,7.307,46.3891,9.2435,-21.8498,8.4105,3.104,59.3371,11.8235,0.1131,-598.4734,3.96,5805.0583,56.9,97.9887,56.9,1.54,0.0,10792.76,-1.8122,2.0773,13.7403,1.3573,2.7182,1.0773,94.84,7.2128,0.0,0.7151,33.1767,,29947.1259
Norway,2013,7.0275,46.8772,9.2285,-22.3781,8.4936,3.0812,60.0826,11.8282,0.1119,-535.3411,4.14,6047.1806,59.38,97.6982,56.6,5.78,0.0,10219.79,0.1874,2.0941,13.9121,-0.0512,2.7036,1.253,95.62,6.2337,0.0,0.7209,33.2091,4.7,33069.4424
Norway,2014,7.0927,46.9898,9.1469,-18.6424,8.4029,3.0829,59.9831,11.6762,0.1106,-596.9993,3.75,5525.576,57.72,97.6733,55.8,35.09,0.0,9547.78,0.3707,2.1131,14.0704,-0.4854,2.7027,1.3834,98.85,5.7419,0.0,0.7274,33.2318,4.8,39148.9622
Norway,2015,6.7521,47.9538,9.2421,-13.82,8.5116,3.1262,61.0499,11.7661,0.1045,-719.2085,3.31,4930.4814,51.53,97.7069,56.5,2.86,0.0,9779.87,0.1875,2.0634,14.2079,1.7187,2.7,1.4818,100.13,3.7779,0.0,0.7103,33.2456,4.8,36638.8462
Norway,2016,6.2306,47.3707,9.0497,-13.7726,8.4202,3.0952,60.3959,11.538,0.098,-647.7633,3.6,5368.5765,54.4,97.818,57.7,4.57,0.0,9967.91,0.6875,2.0136,14.3354,0.2273,2.6939,2.0339,101.03,2.8845,0.0,0.6932,33.2711,5.0,60081.686
Norway,2017,6.5216,47.4079,8.9839,-12.9035,8.3409,3.1083,60.349,11.4363,0.1244,-626.8608,3.74,5673.5093,55.91,97.8493,58.9,0.67,0.0,10227.92,-1.0629,2.0461,14.4526,1.8861,2.698,1.9188,101.35,4.0173,0.0,0.7044,33.2945,5.1,57916.6396
Norway,2018,6.6961,46.9537,8.8393,-13.7332,8.455,3.1045,60.0139,11.298,0.121,-597.1382,3.65,5540.3682,54.5,97.7968,58.9,50.13,0.0,10047.77,0.3128,2.0444,14.5489,-0.6748,2.7013,1.8112,96.64,5.423,0.0,0.7038,33.3173,5.1,59219.4712
Norway,2019,6.3812,45.7435,8.5536,-15.737,8.0232,3.1006,58.3849,10.9174,0.1208,-596.7755,3.43,5222.292,52.11,97.7822,59.8,21.48,0.0,10213.93,-0.6264,2.0429,14.648,1.2143,2.6959,1.7825,101.62,4.5813,0.0,0.7033,33.3399,5.0,64784.1721
Norway,2020,6.0559,44.5161,8.2752,-19.6228,8.1335,3.1054,57.1397,10.6218,0.1173,-648.5947,3.44,5146.2328,51.78,98.4305,60.9,15.22,0.0,9482.43,-0.1253,2.0413,14.7672,1.7328,2.7066,1.8439,101.36,3.181,0.0,0.7027,33.4354,5.7,68362.8482
Poland,2012,24.1305,319.7015,8.3992,-39.7495,57.6893,25.5323,408.6597,10.7364,84.1352,31.7024,4.24,2563.6909,90.98,10.7619,10.9,295.95,0.0,6741.85,12.9376,39.7023,124.3001,-0.5258,47.4463,2.9856,96.02,0.4432,0.0,21.3993,30.5839,,54895.9275
Poland,2013,23.1892,315.0691,8.2825,-41.8734,56.3864,24.904,401.8042,10.5626,84.918,26.5012,4.2,2567.1821,91.14,10.7619,11.4,245.39,0.0,6663.05,13.3125,38.9062,124.2291,0.2629,47.0592,3.2265,95.19,0.3407,0.0,20.9701,30.6443,34.2,35014.6838
Poland,2014,23.4338,302.5461,7.9593,-34.4632,53.3829,24.635,386.6703,10.1724,82.7058,29.6786,3.9,2473.7958,90.07,12.8767,11.6,279.8,0.0,5957.07,14.4376,36.7982,124.1443,-0.5752,47.108,2.9712,101.74,0.2689,0.0,19.834,30.7058,29.3,56279.5252
Poland,2015,22.414,305.7471,8.0489,-30.8869,52.7196,24.8942,388.6297,10.2308,80.6104,30.1532,3.77,2498.7722,90.0,14.1941,11.9,369.73,0.0,5929.87,14.9376,36.1648,124.0616,-1.8883,46.9349,2.4836,96.53,0.202,0.0,19.4925,30.7652,29.3,42742.6509
Poland,2016,21.2485,316.7049,8.3409,-38.1399,52.3352,25.6681,400.0847,10.5368,79.775,31.161,3.83,2614.9697,90.25,13.9912,11.3,253.03,0.0,6240.57,14.0625,35.6144,124.0083,-0.3191,46.9447,2.6238,101.73,0.177,0.0,19.1959,30.8142,38.0,86510.7236
Poland,2017,22.2632,330.1994,8.6952,-39.1491,52.0284,26.2199,413.8708,10.8986,78.2788,38.8224,3.81,2734.4248,90.42,14.4485,11.1,204.11,0.0,6317.26,13.4373,34.891,124.0237,0.8034,47.2321,2.9854,106.19,0.2406,0.0,18.806,30.8534,38.1,96251.1217
Poland,2018,22.4094,329.5644,8.6785,-38.5226,52.8415,25.4354,413.0762,10.8777,78.2215,44.0701,3.77,2865.5243,87.52,12.9783,15.1,418.19,0.0,5939.96,15.9373,33.2226,124.0316,-2.2642,47.3985,2.4156,102.62,0.2835,0.0,17.9067,30.8946,38.1,96846.1953
Poland,2019,18.7702,312.0829,8.2202,-20.0657,52.2288,25.426,394.6734,10.3956,73.4511,45.8817,3.48,2761.0712,86.23,15.9761,15.6,399.44,0.0,5663.28,15.4373,31.0972,124.0256,-1.7845,47.4437,2.3703,101.5,0.1801,0.0,16.7612,30.9399,38.1,76721.0742
Poland,2020,17.9583,296.8821,7.9135,-20.7838,50.4483,25.4258,377.5105,10.0627,69.2031,43.0433,3.44,2711.7678,85.4,18.3995,16.1,251.85,0.0,5722.89,14.4378,30.0,122.5484,-0.9661,48.1266,2.5684,111.87,0.1118,0.0,16.1698,30.977,38.0,74958.8552
Portugal,2012,10.1152,49.9283,4.7484,-2.1656,9.3848,3.1316,64.4887,6.1331,28.0753,85.1213,2.83,2039.17,75.81,43.7843,25.5,789.35,0.0,3032.78,23.1861,17.7063,114.8034,-1.0894,40.0088,1.92,91.81,0.0812,0.0,23.1906,35.7681,,58236.2421
Portugal,2013,9.7683,48.2934,4.6182,-1.0738,8.9663,3.1283,62.6107,5.9873,22.9094,78.7824,2.86,2055.5882,73.44,59.2374,30.2,910.04,0.0,3014.17,22.8121,17.5723,114.1561,0.3338,40.4027,2.0419,94.28,0.0568,0.0,23.0151,35.8932,7.4,51884.6705
Portugal,2014,9.5058,47.8225,4.5978,-5.8154,9.0627,3.1433,62.3708,5.9966,22.6355,77.439,2.8,2035.4114,72.78,61.369,30.5,650.57,0.0,2618.4,22.5619,17.4383,113.5418,0.4055,39.9962,1.9766,93.66,0.0517,0.0,22.8395,36.024,7.4,60259.2077
Portugal,2015,9.6425,51.8764,5.0083,-4.591,9.1089,3.2304,66.6997,6.4394,28.0942,84.2773,2.85,2121.0873,75.8,48.6663,27.2,842.08,0.0,2578.46,23.8119,17.3042,113.0725,-1.8741,39.7222,1.9754,107.54,0.0204,0.0,22.664,36.155,7.5,46096.3745
Portugal,2016,8.8377,50.68,4.9083,-0.0726,9.2866,3.2416,65.8144,6.374,20.9352,80.5911,2.77,2111.0971,75.29,55.5233,29.0,979.32,0.0,2807.54,22.8128,17.1702,112.7164,0.2074,39.5066,1.9224,98.8,0.0148,0.0,22.4884,36.155,9.1,94645.801
Portugal,2017,9.2552,55.3036,5.3691,19.1202,9.7612,3.325,71.1543,6.908,24.6774,87.1741,2.8,2210.0671,78.96,40.901,24.4,999.36,0.0,2478.12,24.8121,12.3799,112.4418,-2.2061,40.1001,1.9637,110.26,0.046,0.0,16.2144,36.155,16.5,173894.2617
Portugal,2018,9.026,51.2707,4.9856,-4.1861,9.9345,3.2465,67.3133,6.5456,20.1321,85.339,2.63,2140.9756,75.45,51.3733,27.5,844.51,0.0,2944.21,22.9066,12.3157,112.2619,0.4775,40.7919,1.9182,102.07,0.0858,0.0,16.1303,36.155,16.9,97437.2361
Portugal,2019,7.9826,46.6776,4.5379,-5.1748,10.1444,3.2912,63.0958,6.134,10.4075,84.3565,2.53,2115.1857,73.11,54.2392,28.2,745.94,0.0,2652.85,23.4365,12.3157,112.2886,-1.572,43.1253,1.9999,111.93,0.0935,0.0,16.1303,36.155,16.9,36885.6574
Portugal,2020,8.4524,40.9263,3.9746,-5.4123,10.3484,3.2402,57.4529,5.5795,4.4519,71.5092,2.56,1957.3055,70.41,59.6287,31.3,932.06,0.0,2509.92,23.1869,12.3157,112.4067,-0.8452,43.1661,2.1409,108.16,0.1774,0.097,16.1303,36.155,17.1,62043.5131
Romania,2012,19.425,87.6268,4.3687,-40.2504,21.6938,9.7607,120.7153,6.0183,38.8043,22.4979,3.29,1736.5762,76.36,25.7383,21.5,880.57,0.01,6040.71,17.9377,6.0687,87.2013,-1.3593,59.7035,4.5408,79.61,1.4229,0.0,15.295,28.9948,,30649.2818
Romania,2013,17.8711,79.5196,3.9792,-40.3552,21.614,9.8902,112.5432,5.6318,28.7907,18.2976,3.0,1590.1938,73.42,34.8117,23.1,562.52,0.0,5721.69,17.5633,6.0088,86.8743,-0.2336,60.4486,5.5097,98.45,1.212,0.0,15.1439,29.3291,18.1,12945.9339
Romania,2014,17.9898,78.9791,3.967,-51.2673,22.2471,10.1215,113.1285,5.6823,27.1149,16.7185,2.85,1579.4066,72.58,42.0262,24.3,461.12,0.0,5503.51,18.6877,5.8815,86.5307,0.8922,60.1095,4.9483,103.07,0.9373,0.0,14.823,29.6582,22.5,19481.5006
Romania,2015,17.4955,80.2914,4.0519,-50.365,22.3429,9.9008,114.2412,5.7652,27.4828,16.7628,2.78,1598.6918,73.17,40.0863,23.7,722.2,0.0,5524.63,18.4384,6.0528,86.1249,-1.0996,60.2312,4.4259,96.09,0.6032,0.0,15.2548,29.9937,22.6,10906.4571
Romania,2016,16.5983,78.6946,3.9942,-52.6266,22.9432,10.6021,114.1701,5.7948,24.5473,21.986,2.7,1604.6234,72.22,42.2055,24.4,600.79,0.0,5802.88,17.063,5.9676,85.6322,0.3596,58.7665,4.2922,100.84,0.3622,0.0,15.0401,30.1158,22.6,23045.4089
Romania,2017,17.0446,81.7856,4.1751,-50.6029,22.8295,10.9333,117.6758,6.0073,26.2178,23.4945,2.62,1693.3736,73.22,38.324,23.4,626.07,0.0,5805.1,17.9373,6.3412,85.1387,-0.7701,58.145,4.4388,115.92,0.4773,0.0,15.9816,30.1158,24.3,19187.2911
Romania,2018,17.172,82.9897,4.2616,-48.2759,23.1007,10.7925,119.0459,6.1131,24.2786,24.3584,2.49,1717.1175,73.22,41.044,23.0,595.52,0.0,5499.15,18.0622,6.0069,84.64,-0.7586,58.3015,4.495,118.69,0.6434,0.0,15.1392,30.1158,24.3,18974.3875
Romania,2019,15.0073,81.1525,4.1892,-48.2945,23.2664,10.6229,117.1994,6.05,23.0267,30.3564,2.37,1705.2578,72.04,42.0319,23.5,638.44,0.0,5199.85,18.812,6.5471,84.1953,-1.6032,60.0921,4.2992,112.46,0.4754,0.0,16.5007,30.1158,24.4,12266.1279
Romania,2020,14.8502,75.704,3.9296,-50.4859,22.1892,10.7078,110.7665,5.7495,16.9503,28.1875,2.39,1669.6382,70.47,44.5646,24.1,596.74,0.0,5355.5,18.1848,6.9244,83.7328,-0.8845,56.7151,4.0648,86.87,0.2303,0.0,17.4516,30.1158,24.4,27445.4512
Russian Federation,2012,13.8991,1819.7501,12.6919,-695.0188,392.242,62.4192,2304.1594,16.0705,15.7767,-80.1644,8.15,5056.0832,90.71,15.7505,3.2,182.68,0.0,14495.65,-3.7517,4.0701,8.7549,-0.6687,13.1584,2.926,84.76,7.8216,0.0,1.4842,49.7686,,5391243.47
Russian Federation,2013,14.0574,1764.1938,12.2679,-643.6686,395.4884,62.5722,2254.9603,15.6806,15.2844,-86.6691,7.78,4896.9503,90.48,17.4045,3.6,134.68,0.0,14269.79,-4.2581,3.8793,8.781,0.926,13.1584,2.9936,92.51,7.1094,0.0,1.4147,49.7661,8.8,4965536.915
Russian Federation,2014,14.2482,1750.144,12.1338,-692.3099,397.8411,63.6833,2242.6721,15.5485,14.8748,-83.4914,7.74,4894.4255,90.22,16.8125,3.3,143.57,0.0,14394.01,-3.7535,4.5032,8.8074,-0.6398,13.1584,3.3606,97.51,7.0931,0.0,1.6422,49.7636,7.6,4489888.745
Russian Federation,2015,12.9393,1757.0574,12.1477,-620.7592,405.5862,66.2777,2257.6371,15.6086,14.8518,-89.8621,7.74,4785.1957,89.52,16.086,3.2,143.07,0.0,13865.86,-2.7531,3.9709,8.832,0.2076,13.1584,3.8731,100.04,5.1936,0.0,1.4481,49.7611,7.6,2332110.881
Russian Federation,2016,12.4785,1734.5602,11.9612,-651.7,414.3934,67.9518,2246.9399,15.4945,15.7147,-90.2786,7.96,4917.5408,89.55,17.2677,3.4,170.16,0.0,14080.49,-2.3747,4.1203,8.8549,-1.6251,13.1584,3.8402,102.44,4.3595,0.0,1.5026,49.7727,7.6,5051685.621
Russian Federation,2017,11.7391,1763.1528,12.1351,-641.3113,428.1289,67.5483,2298.1917,15.8176,15.9697,-91.767,7.96,4999.0799,89.5,17.2774,3.2,139.44,0.0,13843.25,-3.2546,4.0962,8.8719,1.2558,13.1584,3.5536,107.43,5.1817,0.0,1.4937,49.7843,7.6,5288940.621
Russian Federation,2018,12.3154,1841.4417,12.6648,-626.6223,444.2469,69.6675,2401.4942,16.5167,15.9548,-91.9855,8.23,5259.9084,89.83,17.5129,3.2,151.24,0.0,14223.7,-3.7549,4.1222,8.8783,-1.1828,13.1584,3.3943,104.69,8.0099,0.0,1.5032,49.7843,7.6,5560431.581
Russian Federation,2019,11.6778,1909.8166,13.1301,-592.0282,460.7889,71.7361,2482.834,17.0696,16.7865,-99.0517,8.06,5065.1482,89.09,17.7904,3.2,132.92,0.0,13807.41,-3.2549,4.1222,8.8816,-0.414,13.1584,3.5303,110.0,6.8909,0.0,1.5032,49.7843,7.6,3686557.282
Russian Federation,2020,11.2728,1828.7967,12.5911,-593.7302,451.471,73.5133,2395.6156,16.4936,16.1549,-90.0514,8.16,5044.8537,88.45,20.0766,3.7,159.75,0.0,13057.42,-1.2473,4.1222,8.8689,-1.2977,13.1584,4.0064,112.01,3.8854,0.0,1.5032,49.7843,8.6,5442086.246
Serbia,2012,30.3846,,,-14.7918,,,,,71.5617,28.0212,5.69,2024.4814,87.13,26.9799,19.5,1025.33,0.0,5356.57,19.0612,4.9622,82.3405,-1.6275,39.5907,6.0436,82.85,1.2797,0.0,52.373,31.0498,,3478.0647
Serbia,2013,28.4561,,,-15.7356,,,,,71.9462,24.1708,5.66,2082.3515,88.53,27.3028,20.0,669.51,0.0,4963.0,18.8131,5.3071,81.9409,-0.2071,39.9177,6.2997,99.44,1.0514,0.0,56.0128,31.0647,7.4,2798.2718
Serbia,2014,28.0367,,,-17.8481,,,,,65.0822,28.1613,5.12,1861.9585,83.88,34.224,23.2,461.47,0.0,4621.39,18.5943,4.4348,81.5434,1.4421,40.0915,6.1174,98.02,0.956,0.0,46.8062,31.0796,6.7,4387.9095
Serbia,2015,27.8633,,,-17.8481,,,,,71.1029,27.838,5.59,2080.7959,87.45,28.2772,21.2,874.62,0.0,5052.33,19.0642,5.2846,81.1272,-1.0867,39.8011,5.606,94.39,0.5085,0.0,55.7749,31.0946,6.7,2815.5532
Serbia,2016,25.5339,,,-17.8481,,,,,69.4372,30.0597,5.6,2166.1367,87.99,29.4911,20.9,613.42,0.0,5109.21,17.5635,5.3049,80.7034,0.7872,39.5152,5.7066,107.59,0.3883,0.0,55.9891,31.102,6.6,4676.166
Serbia,2017,26.2823,,,-17.8481,,,,,71.6804,34.1368,5.61,2225.1492,87.48,26.7277,20.0,823.75,0.0,5254.14,19.1874,6.06,80.2751,-1.39,39.0922,5.0578,90.75,0.4958,0.0,63.9586,31.1212,6.6,3570.5859
Serbia,2018,27.1283,,,-17.8481,,,,,67.1049,35.0535,5.28,2200.6059,86.78,31.1912,21.0,672.15,0.0,4768.49,18.9393,6.2634,79.8377,-0.9984,39.6067,5.2047,107.67,0.5846,0.0,66.1056,31.1228,6.6,3966.3811
Serbia,2019,22.6363,,,-17.8481,,,,,68.2394,35.9524,5.03,2201.9161,86.62,29.9533,21.4,731.85,0.0,4641.91,19.5627,6.3316,79.4104,-0.8241,39.5609,4.7647,107.81,0.4743,0.0,66.8253,31.1253,7.6,3962.2119
Serbia,2020,22.5075,,,-17.8481,,,,,69.8019,30.0665,5.25,2291.8263,84.51,28.8541,26.0,586.21,0.0,4929.64,18.6868,5.9901,82.0445,-0.9206,41.408,5.0537,110.92,0.2661,0.0,63.2211,32.3778,7.6,4987.0534
Slovak Republic,2012,20.3422,36.0976,6.6754,-6.7614,6.4778,2.7709,45.7986,8.4693,13.6268,58.208,4.72,3219.6266,63.96,20.2693,10.5,452.66,0.0,6548.12,14.0633,2.8627,112.4517,-1.4731,40.0807,1.7946,85.42,0.0309,0.0,5.2802,39.9153,,9169.7347
Slovak Republic,2013,19.5809,36.3709,6.7187,-7.4793,6.4024,2.9401,46.1916,8.5328,12.2295,57.6668,4.78,3259.562,63.81,23.1375,10.7,351.76,0.0,6483.63,14.3146,2.7427,112.5726,-0.1601,39.3736,2.0743,93.53,0.0187,0.0,5.0587,39.9313,35.9,5076.2636
Slovak Republic,2014,19.2661,33.9838,6.2716,-5.2941,6.055,2.9329,43.4423,8.0172,12.2477,59.8698,4.38,3012.1305,62.49,23.6561,12.2,241.15,0.0,5632.37,15.1885,2.4066,112.7007,0.4077,39.297,2.6149,104.72,0.0147,0.0,4.4389,39.9539,36.8,17366.174
Slovak Republic,2015,19.1867,34.5116,6.363,-5.8245,6.1824,3.1076,44.3451,8.176,12.3852,57.4481,4.28,3130.3832,61.41,23.4584,13.4,499.93,0.0,6112.53,15.0626,2.4682,112.8031,-1.6287,39.2787,2.046,89.58,0.013,0.0,4.5524,39.9682,36.8,5282.6377
Slovak Republic,2016,17.8788,35.4469,6.527,-5.8903,6.2739,3.1196,45.2984,8.341,12.0751,57.5753,4.22,3158.75,61.74,25.4064,13.1,292.11,0.0,6340.75,14.8113,2.3894,112.9534,0.3411,39.2263,2.0626,105.7,0.0121,0.0,4.4071,40.0035,37.3,16941.7193
Slovak Republic,2017,18.1847,37.7189,6.9346,-5.7897,6.3087,2.9931,47.5387,8.74,12.7623,61.9091,4.33,3315.7984,62.99,24.6269,12.4,385.85,0.0,6536.83,13.5639,2.3937,113.1288,-0.7305,39.0807,1.8481,91.88,0.0132,0.0,4.4151,40.0562,37.3,14212.0331
Slovak Republic,2018,18.6788,37.2103,6.8316,-4.8157,6.1511,3.2051,47.0644,8.6408,13.2883,60.878,4.14,3268.6517,63.57,22.5983,12.4,440.98,0.0,5824.26,15.0619,2.3946,113.2856,-1.5295,39.2887,2.0093,97.89,0.012,0.0,4.4167,40.0562,37.6,17697.5833
Slovak Republic,2019,15.8371,34.7803,6.3769,-5.5853,6.1505,3.0995,44.5443,8.1671,9.5133,69.5695,3.98,3127.3868,61.64,24.1225,17.6,433.5,0.0,5825.1,15.0627,2.4036,113.439,-0.9747,39.2055,1.617,97.92,0.0095,0.0,4.4333,40.0562,37.6,10331.9582
Slovak Republic,2020,15.3916,32.6172,5.9751,-7.7601,6.2533,3.1722,42.5163,7.7885,7.6462,55.9506,3.99,3031.3695,61.16,24.7555,17.6,281.77,0.0,6023.12,14.3127,2.3881,113.5363,-0.092,39.1639,1.7292,102.6,0.0078,0.0,4.4048,40.0562,37.6,11947.8506
Slovenia,2012,18.343,15.5193,7.544,-7.0586,3.7087,0.6991,20.3716,9.9028,32.6937,51.4861,4.38,3430.6162,64.96,28.701,20.2,506.33,0.0,5640.46,14.6891,6.2745,102.114,-1.0832,30.3683,1.826,94.57,0.1681,0.146,4.9705,61.9189,,904.1402
Slovenia,2013,18.1632,15.5139,7.5312,-5.3551,3.5808,0.6965,20.2291,9.8202,30.2801,47.2981,4.31,3335.3735,63.67,33.5634,22.5,454.27,0.0,5729.44,15.1863,7.8134,102.2817,0.502,30.2984,1.8308,91.08,0.1573,0.1461,6.1896,61.9464,55.3,636.3857
Slovenia,2014,17.797,14.1302,6.8527,0.6635,3.2786,0.7058,18.599,9.02,21.5576,44.8272,4.08,3236.4049,59.66,39.4852,22.9,231.36,0.0,4840.65,15.8129,6.6281,102.3823,1.9111,30.5283,1.8214,97.67,0.2303,0.2234,5.2507,61.9563,54.1,5385.6391
Slovenia,2015,17.7209,14.2991,6.9294,0.7648,3.381,0.7013,18.8395,9.1297,29.0397,49.1357,3.94,3191.9217,60.69,30.7115,21.4,531.23,0.0,5390.71,15.6858,6.0649,102.4461,-0.4276,30.6063,1.9736,101.74,0.241,0.2354,4.8045,61.9582,54.1,1023.41
Slovenia,2016,16.4518,15.0252,7.276,0.914,3.336,0.7095,19.5746,9.479,30.3636,49.2481,3.94,3292.0507,62.32,32.3426,21.0,356.98,0.0,5492.52,14.6864,5.9993,102.5242,0.859,30.6563,1.8513,100.59,0.2352,0.2286,4.7525,61.8593,54.1,5389.2435
Slovenia,2017,16.5027,15.3482,7.4275,0.908,3.3859,0.703,19.9311,9.6454,29.548,51.2118,3.86,3383.3924,61.32,28.9136,19.7,511.04,0.0,5597.34,15.0642,6.2975,102.6109,-0.6712,30.5411,1.693,97.55,0.2335,0.2251,4.9888,61.77,54.0,4888.3433
Slovenia,2018,18.1802,15.3433,7.3983,1.0064,3.298,0.6794,19.7888,9.5419,28.3107,52.3346,3.66,3332.5312,61.91,33.2074,20.6,441.13,0.0,5142.13,15.5617,6.4976,102.9923,-0.7147,30.3927,1.9913,102.6,0.2272,0.2172,5.1473,61.6744,54.0,8215.1941
Slovenia,2019,13.9082,14.7136,7.0454,-3.3838,3.3097,0.6751,19.137,9.1635,27.8402,52.9903,3.48,3258.5933,60.99,32.5658,20.9,504.73,0.0,5140.88,15.437,6.3827,103.7119,0.51,30.4066,1.7704,99.91,0.2056,0.1994,5.0562,61.5731,54.0,3444.4409
Slovenia,2020,14.2912,13.4213,6.3837,-3.1806,3.3113,0.6688,17.8252,8.4784,25.381,45.8279,3.44,3066.6382,58.34,34.1666,22.7,335.01,0.0,5294.6,15.4359,6.7816,104.4089,0.2688,30.3177,1.8973,104.99,0.1844,0.1796,5.3723,61.4723,40.0,3874.4094
Sweden,2012,6.6091,45.7267,4.8035,-52.6678,9.0882,5.0875,60.8216,6.3892,0.8357,31.4649,4.52,5296.9668,31.34,59.0985,48.3,5.73,0.0,10034.2,1.9379,3.699,23.3696,1.8743,7.4422,1.2526,93.07,0.1439,0.0,1.4991,68.8266,,234882.5392
Sweden,2013,6.5622,43.9662,4.5796,-50.8623,8.8145,5.0637,58.7768,6.1223,0.9434,33.9936,4.41,5180.6192,30.28,54.074,47.3,15.82,0.0,9463.5,4.0624,3.6084,23.5685,-0.6138,7.4534,1.2306,93.19,0.0949,0.0,1.4623,68.7809,12.6,197658.2741
Sweden,2014,6.7723,42.7765,4.4117,-49.3791,8.5061,5.1092,57.3444,5.9142,0.7146,34.0919,4.19,4999.5944,29.93,55.8687,48.6,90.25,0.0,8902.96,5.0628,3.5177,23.8035,-0.5498,7.4534,1.2516,99.58,0.0734,0.0,1.4256,68.7353,13.0,242522.7857
Sweden,2015,6.3026,42.8983,4.3777,-47.8571,8.3343,5.1649,57.39,5.8566,0.7779,32.8707,3.7,4575.3269,26.06,63.3043,51.9,13.2,0.0,8993.95,4.187,3.4271,24.0583,1.3113,7.435,1.3029,102.36,0.0702,0.0,1.3889,68.6945,13.1,216031.2038
Sweden,2016,5.6978,42.6299,4.296,-46.6698,8.3292,5.2022,57.1953,5.7639,0.6737,35.3521,3.9,4860.4928,27.07,57.2051,50.9,19.71,0.0,9369.18,3.6876,3.4583,24.3624,0.266,7.4167,1.2744,98.06,0.0813,0.0,1.4015,68.6945,12.9,310348.1356
Sweden,2017,6.0618,41.8796,4.1639,-40.2643,8.4011,5.1653,56.4302,5.6106,0.7482,28.6861,3.91,4928.6065,26.17,57.8893,51.8,2.73,0.0,9525.37,2.6874,3.4895,24.6929,1.0976,7.3933,1.3153,100.86,0.1357,0.0,1.4142,68.6945,15.0,331217.2905
Sweden,2018,6.2909,39.4283,3.8749,-37.0597,8.3528,4.9777,53.6759,5.2752,0.8605,30.7355,3.91,4968.0451,27.9,55.8097,51.6,138.6,0.0,9351.74,3.8127,3.5206,24.9815,-1.5657,7.3663,1.2792,84.05,0.1655,0.0,1.4268,68.6945,15.0,290151.3477
Sweden,2019,6.0687,39.1398,3.8078,-39.8425,8.2573,5.0861,53.3572,5.191,0.7023,32.0065,3.73,4783.8415,26.13,58.7483,52.9,51.15,0.0,9415.19,3.0621,3.5518,25.2379,0.7128,7.3782,1.2909,100.64,0.1191,0.0,1.4394,68.6997,14.6,332890.8043
Sweden,2020,5.6367,37.794,3.6504,-42.845,8.277,5.1492,52.0428,5.0266,0.4022,34.4256,3.44,4287.0074,25.17,68.4807,57.8,50.81,0.0,8523.84,4.9375,3.583,25.4209,0.3577,7.3807,1.1997,101.05,0.1173,0.0,1.452,68.6997,14.7,339968.3399
Turkiye,2012,23.244,344.1259,4.5776,-73.593,87.2379,26.0014,458.6279,6.1007,28.3984,76.5045,2.9,1567.3161,89.43,27.2382,13.0,1016.89,0.17,5327.58,20.875,37.5176,97.6779,1.3282,49.9032,7.6949,95.46,0.2675,0.0,22.2511,27.6782,,28467.0903
Turkiye,2013,23.5024,333.8405,4.3841,-76.7129,92.6941,27.5934,455.3842,5.9803,26.5605,76.7082,2.61,1510.7912,88.06,28.8354,13.8,839.96,0.01,5171.75,21.8754,38.0599,98.9406,-1.5048,49.924,6.6761,97.81,0.2143,0.0,22.5727,27.8204,2.2,22542.8951
Turkiye,2014,23.4875,355.3532,4.6041,-77.0064,97.47,27.5502,481.8576,6.2431,30.2675,78.7335,2.57,1543.091,89.38,20.8889,11.5,964.41,0.07,4685.79,22.6254,38.6021,100.2844,0.1704,50.0942,6.5572,95.78,0.1718,0.0,22.8943,27.9626,0.2,22005.4415
Turkiye,2015,24.5604,367.8041,4.7023,-72.9447,99.8013,27.765,496.6492,6.3495,29.0951,80.4443,2.62,1646.8363,87.4,31.9582,13.3,996.6,0.07,5084.29,21.1251,39.8945,101.6313,0.8169,50.0903,6.8684,101.77,0.0978,0.0,23.6608,28.1048,0.2,27734.9797
Turkiye,2016,23.8338,391.2284,4.9349,-73.3134,102.5174,30.5261,525.6744,6.6308,33.6262,77.2878,2.7,1724.5436,86.83,32.8881,13.2,1045.68,0.17,5051.04,21.8751,44.2769,103.0079,-0.0118,49.8006,6.1423,102.45,0.0818,0.0,26.2599,28.1048,0.2,25633.0477
Turkiye,2017,22.1031,433.1781,5.3936,-75.1607,106.2949,30.5682,571.3984,7.1147,32.7896,79.1725,2.69,1828.0299,87.63,29.3459,11.4,1061.15,0.11,5205.34,21.3761,43.6671,104.3523,-1.4971,49.3276,6.0386,108.58,0.0911,0.0,25.8982,28.2635,0.2,33901.0013
Turkiye,2018,22.8252,428.9126,5.2687,-69.8863,116.5807,30.6806,577.0447,7.0884,37.1547,75.8316,2.57,1771.3374,85.85,32.077,11.8,1029.92,0.04,4289.96,22.3743,45.3789,105.7745,0.9593,49.1171,5.7916,109.28,0.1575,0.0,26.9135,28.4661,0.2,35668.3308
Turkiye,2019,23.6946,413.6372,5.009,-62.9118,119.4578,32.267,566.7464,6.863,37.1488,72.1974,2.59,1774.1963,83.16,43.5226,14.1,988.02,0.08,4714.0,22.1244,46.2821,107.2976,-0.3354,49.0054,6.4018,114.28,0.1706,0.0,27.4492,28.6688,0.2,39117.9343
Turkiye,2020,21.612,422.7945,5.0704,-57.2464,123.806,34.8463,583.3643,6.9961,34.4998,71.333,2.55,1762.0106,82.6,41.8477,13.7,1108.35,0.12,4733.72,22.6248,47.1631,108.3439,-1.4887,49.0651,6.6699,120.22,0.1558,0.0,27.9717,28.8715,0.2,45348.4636
Ukraine,2012,18.6767,324.8218,7.0292,4.8059,79.2474,22.3647,426.5546,9.2308,40.4358,31.4265,8.99,2651.0756,79.34,5.9077,2.9,815.63,0.0,6627.03,15.3733,16.6811,79.766,-0.548,71.2853,7.7613,88.08,1.2527,0.0,23.3657,16.5567,,55521.1607
Ukraine,2013,18.8834,315.1852,6.833,18.811,81.5187,21.1348,418.0049,9.0621,41.6783,27.0327,8.52,2517.9429,78.33,8.1217,3.5,576.45,0.0,6168.17,16.1874,15.4013,79.6223,0.0143,71.6806,8.6923,101.11,1.2354,0.0,21.573,16.5943,3.9,37711.923
Ukraine,2014,18.4263,269.2522,5.8568,19.8527,76.05,20.5676,366.0858,7.9632,38.5569,25.9617,8.3,2298.641,75.39,6.4165,3.5,593.46,0.0,6308.14,16.6873,14.1215,79.3599,-0.9331,71.6584,10.1546,101.11,1.1153,0.0,19.7804,16.6328,3.9,47187.2105
Ukraine,2015,17.792,226.0362,4.9369,19.5336,65.5388,18.8554,310.6145,6.7842,34.2506,32.3133,8.08,2027.673,71.85,5.7389,4.2,666.85,0.0,5942.97,17.6858,11.8023,79.0362,-1.6723,71.6532,12.0594,96.82,0.6287,0.0,16.5318,16.6704,3.9,48913.8074
Ukraine,2016,16.2427,227.1896,4.9804,24.2124,68.5986,21.8641,317.8601,6.968,37.195,30.2136,7.79,2007.9779,72.56,7.0375,5.5,663.42,0.0,6371.45,15.9371,12.0821,78.7461,0.553,71.6653,11.7257,102.07,0.5802,0.0,16.9238,16.6825,3.9,106760.5629
Ukraine,2017,15.6585,205.5392,4.5237,14.7691,63.1242,22.8739,291.9491,6.4255,31.575,37.0788,7.42,1967.8354,70.41,8.8082,6.5,647.82,0.0,6153.62,16.9369,13.8702,78.4327,-0.8867,71.6192,10.1777,100.01,0.654,0.0,19.4283,16.6943,3.9,85860.909
Ukraine,2018,17.1041,218.3518,4.8298,27.1898,64.3655,21.7123,305.1995,6.7509,30.6639,34.5707,7.5,2068.7561,71.71,9.5966,6.9,742.2,0.0,6265.41,16.9364,13.8702,78.0271,-1.0396,71.3307,10.1395,107.23,0.9146,0.0,19.4283,16.7035,3.9,74423.7679
Ukraine,2019,15.5795,207.8431,4.6231,25.1235,65.1046,22.9517,296.8554,6.603,29.4536,36.7817,6.95,1987.6247,70.43,9.2002,7.4,665.63,0.0,5676.08,17.5619,13.7289,77.5931,-1.8817,71.2996,8.9652,109.33,0.5338,0.0,19.2305,16.7138,3.9,45143.7758
Ukraine,2020,14.9001,198.6575,4.4462,-2.1088,66.2691,21.6049,287.5521,6.4358,26.9879,34.0531,6.98,1932.9218,70.44,12.7833,8.7,655.12,0.0,5625.81,17.4368,12.2558,77.1143,-1.7764,71.2996,9.3102,99.24,0.2884,0.0,17.167,16.7242,4.2,79461.1776
