Economy,Year,"PM2.5 air pollution, mean annual exposure (micrograms per cubic meter)",Carbon dioxide (CO2) net fluxes from LULUCF - Total excluding non-tropical fires (Mt CO2e),Total greenhouse gas emissions per capita excluding LULUCF (t CO2e/capita),Electricity production from coal sources (% of total),"Energy imports, net (% of energy use)",Energy intensity level of primary energy (MJ/$2021 PPP GDP),Energy use (kg of oil equivalent per capita),Fossil fuel energy consumption (% of total),Renewable electricity output (% of total electricity output),Renewable energy consumption (% of total final energy consumption),Cooling Degree Days,Heating Degree Days,Level of water stress: freshwater withdrawal as a proportion of available freshwater resources,Standardised Precipitation-Evapotranspiration Index,"Agriculture, forestry, and fishing, value added (% of GDP)",Food production index (2014-2016 = 100),"Adjusted savings, natural resources depletion (% of GNI)","Adjusted savings, net forest depletion (% of GNI)","Annual freshwater withdrawals, total (% of internal resources)",Forest area (% of land area),Terrestrial and marine protected areas (% of total territorial area),Tree Cover Loss
Albania,2012,20.9627,5.3536,2.8585,0.0,15.7173,2.51,699.4449,57.5886,,39.9,969.69,4552.5,6.7569,-1.0177,17.5914,95.06,1.9636,0.1839,4.1797,28.6466,,5395.4743
Albania,2013,19.4075,1.3449,2.9954,0.0,25.2004,2.89,826.0184,56.2284,,41.1,692.98,4167.62,6.6085,-0.5017,18.9248,95.64,2.2245,0.1624,4.088,28.6986,7.7,2569.968
Albania,2014,19.3679,1.2246,3.2154,0.0,28.912,2.86,844.5901,61.2387,,38.6,521.28,4026.05,6.4602,1.5296,19.2378,96.84,2.436,0.1677,3.9962,28.7505,1.8,1051.6486
Albania,2015,19.1216,1.2718,3.2085,0.0,12.6965,2.62,803.9874,47.3534,,38.5,885.16,4324.21,5.5288,-0.6564,18.7472,100.07,1.2323,0.1891,3.4201,28.8025,2.2,283.5747
Albania,2016,17.6022,1.3456,3.1141,0.0,20.2724,2.61,840.6194,0.0,,39.4,685.89,4198.41,6.5625,-0.0694,19.1672,103.09,0.7267,0.1545,4.0595,28.8022,13.1,928.3912
Albania,2017,18.5552,1.3456,3.4719,0.0,38.8336,2.64,894.4664,0.0,,36.9,877.65,4399.74,6.5565,-1.0242,18.0791,103.88,0.892,0.183,4.0558,28.7921,13.5,1686.8241
Albania,2018,19.0462,1.3456,3.5246,0.0,21.2695,2.53,904.7398,0.0,,37.8,723.39,3854.27,5.7572,-1.3465,17.9156,106.02,1.0635,0.1402,3.5613,28.792,13.5,2048.2932
Albania,2019,15.7047,1.3456,3.375,0.0,32.2318,2.45,908.3173,0.0,,40.1,841.74,4082.72,6.7969,0.3625,18.1604,104.0,1.0756,0.1399,4.2045,28.792,14.2,1073.5003
Albania,2020,15.707,1.3456,3.1628,0.0,36.47,2.34,855.1856,0.0,,44.4,776.43,4152.69,4.7236,-1.0306,18.8061,105.72,0.4984,0.1365,2.9219,28.792,14.2,1116.9702
Armenia,2012,43.2896,-0.4643,2.8331,0.0,74.3404,4.16,982.4424,77.3222,28.8091,6.6,235.82,7725.12,59.3302,-0.4054,17.9127,88.2,0.9759,0.3395,42.878,11.5962,,197.6782
Armenia,2013,41.0505,-0.4769,2.8495,0.0,73.6823,3.92,959.8017,75.4887,28.2387,6.8,168.08,7823.84,59.6127,-0.6832,18.4348,92.49,0.6953,0.2192,43.0821,11.5889,23.3,41.8413
Armenia,2014,38.6392,-0.4802,2.9758,0.0,71.6592,4.12,1045.9751,69.9822,25.7659,7.1,286.29,7436.37,57.6962,-0.8997,18.072,97.4,0.2657,0.2305,41.697,11.5816,23.1,38.1276
Armenia,2015,38.1149,-0.4789,2.961,0.0,67.6293,4.12,1084.5206,63.4819,28.328,10.7,330.28,7518.49,65.9875,0.1819,17.2231,106.65,0.513,0.2539,47.6892,11.5743,23.1,1.9901
Armenia,2016,35.8609,-0.4857,2.9179,0.0,68.2448,3.93,1043.098,0.0,32.1718,13.2,224.94,8009.69,64.1719,1.1197,16.3905,95.95,0.2168,0.2168,46.377,11.5669,23.1,30.0476
Armenia,2017,34.0154,-0.4706,2.999,0.0,68.9606,3.86,1105.967,0.0,29.2531,12.6,352.86,7926.8,57.8979,-1.6766,14.9943,95.24,0.2375,0.2375,41.8428,11.5595,23.1,41.7473
Armenia,2018,34.2014,-0.4706,3.0581,0.0,72.7318,3.51,1072.3368,0.0,30.0282,11.1,312.85,6894.05,54.7509,-0.0345,13.9423,83.48,0.6814,0.268,39.5685,11.5522,23.1,5.9025
Armenia,2019,32.6618,-0.4706,3.2271,0.0,74.1708,3.52,1163.0928,0.0,31.2254,10.3,285.56,7437.64,57.7971,-1.6376,11.5256,81.27,1.1944,0.2499,41.7699,11.5448,24.3,0.7064
Armenia,2020,30.5796,-0.4706,3.4718,0.0,74.1473,4.01,1233.3046,0.0,23.4345,8.4,229.79,7559.67,57.091,-0.1426,11.3498,85.28,1.1162,0.2745,41.2597,11.6489,24.3,18.543
Austria,2012,14.7199,-9.3784,9.9617,8.5754,65.5206,3.04,3899.1648,67.0885,76.0603,34.4,202.99,7576.21,9.4286,-0.586,1.4177,95.95,0.1687,0.0419,6.204,46.9025,,11165.7592
Austria,2013,14.6599,-5.2398,9.9637,8.9604,62.8836,3.08,3924.8214,66.1563,79.3682,34.6,216.33,7683.78,9.3212,0.1777,1.2778,96.23,0.1492,0.0405,6.1333,46.9461,24.0,7655.3314
Austria,2014,12.9541,-10.046,9.4567,7.4391,67.4889,2.95,3750.3448,65.0375,82.5402,35.7,111.59,6842.49,9.2137,0.7949,1.2756,102.03,0.1356,0.0403,6.0626,46.9897,28.3,9876.061
Austria,2015,13.6,-4.3028,9.5181,7.749,62.1474,2.99,3795.5104,65.7447,78.1279,34.8,303.85,7087.62,9.1063,-1.2206,1.1436,97.36,0.0923,0.0407,5.9919,47.0333,28.4,7941.0671
Austria,2016,12.5144,-8.341,9.4659,5.8104,64.1138,2.96,3797.168,0.0,79.2285,34.6,152.52,7314.52,8.9988,1.3329,1.1493,100.61,0.0678,0.0348,5.9212,47.077,27.6,17218.0551
Austria,2017,12.1558,-4.6461,9.6456,5.4876,65.9464,2.95,3839.9481,0.0,77.0242,34.0,229.01,7474.74,8.8913,0.3634,1.1999,98.48,0.0776,0.0332,5.8505,47.1205,28.4,18402.4732
Austria,2018,12.5862,1.6166,9.252,5.2742,66.5258,2.8,3717.6253,0.0,78.1654,34.1,234.25,6881.01,8.7839,-1.2749,1.1091,100.51,0.1007,0.045,5.7798,47.164,28.4,26335.0669
Austria,2019,11.4646,5.7884,9.362,4.5976,74.4763,2.81,3765.9801,0.0,78.1471,34.0,263.23,7000.78,8.6764,-0.2886,1.0446,99.96,0.077,0.0333,5.7091,47.1037,28.4,33659.5104
Austria,2020,10.9335,-1.1623,8.6323,3.2471,59.7669,2.84,3546.5045,0.0,80.9966,35.8,143.75,7123.64,8.6764,0.3651,1.0714,101.84,0.0421,0.0228,5.7091,47.1379,29.1,25940.4082
Belgium,2012,15.215,-0.543,11.5296,6.5804,86.3428,4.17,4822.6888,71.4519,14.2367,7.7,122.94,5605.64,65.1106,0.5467,0.8446,91.38,0.049,0.0149,44.1667,22.7357,,5635.0188
Belgium,2013,14.3698,-0.971,11.5805,6.179,87.3156,4.33,5000.3462,70.7795,15.6365,8.3,177.59,5975.35,59.3243,-0.2416,0.7646,95.83,0.0446,0.0141,40.2417,22.7319,24.3,3314.9997
Belgium,2014,12.9004,-1.0161,10.9297,5.8736,89.7059,4.02,4701.2577,72.7601,18.4604,9.1,105.47,4757.4,55.9705,-0.456,0.7165,101.8,0.0501,0.0129,37.9667,22.7282,24.2,4239.217
Belgium,2015,13.339,-0.9043,11.2817,5.8963,95.2723,3.93,4661.6638,76.296,22.3222,9.4,195.06,5242.51,49.0663,-0.9886,0.7506,101.32,0.0233,0.011,33.2833,22.7244,24.2,3420.2739
Belgium,2016,12.3939,-0.8317,11.1286,3.0827,86.2542,4.11,4904.1577,0.0,17.9651,9.2,169.69,5433.28,51.5116,0.1652,0.6732,96.87,0.0196,0.0107,34.942,22.7244,24.6,4512.2428
Belgium,2017,12.7692,-0.7137,10.908,2.7996,86.938,4.02,4863.6328,0.0,19.5541,9.7,188.4,5186.49,53.9568,-0.5727,0.7295,102.61,0.0253,0.0095,36.6007,22.7244,24.7,4137.3227
Belgium,2018,12.4926,-0.6777,10.9124,3.1237,99.699,3.8,4660.2069,0.0,24.2594,10.7,331.69,4996.99,51.2899,-1.6353,0.6646,98.91,0.0334,0.0106,34.7917,22.6052,24.6,4630.8045
Belgium,2019,11.2144,-0.4425,10.8271,2.6857,90.9302,3.83,4775.9575,0.0,21.7448,10.2,229.18,5097.44,51.5848,-1.0189,0.7188,101.26,0.0293,0.0083,34.9917,22.6044,26.1,5577.1182
Belgium,2020,11.2161,-0.4546,10.0248,2.0983,89.0758,3.71,4386.4305,0.0,27.4043,12.3,249.04,4730.82,52.1698,-1.2724,0.7128,101.9,0.0188,0.0076,35.3885,22.6044,17.6,5408.5821
Bosnia and Herzegovina,2012,35.5047,-7.5463,8.0759,69.5001,33.2945,6.85,1821.2122,91.9474,29.9404,15.3,701.47,5643.58,2.9064,-1.2991,6.1377,91.82,0.2662,0.0,1.233,41.5195,,2433.6472
Bosnia and Herzegovina,2013,33.7419,-6.141,8.1429,58.0769,29.7224,6.46,1787.3925,92.5037,41.4781,19.5,420.56,5348.83,2.8938,0.6689,6.8414,104.99,0.204,0.0001,1.2276,41.7454,1.6,2573.8976
Bosnia and Herzegovina,2014,32.4818,-6.398,7.8225,62.8032,28.2127,5.94,1682.3129,,36.7829,23.6,245.59,4830.72,2.7384,1.9666,5.9511,88.85,0.1674,0.0368,1.1617,41.9713,1.1,1789.5445
Bosnia and Herzegovina,2015,33.8055,-6.398,7.9142,63.9452,33.7089,5.86,1755.0438,85.3255,35.5831,25.2,594.1,5438.09,2.7789,-1.0013,6.0376,99.16,0.2194,0.1337,1.1789,42.1973,1.5,580.5049
Bosnia and Herzegovina,2016,30.3847,-6.398,8.9987,67.6591,31.56,6.21,1945.2548,0.0,31.8909,23.0,360.53,5403.66,2.7862,0.0896,6.1656,111.99,0.1982,0.0873,1.182,42.51,1.4,2307.9795
Bosnia and Herzegovina,2017,30.9018,-6.398,9.2899,75.0639,34.0764,6.0,1966.743,0.0,24.4239,18.5,557.54,5653.66,2.662,-1.4686,5.431,94.61,0.1654,0.0146,1.1293,42.7326,1.4,1339.3148
Bosnia and Herzegovina,2018,32.499,-6.398,9.5234,64.9113,24.2811,6.41,2205.4002,0.0,34.7129,35.4,385.78,5088.32,2.0717,-0.752,5.7188,114.96,0.126,0.0,0.8789,42.7326,1.4,2673.232
Bosnia and Herzegovina,2019,26.7158,-6.398,9.1325,62.6708,27.3941,6.02,2157.7163,0.0,36.9519,36.8,505.27,5104.54,2.0286,0.0867,5.45,105.39,0.0557,0.0,0.8606,42.7326,1.4,1232.2104
Bosnia and Herzegovina,2020,26.602,-6.398,9.2366,70.2086,25.3934,6.1,2152.7302,0.0,29.5306,37.7,386.4,5182.29,2.0005,-1.0435,5.9144,115.06,0.0469,0.0,0.8487,42.7326,3.6,1842.1803
Bulgaria,2012,23.0864,-7.9393,8.5459,48.3698,37.354,5.5,2493.0781,72.7741,12.7739,15.6,1022.33,5209.32,42.2396,-0.9123,4.4301,83.86,0.7467,0.0,27.2124,34.7771,,9977.5057
Bulgaria,2013,21.4901,-6.9319,7.9674,44.2588,39.0539,5.12,2353.3076,70.507,17.5078,18.2,706.77,4794.75,40.4169,-0.939,4.5154,102.69,0.5049,0.0,26.0381,34.9539,35.0,3692.7615
Bulgaria,2014,21.9922,-8.1906,8.5566,44.8621,35.7152,5.32,2499.707,71.9161,16.7401,17.1,558.35,4796.53,39.7369,2.2212,4.5587,100.74,0.3158,0.0,25.6,35.1308,31.5,6688.4507
Bulgaria,2015,20.7937,-7.7694,8.98,45.7513,37.1318,5.36,2637.5035,36.0045,18.794,17.9,738.4,4857.24,41.6099,0.4252,4.062,97.47,0.2323,0.0,26.8067,35.3077,32.8,7293.0669
Bulgaria,2016,19.9792,-9.5771,8.7479,42.766,39.3294,5.07,2606.6105,0.0,17.0803,17.7,774.68,4952.14,42.0504,-0.2804,4.0549,101.79,0.1872,0.0,27.0905,35.3814,28.3,7394.7091
Bulgaria,2017,20.0338,-9.5484,9.1965,45.852,40.2668,5.11,2732.2224,0.0,14.8995,17.1,778.88,5169.81,41.8213,0.3132,4.0432,106.22,0.3094,0.0,26.9429,35.5011,28.3,7687.6226
Bulgaria,2018,19.716,-9.6156,8.8454,39.8382,37.3715,4.97,2764.2751,0.0,20.6175,19.6,676.27,4798.08,40.099,-0.0412,3.4046,105.22,0.2839,0.0,25.8333,35.6209,28.3,9753.9215
Bulgaria,2019,17.538,-9.3461,8.7345,38.9014,39.3232,4.72,2771.1242,0.0,17.9281,19.3,735.32,4477.51,40.0769,-1.6319,3.2021,107.09,0.2463,0.0,25.819,35.7406,32.8,4125.0189
Bulgaria,2020,17.1474,-9.3876,8.027,33.2041,38.9217,4.68,2664.5515,0.0,19.5452,21.1,754.83,4722.99,36.7285,-1.0222,3.436,90.38,0.2954,0.0,23.6619,35.8604,33.1,4795.2148
Croatia,2012,20.9195,-5.4004,6.1015,20.8089,50.6393,3.5,2020.4842,72.3693,50.431,29.4,981.11,4659.95,1.4512,-1.3589,3.2839,89.06,1.0874,0.2643,1.7314,34.3221,,5004.4285
Croatia,2013,20.264,-6.3045,6.0433,17.2289,48.2824,3.44,1990.5414,71.4295,66.7575,32.8,704.13,4593.07,1.3982,0.5976,3.4377,96.39,0.9029,0.2488,1.6682,34.3292,8.0,2997.7527
Croatia,2014,19.8289,-6.1595,5.9371,17.4709,45.0191,3.29,1909.8358,70.8748,74.1793,33.6,494.11,3891.98,1.2893,1.8037,2.9388,94.25,0.6931,0.2092,1.5382,34.3364,23.7,4559.4857
Croatia,2015,20.1719,-5.8747,6.1607,20.2578,49.6289,3.35,2018.5426,28.9492,67.306,33.1,903.8,4461.1,1.3803,-0.7807,2.9638,96.59,0.5687,0.2087,1.6468,34.3435,23.7,2669.0481
Croatia,2016,18.1778,-5.8747,6.3583,20.2496,49.3077,3.26,2057.1887,0.0,66.8353,31.8,692.94,4523.36,1.4153,0.166,3.0598,109.16,0.4194,0.191,1.6886,34.3814,23.5,5372.9631
Croatia,2017,18.7614,-5.1676,6.6284,11.4078,54.2576,3.26,2159.9695,0.0,61.0532,29.8,866.58,4614.77,1.5028,-1.1721,2.8902,93.43,0.5217,0.2254,1.793,34.5152,23.6,5846.6453
Croatia,2018,20.0014,-5.6561,6.446,10.6522,54.123,3.08,2127.6388,0.0,72.374,32.8,858.62,4225.78,1.4867,-0.7839,2.9509,102.04,0.5981,0.1982,1.7738,34.5599,23.6,8285.3402
Croatia,2019,15.9149,-5.8919,6.5861,12.8448,57.7963,3.01,2173.1984,0.0,66.2484,31.6,847.82,4153.09,1.494,0.2339,2.8569,99.35,0.4629,0.18,1.7825,34.6046,23.6,5977.6268
Croatia,2020,16.1209,-5.8773,6.4981,9.0773,54.1708,3.16,2104.8453,0.0,64.9877,32.4,691.57,4244.77,1.4629,-0.6525,3.1286,108.55,0.3057,0.1746,1.7454,34.6517,23.9,6051.7226
Czechia,2012,19.2883,-9.2699,13.155,53.2693,25.4296,5.09,4109.5446,76.159,10.0615,12.8,271.87,6649.05,27.9866,-0.8678,2.2316,85.84,0.1838,0.0155,13.9954,34.4657,,14006.6854
Czechia,2013,18.9336,-8.5876,12.7234,50.2928,27.7106,5.09,4110.9917,74.9101,11.7516,13.9,254.49,6856.17,25.0958,0.2334,2.3476,93.01,0.1094,0.0187,12.5498,34.4987,21.9,7658.9912
Czechia,2014,18.3617,-8.4771,12.5327,50.5305,30.2869,4.83,3984.1541,73.974,11.867,14.8,194.17,5812.35,25.0912,-0.1962,2.3927,101.46,0.0966,0.0206,12.5475,34.5272,21.8,13942.7428
Czechia,2015,17.8128,-8.5334,12.6612,52.2541,32.1173,4.59,3982.1884,75.3495,12.7512,14.8,432.52,6083.82,24.3826,-1.9117,2.2589,97.07,0.0818,0.0286,12.1932,34.5602,21.7,8047.2074
Czechia,2016,16.9929,-7.6496,12.7466,53.5848,32.8779,4.43,3927.7252,0.0,12.7075,14.8,211.42,6394.56,24.8601,-0.1921,2.1481,101.47,0.0898,0.0422,12.4319,34.5791,22.1,22813.3622
Czechia,2017,16.9433,-6.2332,12.7877,50.456,37.288,4.39,4089.5134,0.0,12.4026,14.5,261.77,6485.07,24.7871,-0.581,2.1055,94.94,0.1239,0.0681,12.3954,34.6025,22.2,26518.1156
Czechia,2018,17.3467,-1.2856,12.5927,49.4906,37.0867,4.26,4081.4187,0.0,11.9061,14.7,391.78,5898.96,24.1788,-2.1456,1.9686,92.9,0.1767,0.1182,12.0913,34.626,22.2,39194.8738
Czechia,2019,14.2337,4.7443,12.0123,45.3254,41.0173,4.07,4002.2461,0.0,12.9178,15.9,356.25,5914.11,22.9015,-1.5681,1.8915,92.92,0.2238,0.1841,11.4525,34.6514,22.2,73288.6802
Czechia,2020,14.1111,7.4412,11.0534,40.0937,38.785,4.06,3764.4716,0.0,14.3377,17.0,193.88,6046.17,20.7725,-0.8997,1.944,96.91,0.2462,0.2224,10.3878,34.678,22.2,100267.3712
Denmark,2012,10.8115,0.548,9.4714,34.329,-3.473,2.5,3072.0872,71.312,48.3304,26.9,27.3,6535.71,19.6998,0.3584,1.6176,98.74,1.2652,0.0063,12.1417,15.0442,,4451.9524
Denmark,2013,10.3963,0.1729,9.7159,41.1375,13.3346,2.49,3075.5514,71.3967,45.9609,27.0,45.14,6487.93,27.285,-0.9572,1.2566,97.3,0.9549,0.0089,16.8167,15.2351,17.6,2015.3666
Denmark,2014,10.8105,0.4805,8.928,34.3773,13.4604,2.31,2881.0525,67.5053,55.8777,30.2,123.46,5478.51,26.7496,-0.1013,1.3534,99.93,0.7977,0.0106,16.4867,15.426,20.5,5320.7705
Denmark,2015,10.2267,-0.4672,8.4875,24.5646,14.4191,2.25,2847.9879,64.2119,65.4356,32.5,27.48,5936.09,21.9524,0.8855,0.9083,101.24,0.4393,0.011,13.53,15.617,20.5,2583.2304
Denmark,2016,9.2343,0.4141,8.7262,29.0294,14.9737,2.23,2891.0269,0.0,60.2201,32.0,63.82,6032.02,23.9858,-0.8799,0.9288,98.83,0.2875,0.0083,14.7832,15.6165,17.9,4656.3405
Denmark,2017,10.0946,0.2731,8.2746,20.0019,12.4713,2.18,2896.5707,0.0,70.266,35.0,4.22,6017.76,24.2239,2.0049,1.2599,102.11,0.3958,0.0072,14.93,15.64,20.7,4360.354
Denmark,2018,10.3539,2.0733,8.2277,21.6339,25.1646,2.13,2870.4163,0.0,68.3574,34.6,164.33,5800.29,29.9031,-2.1774,0.997,92.87,0.477,0.008,18.4303,15.664,17.9,3161.6253
Denmark,2019,9.612,1.0592,7.5726,11.2176,43.7676,2.03,2757.2499,0.0,78.1718,37.2,83.41,5738.86,25.5704,0.4938,1.2412,100.59,0.3518,0.0063,15.7599,15.6875,17.7,9180.3336
Denmark,2020,9.0698,0.8057,7.1808,10.6551,48.3343,1.99,2637.043,0.0,81.6168,39.5,90.86,5513.46,25.6159,-1.1133,1.3375,102.64,0.1136,0.0053,15.788,15.711,17.9,3193.5935
Estonia,2012,7.9901,-1.9973,19.5457,86.1202,22.4673,5.74,3984.0634,20.4941,12.3417,25.0,57.72,8605.65,17.6515,2.038,3.2843,89.2,0.8242,0.0,12.8324,55.9098,,17685.1527
Estonia,2013,8.0812,-0.901,21.5502,88.693,15.8496,6.27,4435.5669,17.9265,9.1973,24.5,117.84,7774.46,18.9177,-0.7051,3.0474,92.45,0.7317,0.0,13.753,54.9118,19.4,17088.7434
Estonia,2014,8.7077,-0.2133,21.02,87.3534,12.4657,5.79,4226.2012,15.7466,11.1825,25.3,218.88,7734.58,18.6147,-0.4325,3.115,97.32,0.7859,0.0,13.5327,55.3028,19.4,23576.6088
Estonia,2015,7.185,0.361,19.6978,82.7651,12.0087,4.97,3695.1192,14.7459,15.4272,28.2,39.6,7193.32,17.4821,-0.9746,2.8064,111.23,0.4655,0.0,12.7092,55.6938,19.4,25420.2907
Estonia,2016,6.8784,1.2973,19.2272,83.7209,8.5862,5.98,4579.4211,0.0,13.047,27.2,70.36,7883.36,18.9545,0.6924,2.0716,91.45,0.3148,0.0,13.7797,55.6993,19.5,36334.8572
Estonia,2017,6.1549,1.2094,20.3298,83.8526,4.8111,5.49,4444.8467,0.0,14.1225,27.5,14.41,7869.96,19.3171,1.727,2.3389,99.56,0.5195,0.0,14.0433,57.0386,19.5,38856.6937
Estonia,2018,7.7967,2.9541,21.5924,81.988,1.4647,5.21,4282.7151,0.0,16.0854,28.6,243.6,7617.02,17.4084,-1.7811,2.0494,84.71,0.7988,0.0,12.6557,57.0386,19.5,40037.8772
Estonia,2019,6.8448,2.7782,14.9788,70.151,5.1177,4.22,3661.4993,0.0,28.1355,31.3,103.04,7275.11,10.8923,0.2045,2.2656,106.79,0.7336,0.0,7.9186,57.0386,19.7,45917.2458
Estonia,2020,6.1457,0.7951,12.0466,49.1115,11.4816,3.92,3368.2373,0.0,48.8761,40.4,85.51,6717.25,9.2311,-0.1461,1.9318,107.74,0.3748,0.0,6.7109,57.0386,20.1,36805.569
Finland,2012,6.2312,-25.3717,12.6787,16.0074,47.4849,5.71,6265.7723,43.102,40.5621,38.7,14.61,10723.33,9.4968,2.1152,2.1884,94.73,0.1695,0.0,3.7428,73.4108,,160310.4093
Finland,2013,5.8529,-18.5726,12.7899,20.1678,50.0732,5.67,6138.3141,42.4733,35.968,38.5,56.36,9637.64,8.4861,-0.5947,2.2118,99.5,0.1097,0.0,3.3445,73.5207,13.9,148660.9706
Finland,2014,6.1186,-19.3948,12.0045,17.3554,50.2608,5.81,6246.0415,41.9618,38.5804,41.2,143.39,9613.09,7.4755,-0.4294,2.2176,101.04,0.089,0.0,2.9462,73.6306,14.2,186629.0141
Finland,2015,5.625,-14.1892,11.2767,12.8092,48.5425,5.5,5921.5968,40.2291,44.5012,43.2,6.19,9298.22,6.4648,1.2093,2.0605,99.53,0.0503,0.0,2.5479,73.7356,14.2,172639.5803
Finland,2016,5.2781,-9.5057,11.7568,15.2843,46.6828,5.54,6120.633,0.0,44.2315,42.4,22.77,9827.94,5.4541,1.1139,2.0898,99.43,0.0276,0.0,2.1495,73.7356,14.3,240428.4632
Finland,2017,5.1267,-5.9387,11.1737,13.6457,45.2672,5.34,6070.1575,0.0,46.614,44.4,1.71,10127.52,5.4541,1.2527,2.068,98.01,0.0795,0.0,2.1495,73.7332,14.1,336198.5406
Finland,2018,5.497,4.3632,11.4187,14.3304,46.7658,5.37,6165.444,0.0,45.741,44.2,168.92,9799.61,6.6398,-1.5896,2.1142,92.96,0.0884,0.0,2.6168,73.7332,14.2,269954.6259
Finland,2019,5.3787,0.5307,10.7952,11.6038,44.4037,5.19,6024.6537,0.0,46.4434,45.4,59.43,10029.18,7.1141,1.0067,2.1898,102.16,0.0424,0.0,2.8037,73.7308,13.1,289910.434
Finland,2020,4.8952,-0.9844,9.8284,7.4783,43.8669,5.07,5739.2545,0.0,51.8681,47.3,47.6,9001.12,7.1141,0.742,2.2404,98.51,0.0242,0.0,2.8037,73.7284,13.0,254472.6003
France,2012,12.5586,-46.3395,7.5445,4.2105,49.9192,3.83,3929.206,47.8592,15.7357,12.3,323.99,4928.8,24.5671,-0.168,1.5259,97.79,0.0118,0.0,14.0315,30.7743,,67302.6687
France,2013,12.4583,-52.1844,7.4245,4.5213,49.7187,3.82,3925.8655,47.4024,17.9491,13.4,343.07,5213.27,23.774,0.5481,1.3614,96.25,0.0093,0.0,13.5785,30.929,23.5,30351.842
France,2014,10.6877,-44.6721,6.8744,2.4141,47.8596,3.63,3755.8324,45.0352,17.4241,13.2,254.23,4253.59,23.8965,0.0537,1.4615,102.48,0.007,0.0,13.6485,31.0838,23.4,44359.1132
France,2015,11.3443,-41.5099,6.9374,2.5101,47.584,3.65,3799.1926,45.1766,16.6913,13.3,431.63,4537.35,24.6135,-1.6831,1.5036,102.22,0.0039,0.0,14.058,31.2385,23.2,37292.5856
France,2016,10.5082,-37.6674,6.9385,2.1693,49.1471,3.54,3718.1705,0.0,18.3955,14.2,367.29,4833.43,23.1428,-0.7236,1.338,95.29,0.003,0.0,13.218,31.3933,25.9,60768.5202
France,2017,10.4583,-29.8464,6.9603,2.702,50.6501,3.46,3705.4111,0.0,17.3814,14.1,439.05,4726.2,23.5892,-1.3891,1.435,101.33,0.004,0.0,13.473,31.548,27.8,69249.0433
France,2018,10.4599,-39.8144,6.7356,1.8106,48.7406,3.37,3669.3707,0.0,20.4355,15.2,508.3,4383.58,23.569,-0.8703,1.5311,97.17,0.0068,0.0,13.4615,31.7028,33.2,69201.6634
France,2019,9.8252,-36.5979,6.5878,1.0276,49.7065,3.26,3605.5319,0.0,20.6287,15.5,495.78,4549.42,22.9468,-1.0763,1.4083,98.0,0.0054,0.0,13.106,31.8575,35.0,81304.4477
France,2020,9.6004,-39.2143,5.9405,0.9276,45.791,3.18,3228.4892,0.0,24.3566,16.8,456.99,4213.67,21.5981,-1.0459,1.4604,93.7,0.0256,0.023,12.3358,32.0122,36.2,77745.7371
Germany,2012,13.9079,-5.8578,11.457,45.5366,63.4092,3.27,3913.4392,79.8734,23.7361,13.6,180.5,6144.44,46.1172,-0.4612,0.9114,96.12,0.0789,0.0,31.4459,32.7452,,26007.2481
Germany,2013,13.6634,-8.4696,11.6378,46.8153,64.6342,3.32,3986.1851,80.1392,24.757,13.6,218.66,6417.75,34.7122,-0.2185,0.9271,97.08,0.0598,0.0,23.6692,32.719,38.9,15498.9546
Germany,2014,12.2822,2.3407,11.1039,45.3819,64.0352,3.11,3794.4472,79.3957,26.8209,14.0,178.83,5328.41,42.9113,-0.8022,0.9156,102.97,0.0398,0.0,29.2599,32.7228,38.5,21169.1432
Germany,2015,12.8254,-2.4594,11.0697,43.7615,64.4354,3.08,3780.8503,79.628,30.0329,14.6,298.52,5687.9,40.8901,-1.3409,0.7085,99.27,0.0273,0.0,27.8817,32.7323,38.5,12929.494
Germany,2016,11.7807,1.1037,11.0132,42.0011,66.3065,3.02,3765.218,0.0,30.0193,14.2,222.83,5917.32,33.5019,-0.7121,0.7305,97.76,0.0185,0.0,22.8439,32.6855,38.8,26876.854
Germany,2017,11.8978,-5.1206,10.7729,38.6743,66.6212,2.95,3763.194,0.0,34.0095,15.2,197.22,5838.42,38.0324,0.358,0.86,97.5,0.0236,0.0,25.9331,32.6845,38.8,32999.1381
Germany,2018,11.6526,75.8745,10.3648,37.3124,66.2019,2.85,3659.2292,0.0,35.6372,16.0,400.93,5428.24,36.8985,-2.2459,0.7425,91.87,0.0279,0.0,25.1599,32.6836,38.8,52238.958
Germany,2019,10.6378,64.3793,9.7005,29.9558,69.924,2.76,3570.8816,0.0,40.5775,17.1,324.37,5507.27,35.3517,-1.4329,0.8331,94.41,0.0477,0.0,24.1052,32.6827,38.5,108232.9097
Germany,2020,10.2877,69.0941,8.9829,24.9711,65.3856,2.69,3349.1993,0.0,44.8396,18.5,239.1,5368.72,35.3517,-1.5461,0.7287,95.45,0.0397,0.0,24.1052,32.6827,38.8,186938.8613
Greece,2012,18.8095,-3.6263,9.3644,51.0491,73.0863,3.57,2408.7558,89.9414,16.9602,14.2,1488.67,3416.27,20.0991,-0.8739,3.4191,103.29,0.1014,0.0107,17.1293,30.27,,13242.1437
Greece,2013,17.9601,-2.5903,8.7412,46.2031,69.139,3.22,2133.1284,87.7901,25.1734,16.6,1249.24,3030.28,20.0789,-1.0485,3.3515,93.64,0.0708,0.0126,17.1121,30.27,8.6,5906.556
Greece,2014,16.8699,-2.0318,8.5401,51.0084,72.9934,3.17,2128.7923,85.8515,24.3841,16.4,1112.37,2959.26,20.0607,1.7323,3.5335,97.19,0.0615,0.0127,17.0966,30.27,8.6,3803.2117
Greece,2015,17.2372,-3.4983,8.4504,42.6167,79.0744,3.19,2148.0471,83.8826,28.7273,17.5,1218.22,3258.46,20.0445,-0.0315,3.8215,103.65,0.037,0.0124,17.0828,30.27,8.6,3840.1217
Greece,2016,15.775,-4.1013,8.3479,34.6872,81.383,3.13,2109.4166,0.0,27.3987,16.4,1240.56,3095.69,20.5058,-0.8888,3.4581,99.16,0.0518,0.0125,17.4759,30.27,8.6,6034.1999
Greece,2017,15.6724,-3.8368,8.408,33.954,81.8523,3.15,2148.0516,0.0,25.1118,16.4,1242.97,3290.42,20.5017,-0.7163,3.7523,99.76,0.0592,0.0142,17.4724,30.27,8.6,8909.1977
Greece,2018,15.584,-4.6801,8.1917,32.265,82.0229,3.01,2089.3604,0.0,30.3497,17.9,1234.39,2889.65,20.4774,-0.3455,3.5257,98.37,0.0759,0.0132,17.4517,30.27,11.0,7122.6687
Greece,2019,14.9419,-5.188,7.6556,24.9311,87.499,2.91,2058.5434,0.0,33.2085,18.5,1317.47,3006.17,20.4633,0.431,3.6615,100.63,0.0501,0.0096,17.4397,30.27,11.0,7604.9472
Greece,2020,14.4089,-5.1826,6.7563,13.6888,91.2123,2.85,1839.4882,0.0,36.5812,20.1,1261.32,3071.31,20.4774,-1.3513,3.9238,101.91,0.0275,0.0091,17.4517,30.27,11.0,5427.8254
Hungary,2012,18.932,-4.8308,6.6074,18.744,50.1849,4.15,2490.1858,68.1936,7.6392,16.5,955.37,5189.72,8.7237,-1.7249,3.8885,79.07,0.4394,0.0,84.1833,22.6683,,11919.6393
Hungary,2013,17.853,-4.0962,6.3767,21.0735,50.0908,3.94,2420.1695,65.4247,9.2007,17.2,708.5,5119.29,9.0674,-0.4014,3.9225,88.31,0.3519,0.0,87.5,22.7002,23.2,8947.1385
Hungary,2014,17.9398,-5.1319,6.4239,20.7938,59.7317,3.77,2423.515,65.3463,10.7167,15.7,533.33,4379.24,6.7755,0.7024,3.9453,100.22,0.271,0.0,65.3833,22.5502,22.6,15135.4187
Hungary,2015,17.9803,-5.7259,6.7472,19.4598,53.8369,3.85,2571.1509,66.1102,10.6358,15.6,893.34,4918.5,6.9603,-1.258,3.7614,95.39,0.1682,0.0,67.1667,22.5819,22.6,10717.8161
Hungary,2016,16.2389,-4.5734,6.8552,18.049,55.8033,3.81,2613.0935,0.0,10.2126,15.3,657.3,5124.02,6.8377,0.4287,3.8677,104.39,0.1185,0.0,65.9833,22.559,22.6,14018.7685
Hungary,2017,17.0237,-5.3946,7.1832,15.4884,62.7321,3.81,2737.4533,0.0,10.5727,14.6,774.66,5195.74,8.1805,-1.1074,3.7489,98.88,0.1546,0.0,78.942,22.543,22.6,14115.9745
Hungary,2018,17.5019,-4.8251,7.2228,15.0747,58.3634,3.61,2738.8273,0.0,11.7442,13.6,899.18,4702.17,8.4948,-1.3093,3.4716,98.34,0.2284,0.0,81.9744,22.5282,22.6,13808.8318
Hungary,2019,14.6412,-5.4148,7.2532,12.2015,69.8127,3.46,2749.2413,0.0,13.6771,13.6,805.37,4537.77,7.7082,-1.0844,3.3251,97.08,0.2013,0.0,74.3846,22.5123,22.6,14401.0124
Hungary,2020,14.1365,-7.1294,7.1022,10.9533,56.4069,3.56,2713.1792,0.0,15.8288,14.8,642.82,4826.42,7.7399,-0.6095,3.3625,93.68,0.113,0.0,74.69,22.4963,22.6,12016.304
Iceland,2012,6.1102,6.3956,15.1483,0.0,,15.11,17633.6483,10.3286,99.9862,77.7,0.08,10621.45,0.3995,0.3651,6.4895,93.72,0.0004,0.0004,0.1729,0.4595,,
Iceland,2013,5.9646,6.3961,15.1274,0.0,,15.07,18212.7336,10.3844,99.9742,76.8,0.0,10847.04,0.3956,0.9224,5.7944,92.91,0.0004,0.0004,0.1712,0.4665,2.7,
Iceland,2014,5.7871,6.3896,14.1814,0.0,,14.77,17947.0382,10.9097,99.9873,77.6,0.0,10053.47,0.3742,1.4038,5.2244,95.52,0.0004,0.0004,0.162,0.4734,2.3,
Iceland,2015,5.7333,6.3804,14.6257,0.0,,13.47,16910.7212,11.6682,99.9874,78.0,0.0,11046.65,0.3798,1.4606,5.2502,100.06,0.0003,0.0003,0.1644,0.4804,2.3,
Iceland,2016,5.2772,6.3631,12.991,0.0,,11.93,15701.473,0.0,99.9936,80.9,0.0,10152.03,0.3533,1.3284,4.5396,104.42,0.0003,0.0003,0.1529,0.4854,2.4,
Iceland,2017,5.84,6.3353,13.1273,0.0,,12.12,16234.983,0.0,,80.8,0.0,10243.6,0.3941,1.1004,3.748,107.98,0.0002,0.0002,0.1706,0.4926,2.5,
Iceland,2018,5.5592,6.3235,12.6885,0.0,,12.68,17346.7503,0.0,,81.4,0.0,10579.78,0.3941,2.1277,4.2466,108.05,0.0002,0.0002,0.1706,0.4963,2.5,
Iceland,2019,5.4816,6.3369,12.027,0.0,,12.25,16700.592,0.0,,81.7,0.0,10629.63,0.3941,0.2522,4.3181,107.08,0.0001,0.0001,0.1706,0.5027,2.7,
Iceland,2020,5.1055,6.3569,11.5368,0.0,,12.92,16083.61,0.0,,82.9,0.0,10985.05,0.3941,0.9651,4.6007,103.55,0.0001,0.0001,0.1706,0.5093,2.8,
Ireland,2012,9.5889,-0.6075,14.6192,27.2127,89.7223,2.22,2858.9174,86.6778,19.9411,6.9,1.93,5702.51,4.7177,0.8308,0.9863,85.76,0.04,0.0,2.0007,10.6561,,5829.0577
Ireland,2013,9.1941,0.006,14.3484,25.251,94.5991,2.19,2802.6096,86.6588,22.9749,7.7,33.17,5692.82,5.0759,-0.2911,1.07,89.99,0.0142,0.0,2.1526,10.7556,3.3,4778.0833
Ireland,2014,8.8447,0.2305,14.2122,24.6542,91.2792,1.97,2726.6053,84.9012,25.4904,8.8,8.21,5343.97,5.4342,1.2759,1.2173,96.22,0.0153,0.0,2.3045,10.8552,3.4,5719.0629
Ireland,2015,8.8116,0.1239,14.4167,25.9396,95.2316,1.65,2825.9812,85.1584,28.599,9.5,0.98,5748.47,5.7924,1.5562,0.8687,100.61,0.0033,0.0,2.4565,10.9547,4.0,4484.2146
Ireland,2016,8.1102,-0.742,14.8663,22.9086,74.2255,1.7,2932.3042,0.0,25.4968,8.6,5.9,5571.78,6.1507,-0.3463,0.9259,103.17,0.059,0.0,2.6084,11.0662,4.0,9390.4179
Ireland,2017,8.3843,0.9645,14.4812,18.7373,71.4047,1.51,2854.8582,0.0,29.3129,10.1,3.08,5343.74,6.5089,0.2052,1.1198,110.85,0.1172,0.0,2.7603,11.1775,4.0,6125.4823
Ireland,2018,8.2986,0.1257,13.7212,13.5622,73.3282,1.41,2820.4414,0.0,33.3837,10.8,26.73,5479.64,6.8672,0.1656,0.9282,110.61,0.1322,0.0,2.9122,11.2356,4.0,8381.4871
Ireland,2019,7.8924,0.289,13.1175,7.8147,75.4138,1.33,2747.9016,0.0,38.706,12.3,5.36,5426.68,7.4013,0.8769,0.9539,114.89,0.064,0.0,3.1388,11.2937,4.0,10354.2201
Ireland,2020,8.1706,0.9005,12.4819,4.9016,74.191,1.21,2633.9769,0.0,42.3895,13.7,1.74,5478.76,7.4302,1.4113,1.009,116.55,0.0308,0.0,3.151,11.3517,4.0,6212.8905
Italy,2012,18.7657,-24.9175,7.9197,18.0802,81.839,2.72,2680.4621,82.1863,31.4795,14.4,1041.15,4276.49,29.8846,-1.4194,1.9089,103.35,0.1283,0.0,18.5841,30.8931,,21486.6303
Italy,2013,18.0541,-40.0641,7.3409,16.7329,79.2945,2.67,2576.4562,79.9549,39.3087,16.3,787.53,4222.61,29.9441,-0.0853,2.0578,101.77,0.1161,0.0,18.6211,31.0751,11.2,15522.5461
Italy,2014,16.8937,-40.7342,7.0227,16.626,78.3882,2.52,2433.1626,78.5887,43.7427,17.1,694.73,3718.96,29.9338,0.5627,1.9085,95.58,0.0999,0.0,18.6147,31.257,11.3,19831.9102
Italy,2015,17.76,-42.3109,7.198,16.0386,79.588,2.6,2533.0235,78.9818,38.994,16.6,997.46,3994.31,29.9234,-1.8669,1.9915,102.55,0.0567,0.0,18.6083,31.439,11.3,14124.3052
Italy,2016,15.7011,-44.5666,7.1401,13.2531,80.4851,2.54,2511.4635,0.0,37.9133,16.1,800.63,3958.85,29.8426,-1.2237,1.8492,101.88,0.0271,0.0,18.558,31.621,13.3,24717.6486
Italy,2017,15.966,-28.0306,7.1018,11.8636,81.178,2.54,2557.3254,0.0,35.7423,16.4,999.96,4161.73,29.7618,-2.2057,1.8934,97.96,0.0405,0.0,18.5078,31.8029,13.3,34091.5157
Italy,2018,16.3354,-50.0841,7.0138,10.6849,80.9707,2.47,2503.3499,0.0,40.0899,17.1,917.48,3857.79,29.681,-1.3137,1.8576,99.17,0.0688,0.0,18.4575,31.9849,13.4,38839.6198
Italy,2019,14.8937,-48.1942,6.9228,7.2322,82.228,2.43,2494.0266,0.0,40.0522,17.3,1003.52,4016.81,29.822,-0.2091,1.8187,98.46,0.0581,0.0051,18.5452,32.167,13.3,59702.1465
Italy,2020,14.6586,-40.4766,6.3174,5.362,76.8695,2.47,2313.1001,0.0,42.3735,18.7,879.67,3928.52,29.7982,-1.3144,1.928,99.92,0.0452,0.0098,18.5304,32.3489,14.0,28245.3568
Latvia,2012,14.9825,-4.8945,6.1816,0.0324,60.9111,3.79,2171.0787,58.0287,66.6327,40.4,90.48,8177.31,1.4626,1.5391,3.5329,87.12,0.1081,0.0,1.4652,54.3148,,34285.4159
Latvia,2013,15.4094,-3.6158,6.1259,0.0483,60.4801,3.65,2156.5883,58.9126,56.9196,39.6,139.71,7638.6,1.3907,-0.5302,3.2121,84.64,0.0706,0.0,1.3932,54.3769,17.8,27766.439
Latvia,2014,16.0993,0.3455,6.124,0.0,43.7074,3.58,2177.0297,56.7126,54.533,40.2,222.33,7473.07,0.9929,-0.4437,3.6164,88.76,0.0702,0.0,0.9947,54.439,17.8,32203.1645
Latvia,2015,13.6554,-0.9422,6.3113,0.0,55.533,3.39,2155.8522,58.9693,50.1851,38.1,80.25,7026.59,1.0412,-1.3928,3.5545,107.21,0.0274,0.0,1.0431,54.5011,17.8,30829.6865
Latvia,2016,12.6031,-2.8055,6.3615,0.0,52.0818,3.3,2172.4388,0.0,54.1842,38.5,122.33,7577.52,1.0952,0.6077,3.3253,104.03,0.0149,0.0,1.0972,54.5633,17.5,44945.4171
Latvia,2017,11.668,-4.2994,6.3496,0.0,48.1887,3.31,2265.2169,0.0,72.5229,42.6,33.61,7600.81,1.0673,1.7845,3.6248,106.11,0.0285,0.0,1.0692,54.6255,17.5,47085.3062
Latvia,2018,14.2076,-1.891,6.6995,0.1041,46.2654,3.35,2403.4998,0.0,52.0315,41.0,247.49,7303.24,1.0804,-1.8415,3.661,83.61,0.0635,0.0,1.0823,54.6877,17.5,46923.5214
Latvia,2019,12.4866,-3.6043,6.6799,0.0,48.4186,3.16,2343.5158,0.0,49.5823,41.5,146.48,6878.36,1.0526,-0.6596,3.8534,104.75,0.0469,0.0,1.0545,54.7499,17.5,57402.9306
Latvia,2020,11.602,-0.8784,6.4135,0.0009,48.6028,3.08,2251.3825,0.0,63.7584,43.8,123.92,6499.2,1.0678,-0.7413,4.0792,110.74,0.0242,0.0,1.0697,54.8094,17.5,50462.7838
Lithuania,2012,12.3731,-10.5222,8.5088,0.0,80.0964,3.78,2468.1646,72.8845,33.6506,23.9,141.81,7751.89,3.8702,1.1057,4.0001,91.86,0.0762,0.0,3.4722,34.7321,,17602.9006
Lithuania,2013,12.4132,-9.8089,8.0725,0.0,78.012,3.44,2352.9134,70.0491,43.5531,26.3,175.74,7314.92,3.2242,-0.2197,3.5344,87.76,0.0552,0.0,2.8926,34.7858,16.4,13922.7766
Lithuania,2014,12.7577,-8.9107,8.1534,0.0455,76.5302,3.33,2376.2754,68.1949,50.0341,27.7,248.15,7092.33,2.5782,-0.7296,3.4402,95.06,0.0453,0.0,2.3131,34.854,16.4,15972.1884
Lithuania,2015,11.3029,-7.8985,8.4945,0.0,77.6835,3.3,2420.6056,-61.3789,47.6992,29.0,148.15,6724.32,2.7527,-1.658,3.4367,105.97,0.0204,0.0,2.4696,34.9082,16.9,15794.3394
Lithuania,2016,10.2329,-6.9937,8.5039,0.0,78.0349,3.29,2504.9838,0.0,62.9395,31.5,167.13,7238.94,2.2199,0.4289,3.1206,98.97,0.0123,0.0,1.9916,34.9606,17.3,25531.6871
Lithuania,2017,9.7999,-6.3464,8.7607,0.0,75.1292,3.3,2653.3998,0.0,74.4411,33.8,61.7,7151.46,1.8673,1.5615,3.5493,100.73,0.0148,0.0,1.6753,35.0569,17.7,25803.6042
Lithuania,2018,11.0839,-5.269,8.6744,0.0,77.7376,3.22,2711.1619,0.0,77.8468,33.7,291.49,6975.86,1.8341,-1.8865,2.8869,83.76,0.0159,0.0,1.6455,35.095,17.8,19749.8444
Lithuania,2019,10.2465,-5.5909,8.7711,0.0,79.0929,3.06,2707.6076,0.0,77.3458,33.5,227.59,6476.98,2.3633,-1.4926,3.124,94.43,0.0083,0.0,2.1202,35.1325,17.8,24565.2046
Lithuania,2020,9.2189,-5.6327,8.6999,0.0,78.0218,3.0,2674.0684,0.0,60.8066,31.7,187.82,6248.4,2.8924,-1.1067,3.5324,107.57,0.0041,0.0,2.595,35.1485,17.8,22970.5278
Luxembourg,2012,11.3765,-0.4131,22.267,0.0,106.3583,2.87,7723.7843,87.1976,35.88,4.2,106.02,6127.33,3.6982,0.3102,0.288,89.21,0.0551,0.0164,4.46,34.4538,,444.2895
Luxembourg,2013,11.7081,-0.5768,20.7811,0.0,106.2291,2.7,7320.7217,84.4071,48.7757,5.7,170.27,6535.79,3.5738,0.0318,0.2619,91.92,0.0332,0.0123,4.31,34.4538,37.3,347.8876
Luxembourg,2014,9.9978,-0.5079,19.4097,0.0,106.8875,2.53,6878.6815,83.1188,49.1977,6.8,111.31,5309.67,3.8143,-0.5458,0.2896,96.69,0.0295,0.015,4.6,34.4538,34.9,429.601
Luxembourg,2015,10.3915,-0.4613,18.0764,0.0,107.7451,2.41,6548.7596,80.5579,67.3232,9.1,263.11,5791.16,3.7148,-1.1447,0.2237,102.08,0.0177,0.0177,4.48,34.4538,32.5,327.4653
Luxembourg,2016,9.6132,-0.5652,17.2437,0.0,109.5551,2.27,6342.6834,0.0,85.1138,13.5,156.5,6069.17,3.6816,0.1485,0.2142,101.23,0.0141,0.0141,4.44,34.4538,42.0,520.7798
Luxembourg,2017,9.6085,-0.4799,17.0946,0.0,110.1727,2.29,6313.3537,0.0,86.6532,15.3,204.08,5853.09,3.7811,-0.5785,0.2346,104.67,0.0126,0.0126,4.56,34.4538,40.9,412.7166
Luxembourg,2018,9.2918,-0.3425,17.3195,0.0,110.1924,2.34,6414.3648,0.0,87.6417,16.0,310.9,5433.81,4.3284,-1.6019,0.2337,111.03,0.0175,0.0175,5.22,34.4538,40.9,457.7823
Luxembourg,2019,8.4591,-0.4625,17.1934,0.0,109.5148,2.31,6376.867,0.0,85.9067,16.4,247.05,5655.2,4.0879,-1.0007,0.2148,110.4,0.0124,0.0124,4.93,34.4538,51.2,509.1977
Luxembourg,2020,8.6748,-0.5471,14.1566,0.0,107.1755,2.02,5435.8157,0.0,88.5748,20.8,241.04,5262.48,3.9635,-1.2847,0.2004,113.62,0.009,0.009,4.78,34.4538,51.2,654.5192
Moldova,2012,20.3836,-1.4337,3.9634,0.0,84.0162,6.2,1316.7686,82.1328,4.6835,22.1,1160.6,5954.45,12.6225,-0.8161,10.4482,72.01,0.034,0.0,52.4691,11.5417,,1771.5844
Moldova,2013,19.9795,-1.2892,3.7666,0.0,82.4263,5.11,1184.7502,78.2269,7.0155,23.8,654.81,5432.67,12.4592,0.0725,11.5504,96.62,0.026,0.0,51.7901,11.6071,4.2,167.3453
Moldova,2014,18.7371,-0.9273,3.9651,0.0,81.7847,5.25,1277.1394,80.2246,6.2401,24.3,710.27,5656.99,12.4146,0.4181,14.071,102.1,0.0197,0.0,51.6049,11.6794,4.2,363.1332
Moldova,2015,18.1479,-1.3729,4.0964,0.0,82.5739,5.35,1307.9946,81.5491,4.7371,24.7,1001.29,5283.06,12.474,-1.4018,12.8213,90.67,0.0092,0.0,51.8519,11.7518,4.2,495.6817
Moldova,2016,17.0561,-1.1171,4.2451,0.0,81.9081,5.25,1356.3127,0.0,4.2523,25.3,817.76,5556.03,12.5037,-0.0892,12.4797,107.23,0.0059,0.0,51.9753,11.7549,4.2,832.9014
Moldova,2017,15.1424,-1.1657,4.3289,0.0,80.8831,5.1,1397.5991,0.0,6.388,26.1,754.1,5539.04,12.474,-0.3125,12.1996,115.78,0.0063,0.0,51.8519,11.7513,4.2,1092.1166
Moldova,2018,17.0808,-1.0066,4.6618,0.0,81.9775,5.16,1495.5731,0.0,6.154,25.3,838.76,5661.34,12.4295,-0.6265,10.1469,121.39,0.0089,0.0,51.6667,11.753,4.2,861.2191
Moldova,2019,15.7728,-0.1486,4.7641,0.0,84.1576,4.91,1500.0395,0.0,6.6357,22.0,817.25,5039.7,12.4592,-1.9115,10.1608,118.64,0.0072,0.0,51.7901,11.7528,4.2,817.1594
Moldova,2020,14.7583,-0.1724,4.6999,0.0,84.0959,5.16,1461.4744,0.0,5.7783,22.3,875.96,4923.22,12.5631,-1.6046,9.3667,81.46,0.0044,0.0,52.2222,11.7532,4.2,1413.3152
Montenegro,2012,25.1527,-2.0717,,48.0661,34.6593,4.24,1701.4683,61.4907,51.9371,45.9,601.4,5928.91,,-1.1164,4.8954,93.52,0.3298,0.1309,,61.487,,1258.6025
Montenegro,2013,23.0328,-2.4193,,36.5272,23.6995,3.8,1574.5514,63.9649,63.4771,49.3,374.82,5659.21,,0.1343,5.2096,100.52,0.1051,0.0,,61.487,9.6,2401.4566
Montenegro,2014,22.8934,-2.5064,,44.7841,30.4146,3.64,1532.3428,64.7133,55.2049,46.0,228.01,5324.24,,1.2698,5.1157,94.04,0.1654,0.0,,61.487,2.6,1437.8909
Montenegro,2015,22.5226,-2.3741,,50.3497,30.5421,3.68,1599.5939,65.7017,49.6503,43.0,532.56,5719.52,,-1.1329,4.9637,97.94,0.1282,0.0,,61.487,2.6,180.9634
Montenegro,2016,20.7818,-2.3699,,41.3244,35.351,3.47,1552.2331,0.0,58.6816,43.9,335.0,5718.16,,0.4649,4.8061,108.01,0.1964,0.0,,61.487,2.6,1119.5271
Montenegro,2017,21.1886,-1.8092,,54.8348,41.3384,3.47,1625.4961,0.0,45.1612,37.8,492.41,5965.55,,-1.6472,4.4361,97.82,0.3611,0.0,,61.487,4.2,1268.9716
Montenegro,2018,22.0011,-2.4562,,40.7874,31.8222,3.42,1679.5598,0.0,59.2126,40.6,360.46,5336.39,,-1.1528,4.027,102.16,0.1144,0.0172,,61.487,4.2,1652.2428
Montenegro,2019,18.3232,-2.5039,,43.8101,33.6894,3.4,1737.5932,0.0,56.187,38.7,453.94,5481.42,,0.2509,3.7035,99.04,0.1253,0.0607,,61.487,6.9,647.2366
Montenegro,2020,17.9824,-2.5039,,47.7811,27.6534,3.76,1625.8628,0.0,52.2337,39.6,364.76,5514.06,,-1.0307,4.1839,102.84,0.2127,0.1741,,61.487,9.0,983.1839
Netherlands,2012,14.3672,3.9014,12.1687,26.4574,37.2648,3.7,4599.2059,92.1673,12.0899,4.9,126.48,5479.72,20.3461,0.2433,1.697,90.81,0.9211,0.0,97.4209,10.9733,,946.7087
Netherlands,2013,13.285,3.4007,12.0015,27.0973,28.8439,3.62,4488.6041,93.8303,11.9117,5.0,151.18,5793.41,20.2013,-0.7488,1.8447,93.41,0.9324,0.0,96.7273,10.9317,20.2,514.177
Netherlands,2014,12.6133,4.3144,11.4779,31.3667,38.135,3.37,4215.3526,93.2982,11.2693,5.6,136.97,4562.62,18.0178,-0.8551,1.801,96.63,0.5725,0.0,86.2727,10.8804,18.0,875.2615
Netherlands,2015,13.1341,4.5812,11.8967,38.3194,58.82,3.38,4298.5929,92.0358,12.4231,5.8,141.23,5082.71,15.9692,-0.4706,1.806,101.11,0.3413,0.0,76.4636,10.8355,17.9,894.1997
Netherlands,2016,11.9585,4.2991,11.9011,34.338,55.4883,3.37,4352.4465,0.0,12.8331,5.6,167.27,5215.9,15.2333,-0.4584,1.864,102.26,0.1956,0.0,72.94,10.8631,17.9,1406.5902
Netherlands,2017,12.7177,3.4632,11.6005,29.1251,62.3249,3.3,4365.2039,0.0,14.8804,6.4,120.12,5004.89,15.0298,0.0951,1.9679,102.47,0.2153,0.0,71.9655,10.891,21.2,1333.2029
Netherlands,2018,12.0709,3.3672,11.1356,26.5661,71.6849,3.16,4251.1672,0.0,16.5281,7.4,305.73,4902.04,16.367,-1.9519,1.7599,96.33,0.3207,0.0,73.5473,10.9186,21.2,1271.1799
Netherlands,2019,11.3641,3.0162,10.764,16.5137,78.2545,3.03,4129.4091,0.0,18.7763,8.6,227.45,4915.41,17.0006,-0.9461,1.7588,100.72,0.2011,0.0,76.3945,10.9465,25.3,2481.474
Netherlands,2020,10.8892,2.6328,9.7666,8.1945,81.7604,3.05,3975.3781,0.0,26.5576,10.7,226.13,4670.28,16.8036,-1.2406,1.7374,102.3,0.0725,0.0,75.5091,10.9742,25.3,1921.8082
North Macedonia,2012,35.8424,-1.22,6.3701,77.1638,48.3921,4.44,1549.5234,81.3344,16.6658,18.3,1017.16,5296.9,15.3146,-1.334,9.1047,90.38,0.6244,0.0,11.7185,38.6209,,2940.6446
North Macedonia,2013,32.7169,-1.36,5.9252,66.0486,46.8787,4.0,1441.7218,79.0522,26.1408,21.2,665.85,4815.48,11.9724,-1.2117,10.0275,95.39,0.6541,0.0,9.1611,38.8902,9.7,1149.1907
North Macedonia,2014,33.7775,-1.5,5.7177,69.5385,51.7652,3.75,1404.8828,77.333,24.0354,21.2,527.22,4680.07,16.4023,1.6689,10.1776,93.16,0.7142,0.0,12.5508,39.1596,9.7,1815.5663
North Macedonia,2015,31.8725,-1.9,5.5154,58.3599,52.5244,3.56,1387.9796,76.8808,35.9292,23.9,822.37,5085.58,20.8321,-0.1275,9.7269,102.79,0.5102,0.0,15.9404,39.429,9.7,784.3281
North Macedonia,2016,30.0799,-2.3,5.3771,51.3946,59.1788,3.5,1408.2202,0.0,36.7126,21.4,649.28,4954.32,25.262,0.4473,9.1729,104.06,0.494,0.0,19.3301,39.7173,9.7,1496.2464
North Macedonia,2017,30.4645,-2.7,5.6367,60.4643,56.8098,3.52,1438.492,0.0,23.1439,19.0,828.91,5162.87,38.6923,-0.5609,7.8732,83.71,0.4117,0.0,29.6068,39.7102,9.7,1147.1515
North Macedonia,2018,31.0045,-3.1,5.4215,50.7937,58.4391,3.25,1370.1217,0.0,35.0553,20.9,594.07,4592.14,52.1227,-0.8422,8.4704,101.5,0.1713,0.0,39.8835,39.7102,9.7,1542.9313
North Macedonia,2019,25.8787,-3.5,6.0424,59.7546,58.9557,3.4,1503.5134,0.0,22.8967,17.0,802.96,4694.73,38.7023,-0.7006,8.1323,95.71,0.0003,0.0,29.6144,39.7102,10.6,1790.297
North Macedonia,2020,26.1187,-1.5,5.543,49.2613,63.9338,3.26,1388.5465,0.0,29.0673,20.0,665.3,4884.23,34.8463,-0.7703,8.5691,102.72,0.0002,0.0,26.6639,39.7102,9.0,1856.1374
Norway,2012,7.307,-24.5305,12.2261,0.1131,-598.4242,3.96,5805.4676,58.8096,97.9887,56.9,1.54,10792.76,2.0773,1.3573,1.0773,94.84,7.2128,0.0,0.7151,33.1767,,29947.1259
Norway,2013,7.0275,-21.1518,12.2384,0.1119,-535.3411,4.14,6047.1806,65.6117,97.6982,56.6,5.78,10219.79,2.0941,-0.0512,1.253,95.62,6.2337,0.0,0.7209,33.2091,4.7,33069.4424
Norway,2014,7.0927,-18.9667,12.0599,0.1106,-596.9993,3.75,5525.576,58.7135,97.6733,55.8,35.09,9547.78,2.1131,-0.4854,1.3834,98.85,5.7419,0.0,0.7274,33.2318,4.8,39148.9622
Norway,2015,6.7521,-15.2627,12.1214,0.1045,-719.2085,3.31,4930.4814,67.1991,97.7069,56.5,2.86,9779.87,2.0634,1.7187,1.4818,100.13,3.7779,0.0,0.7103,33.2456,4.8,36638.8462
Norway,2016,6.2306,-13.8216,11.8853,0.098,-647.7633,3.6,5368.5765,0.0,97.818,57.7,4.57,9967.91,2.0136,0.2273,2.0339,101.03,2.8845,0.0,0.6932,33.2711,5.0,60081.686
Norway,2017,6.5216,-16.0802,11.7475,0.1244,-626.8608,3.74,5673.5093,0.0,97.8493,58.9,0.67,10227.92,2.0461,1.8861,1.9188,101.35,4.0173,0.0,0.7044,33.2945,5.1,57916.6396
Norway,2018,6.6961,-13.1117,11.506,0.121,-597.2652,3.65,5539.1901,0.0,97.7968,58.9,50.13,10047.77,2.0444,-0.6748,1.8112,96.64,5.423,0.0,0.7038,33.3173,5.1,59219.4712
Norway,2019,6.3812,-8.8348,11.1352,0.1208,-596.9588,3.43,5220.6887,0.0,97.7822,59.8,21.48,10213.93,2.0429,1.2143,1.7825,101.62,4.5813,0.0,0.7033,33.3399,5.0,64784.1721
Norway,2020,6.0559,-15.9634,10.7505,0.1173,-648.6591,3.44,5145.7222,0.0,98.4305,60.9,15.22,9482.43,2.0413,1.7328,1.8439,101.36,3.181,0.0,0.7027,33.4354,5.7,68362.8482
Poland,2012,24.1305,-45.0057,10.6427,84.1352,31.7024,4.24,2563.6909,91.0808,10.7619,10.9,295.95,6741.85,39.6954,-0.5258,2.9856,96.02,0.4432,0.0,21.3955,30.5839,,54895.9275
Poland,2013,23.1892,-47.1545,10.4929,84.918,26.5012,4.2,2567.1821,91.0927,10.7619,11.4,245.39,6663.05,38.9062,0.2629,3.2265,95.19,0.3407,0.0,20.9701,30.6443,34.2,35014.6838
Poland,2014,23.4338,-39.7322,10.1396,82.7058,29.6786,3.9,2473.7977,90.0737,12.8767,11.6,279.8,5957.07,36.7982,-0.5752,2.9712,101.74,0.2689,0.0,19.834,30.7058,29.3,56279.5252
Poland,2015,22.414,-36.167,10.2122,80.6104,30.1532,3.77,2498.7741,89.9818,14.1941,11.9,369.73,5929.87,36.1648,-1.8883,2.4836,96.53,0.202,0.0,19.4925,30.7652,29.3,42742.6509
Poland,2016,21.2485,-43.6188,10.5201,79.775,31.1609,3.83,2614.9716,0.0,13.9912,11.3,253.03,6240.57,35.6144,-0.3191,2.6238,101.73,0.177,0.0,19.1959,30.8142,38.0,86510.7236
Poland,2017,22.2632,-44.3394,10.8706,78.2788,38.8224,3.81,2734.4273,0.0,14.4485,11.1,204.11,6317.26,34.891,0.8034,2.9854,106.19,0.2406,0.0,18.806,30.8534,38.1,96251.1217
Poland,2018,22.4094,-43.8061,10.8406,78.2215,44.0701,3.77,2865.5268,0.0,12.9783,15.1,418.19,5939.96,33.2226,-2.2642,2.4156,102.62,0.2835,0.0,17.9067,30.8946,38.1,96846.1953
Poland,2019,18.7702,-25.2356,10.3424,73.4511,45.8817,3.48,2761.0725,0.0,15.9761,15.6,399.44,5663.28,31.0972,-1.7845,2.3703,101.5,0.1801,0.0,16.7612,30.9399,38.1,76721.0742
Poland,2020,17.9583,-26.109,10.0124,69.2031,43.0495,3.44,2710.9561,0.0,18.3995,16.1,251.85,5722.89,30.0,-0.9661,2.5684,111.87,0.1118,0.0,16.1698,30.977,38.0,74958.8552
Portugal,2012,10.1152,-2.7836,6.3009,28.0753,85.1213,2.83,2039.17,75.8065,43.7843,25.5,789.35,3032.78,17.7063,-1.0894,1.92,91.81,0.0812,0.0,23.1906,35.7681,,58236.2421
Portugal,2013,9.7683,-1.5971,6.1811,22.9094,78.7824,2.86,2055.5882,73.4307,59.2374,30.2,910.04,3014.17,17.5723,0.3338,2.0419,94.28,0.0568,0.0,23.0151,35.8932,7.4,51884.6705
Portugal,2014,9.5058,-4.1013,6.193,22.6355,77.439,2.8,2035.4114,72.7806,61.369,30.5,650.57,2618.4,17.4383,0.4055,1.9766,93.66,0.0517,0.0,22.8395,36.024,7.4,60259.2077
Portugal,2015,9.6425,-2.9042,6.6481,28.0942,84.2773,2.85,2121.0873,77.4089,48.6663,27.2,842.08,2578.46,17.3042,-1.8741,1.9754,107.54,0.0204,0.0,22.664,36.155,7.5,46096.3745
Portugal,2016,8.8377,-0.7948,6.561,20.9352,80.5911,2.77,2111.0971,0.0,55.5233,29.0,979.32,2807.54,17.1702,0.2074,1.9224,98.8,0.0148,0.0,22.4884,36.155,9.1,94645.801
Portugal,2017,9.2552,13.8547,7.0697,24.6774,87.1736,2.8,2209.9814,0.0,40.901,24.4,999.36,2478.12,12.3799,-2.2061,1.9637,110.26,0.046,0.0,16.2144,36.155,16.5,173894.2617
Portugal,2018,9.026,-4.2036,6.6977,20.1321,85.339,2.63,2140.9756,0.0,51.3733,27.5,844.51,2944.21,12.3157,0.4775,1.9182,102.07,0.0858,0.0,16.1303,36.155,16.9,97437.2361
Portugal,2019,7.9826,-3.5202,6.2764,10.4075,84.3565,2.53,2115.1857,0.0,54.2392,28.2,745.94,2652.85,12.3157,-1.572,1.9999,111.93,0.0935,0.0,16.1303,36.155,16.9,36885.6574
Portugal,2020,8.4524,-3.7906,5.6989,4.4519,71.5092,2.56,1957.3055,0.0,59.6287,31.3,932.06,2509.92,12.3157,-0.8452,2.1409,108.16,0.1774,0.097,16.1303,36.155,17.1,62043.5131
Romania,2012,19.425,-38.5145,5.9523,38.8043,22.4979,3.29,1736.5762,76.6537,25.7383,21.5,880.57,6040.71,6.0687,-1.3593,4.5408,79.61,1.4229,0.0,15.295,28.9948,,30649.2818
Romania,2013,17.8711,-38.6511,5.5656,28.7902,18.2976,3.0,1590.1938,73.7616,34.8111,23.1,562.52,5721.69,6.0088,-0.2336,5.5097,98.45,1.212,0.0,15.1439,29.3291,18.1,12945.9339
Romania,2014,17.9898,-49.3176,5.591,27.1149,16.7185,2.85,1579.4066,73.0867,42.0262,24.3,461.12,5503.51,5.8815,0.8922,4.9483,103.07,0.9373,0.0,14.823,29.6582,22.5,19481.5006
Romania,2015,17.4955,-48.4795,5.6645,27.4828,16.7628,2.78,1598.6918,39.0055,40.0863,23.7,722.2,5524.63,6.0528,-1.0996,4.4259,96.09,0.6032,0.0,15.2548,29.9937,22.6,10906.4571
Romania,2016,16.5983,-50.577,5.6615,24.5473,21.986,2.7,1604.6234,0.0,42.2055,24.4,600.79,5802.88,5.9676,0.3596,4.2922,100.84,0.3622,0.0,15.0401,30.1158,22.6,23045.4089
Romania,2017,17.0446,-48.779,5.8815,26.2178,23.4945,2.62,1693.3736,0.0,38.324,23.4,626.07,5805.1,6.3412,-0.7701,4.4388,115.92,0.4773,0.0,15.9816,30.1158,24.3,19187.2911
Romania,2018,17.172,-46.8386,5.9598,24.2786,24.3584,2.49,1717.1175,0.0,41.044,23.0,595.52,5499.15,6.0069,-0.7586,4.5066,118.69,0.6434,0.0,15.1392,30.1158,24.3,18974.3875
Romania,2019,15.0073,-46.8404,5.8831,23.0267,30.3564,2.37,1705.2578,0.0,42.0319,23.5,638.44,5199.85,6.5471,-1.6032,4.3115,112.46,0.4754,0.0,16.5007,30.1158,24.4,12266.1279
Romania,2020,14.8502,-49.2101,5.6139,16.9503,28.1875,2.39,1669.6382,0.0,44.5646,24.1,596.74,5355.5,6.9244,-0.8845,4.0718,86.87,0.2303,0.0,17.4516,30.1158,24.4,27445.4512
Serbia,2012,30.3846,-4.8304,,71.5617,28.0036,5.69,2023.8314,86.9123,26.9799,19.5,1025.33,5356.57,4.9622,-1.6275,6.0436,82.85,1.2797,0.0,52.373,31.0498,,3478.0647
Serbia,2013,28.4561,-5.7164,,71.9462,24.1747,5.66,2082.0149,88.4117,27.3028,20.0,669.51,4963.0,5.3071,-0.2071,6.2997,99.44,1.0514,0.0,56.0128,31.0647,7.4,2798.2718
Serbia,2014,28.0367,-5.8153,,65.0822,28.157,5.12,1861.5968,83.7594,34.224,23.2,461.47,4621.39,4.4348,1.4421,6.1174,98.02,0.956,0.0,46.8062,31.0796,6.7,4387.9095
Serbia,2015,27.8633,-5.3046,,71.1029,27.8417,5.59,2080.5906,64.5531,28.2772,21.2,874.62,5052.33,5.2846,-1.0867,5.606,94.39,0.5085,0.0,55.7749,31.0946,6.7,2815.5532
Serbia,2016,25.5339,-4.9662,,69.4372,30.0628,5.6,2165.8389,0.0,29.4911,20.9,613.42,5109.21,5.3042,0.7872,5.7066,107.59,0.3883,0.0,55.9819,31.102,6.6,4676.166
Serbia,2017,26.2823,-5.0815,,71.6804,34.1393,5.61,2224.7852,0.0,26.7277,20.0,823.75,5254.14,6.06,-1.39,5.0578,90.75,0.4958,0.0,63.9586,31.1212,6.6,3570.5859
Serbia,2018,27.1283,-4.8414,,67.1049,35.064,5.28,2200.4041,0.0,31.1912,21.0,672.15,4768.49,6.2634,-0.9984,5.2047,107.67,0.5846,0.0,66.1056,31.1228,6.6,3966.3811
Serbia,2019,22.6363,-5.1188,,68.2394,35.9593,5.03,2201.7201,0.0,29.9533,21.4,731.85,4641.91,6.3316,-0.8241,4.7647,107.81,0.4743,0.0,66.8253,31.1253,7.6,3962.2119
Serbia,2020,22.5075,-4.9691,,69.8019,30.0751,5.25,2291.6082,0.0,28.8541,26.0,586.21,4929.64,5.7455,-0.9206,5.0537,110.92,0.2661,0.0,60.6399,32.3778,7.6,4987.0534
Slovak Republic,2012,20.3422,-6.2671,8.3922,13.6268,58.1389,4.72,3220.5055,63.9321,20.2693,10.5,452.66,6548.12,2.8627,-1.4731,1.7946,85.42,0.0309,0.0,5.2802,39.9153,,9169.7347
Slovak Republic,2013,19.5809,-6.9853,8.4682,12.2295,57.6005,4.78,3260.4444,63.7858,23.1375,10.7,351.76,6483.63,2.7427,-0.1601,2.0743,93.53,0.0187,0.0,5.0587,39.9313,35.9,5076.2636
Slovak Republic,2014,19.2661,-4.817,7.9439,12.2477,59.7953,4.38,3013.3029,62.4582,23.6561,12.2,241.15,5632.37,2.4066,0.4077,2.6149,104.72,0.0147,0.0,4.4389,39.9539,36.8,17366.174
Slovak Republic,2015,19.1867,-5.3029,8.0994,12.3852,57.358,4.28,3131.8628,61.468,23.4584,13.4,499.93,6112.53,2.4682,-1.6287,2.046,89.58,0.013,0.0,4.5524,39.9682,36.8,5282.6377
Slovak Republic,2016,17.8788,-5.374,8.2495,12.0751,57.4894,4.22,3159.568,0.0,25.4064,13.1,292.11,6340.75,2.3894,0.3411,2.0626,105.7,0.0121,0.0,4.4071,40.0035,37.3,16941.7193
Slovak Republic,2017,18.1847,-5.2693,8.6529,12.7623,61.8303,4.33,3316.826,0.0,24.6269,12.4,385.85,6536.83,2.3937,-0.7305,1.8481,91.88,0.0132,0.0,4.4151,40.0562,37.3,14212.0331
Slovak Republic,2018,18.6788,-4.2956,8.5683,13.2883,60.7892,4.14,3269.5725,0.0,22.5983,12.4,440.98,5824.26,2.3946,-1.5295,2.0093,97.89,0.012,0.0,4.4167,40.0562,37.6,17697.5833
Slovak Republic,2019,15.8371,-5.065,8.0706,9.5133,69.4729,3.98,3128.3634,0.0,24.1225,17.6,433.5,5825.1,2.4036,-0.9747,1.617,97.92,0.0095,0.0,4.4333,40.0562,37.6,10331.9582
Slovak Republic,2020,15.3916,-7.2438,7.6933,7.6462,55.8609,3.99,3032.6427,0.0,24.7555,17.6,281.77,6023.12,2.3881,-0.092,1.7292,102.6,0.0078,0.0,4.4048,40.0562,37.6,11947.8506
Slovenia,2012,18.343,-7.0284,9.9002,32.6937,51.5119,4.38,3428.8979,64.9898,28.701,20.2,506.33,5640.46,6.2745,-1.0832,1.826,94.57,0.1681,0.146,4.9705,61.9189,,904.1402
Slovenia,2013,18.1632,-5.3301,9.8662,30.2801,47.3068,4.31,3334.759,63.6773,33.5634,22.5,454.27,5729.44,7.8134,0.502,1.8308,91.08,0.1573,0.1461,6.1896,61.9464,55.3,636.3857
Slovenia,2014,17.797,0.4441,9.0585,21.5576,44.8246,4.08,3236.5902,59.6567,39.4852,22.9,231.36,4840.65,6.6281,1.9111,1.8214,97.67,0.2303,0.2234,5.2507,61.9563,54.1,5385.6391
Slovenia,2015,17.7209,0.5409,9.1532,29.0397,49.0811,3.94,3195.4751,60.7202,30.7115,21.4,531.23,5390.71,6.0649,-0.4276,1.9736,101.74,0.241,0.2354,4.8045,61.9582,54.1,1023.41
Slovenia,2016,16.4518,0.6891,9.5843,30.3636,49.1782,3.94,3296.735,0.0,32.3426,21.0,356.98,5492.52,5.9993,0.859,1.8513,100.59,0.2352,0.2286,4.7525,61.8593,54.1,5389.2435
Slovenia,2017,16.5027,0.6858,9.7265,29.548,51.1019,3.86,3390.6628,0.0,28.9136,19.7,511.04,5597.34,6.2975,-0.6712,1.693,97.55,0.2335,0.2251,4.9888,61.77,54.0,4888.3433
Slovenia,2018,18.1802,0.7853,9.6597,28.3107,52.2004,3.66,3341.0997,0.0,33.2074,20.6,441.13,5142.13,6.4976,-0.7147,1.9913,102.6,0.2272,0.2172,5.1473,61.6744,54.0,8215.1941
Slovenia,2019,13.9082,-4.5643,9.2677,27.8402,52.8492,3.48,3267.2967,0.0,32.5658,20.9,504.73,5140.88,6.3827,0.51,1.7704,99.91,0.2056,0.1994,5.0562,61.5731,54.0,3444.4409
Slovenia,2020,14.2912,-4.3724,8.5729,25.381,45.7954,3.44,3068.8194,0.0,34.1666,22.7,335.01,5294.6,6.7816,0.2688,1.8973,104.99,0.1844,0.1796,5.3723,61.4723,40.0,3874.4094
Spain,2012,12.0395,-46.752,7.7799,18.8168,79.8546,3.13,2677.1804,75.1815,30.4411,15.8,1080.64,3815.99,49.5787,-1.527,2.3978,85.87,0.02,0.0,32.7032,37.0798,,80495.7722
Spain,2013,11.2506,-46.2988,7.1689,14.4704,76.657,2.96,2506.2554,72.7454,40.4695,16.9,923.89,3884.83,44.1036,0.194,2.6095,104.22,0.0168,0.0,29.0917,37.0821,11.1,63956.0449
Spain,2014,10.5799,-48.9032,7.162,16.2494,80.0508,2.86,2458.5718,71.7388,40.9223,17.3,872.21,3254.15,44.7975,-0.3693,2.527,94.5,0.0138,0.0,29.5495,37.0844,10.1,74226.4322
Spain,2015,11.2555,-52.2532,7.4136,18.7518,80.0359,2.85,2552.4013,73.5326,35.7116,16.3,1102.6,3389.57,42.9639,-2.0952,2.7233,99.39,0.0084,0.0,28.3399,37.1275,14.1,65413.6941
Spain,2016,10.3388,-52.5017,7.2357,13.6306,78.8825,2.78,2563.007,0.0,39.3498,16.7,1090.75,3547.61,42.5644,-0.6359,2.8152,106.12,0.0071,0.0,28.0764,37.1429,15.0,107562.1844
Spain,2017,10.4367,-53.2969,7.5222,16.8098,80.8546,2.84,2690.4973,0.0,32.8921,15.2,1191.92,3337.31,41.0279,-2.5057,2.8034,101.65,0.0137,0.0,27.0629,37.1522,14.9,98458.6889
Spain,2018,10.1846,-53.7479,7.3244,14.1067,81.0075,2.77,2666.2608,0.0,38.7587,16.9,977.65,3682.01,40.0941,0.9037,2.7013,117.73,0.0172,0.0,26.4469,37.1566,15.0,119648.8391
Spain,2019,9.3535,-52.3962,6.8812,5.1168,82.9141,2.64,2573.9044,0.0,37.7725,16.7,1027.39,3473.53,39.8289,-1.6438,2.5198,106.52,0.0098,0.0,26.272,37.1677,17.9,71021.8648
Spain,2020,9.5811,-51.4742,5.9906,2.3347,73.4774,2.67,2303.5131,0.0,44.5277,19.3,1018.6,3407.66,43.254,-0.7235,2.7847,117.43,0.0085,0.0,26.0971,37.1773,17.9,101988.1764
Sweden,2012,6.6091,-60.5978,6.4866,0.8357,31.4711,4.52,5295.9281,30.8444,59.0985,48.3,5.73,10034.2,3.699,1.8743,1.2525,93.07,0.1439,0.0,1.4991,68.8266,,234882.5392
Sweden,2013,6.5622,-60.4897,6.2197,0.9434,34.0046,4.41,5178.9349,29.8282,54.074,47.3,15.82,9463.5,3.6084,-0.6138,1.2306,93.19,0.0949,0.0,1.4623,68.7809,12.6,197658.2741
Sweden,2014,6.7723,-59.299,6.019,0.7146,34.1036,4.19,4997.8799,29.5874,55.8687,48.6,90.25,8902.96,3.5177,-0.5498,1.2516,99.58,0.0734,0.0,1.4256,68.7353,13.0,242522.7857
Sweden,2015,6.3026,-56.8208,5.9588,0.7779,32.8832,3.7,4573.5891,28.0233,63.3043,51.9,13.2,8993.95,3.4271,1.3113,1.3031,102.36,0.0702,0.0,1.3889,68.6945,13.1,216031.2038
Sweden,2016,5.6978,-53.9541,5.8467,0.6737,35.3637,3.9,4858.8994,0.0,57.2051,50.9,19.71,9369.18,3.4583,0.266,1.2812,98.06,0.0813,0.0,1.4015,68.6945,12.9,310348.1356
Sweden,2017,6.0618,-47.9036,5.7007,0.7482,28.6965,3.91,4926.8112,0.0,57.8893,51.8,2.73,9525.37,3.4895,1.0976,1.321,100.86,0.1357,0.0,1.4142,68.6945,15.0,331217.2905
Sweden,2018,6.2909,-41.4166,5.3902,0.8605,30.7466,3.91,4966.2611,0.0,55.8097,51.6,138.6,9351.74,3.5206,-1.5657,1.2501,84.05,0.1655,0.0,1.4268,68.6945,15.0,290151.3477
Sweden,2019,6.0687,-41.3656,5.3431,0.7023,32.0197,3.73,4781.8757,0.0,58.7483,52.9,51.15,9415.19,3.5518,0.7128,1.2572,100.64,0.1191,0.0,1.4394,68.6997,14.6,332890.8043
Sweden,2020,5.6367,-40.9622,5.1872,0.4022,34.4418,3.44,4284.9981,0.0,68.4807,57.8,50.81,8523.84,3.583,0.3577,1.1962,101.05,0.1173,0.0,1.452,68.6997,14.7,339968.3399
Switzerland,2012,12.6827,-0.4821,6.5636,0.0,57.4194,2.01,3175.9709,51.3473,60.4691,21.9,78.57,8487.93,7.6278,0.3901,0.6346,100.47,0.0007,0.0003,4.9505,31.4232,,1517.1659
Switzerland,2013,12.4433,-0.288,6.6441,0.0,57.3949,2.05,3274.4995,52.5768,60.0795,21.8,102.39,8781.22,6.5599,0.4002,0.6625,97.38,0.0014,0.0011,4.2574,31.5107,24.8,793.3604
Switzerland,2014,10.6156,-4.0529,6.1171,0.0,53.8502,1.88,3031.1745,49.2044,59.0078,22.2,42.89,7955.81,6.4989,-0.1713,0.7089,102.58,0.0026,0.0024,4.2178,31.5982,9.7,1502.5471
Switzerland,2015,11.7226,1.1181,5.9703,0.0,56.4346,1.81,2927.9602,50.7185,63.1394,23.9,177.92,7959.72,6.5062,-1.6811,0.6264,99.43,0.0019,0.0018,4.2226,31.6857,9.7,772.4588
Switzerland,2016,10.6566,-3.2687,5.9653,0.0,60.1478,1.72,2819.831,0.0,63.1348,24.1,90.49,8251.01,6.4989,0.1974,0.658,97.98,0.0017,0.0016,4.2178,31.7733,9.7,1679.0417
Switzerland,2017,9.9148,-1.8808,5.8026,0.0,60.583,1.71,2809.4795,0.0,64.5196,25.0,137.11,8273.48,6.4989,-0.5915,0.6313,97.74,0.0016,0.0015,4.2178,31.8603,9.7,2542.4132
Switzerland,2018,10.1482,1.0635,5.6085,0.0,54.0396,1.67,2806.4992,0.0,60.3316,24.2,140.63,7673.01,6.4989,-1.6596,0.6438,101.65,0.0033,0.0031,4.2178,31.9474,9.7,3134.4396
Switzerland,2019,9.45,-3.2005,5.5456,0.0,55.4032,1.69,2857.1582,0.0,61.4615,24.8,148.0,8042.24,6.4989,-0.6647,0.6477,97.32,0.0015,0.0012,4.2178,32.0345,10.0,3518.0207
Switzerland,2020,9.061,-1.2783,5.2294,0.0,50.5327,1.65,2690.3902,0.0,63.8618,26.4,96.64,7807.27,6.4989,-1.3075,0.7055,99.14,0.0015,0.0013,4.2178,32.1215,12.0,3927.9946
Ukraine,2012,18.6767,-10.9207,9.3411,40.4358,31.4274,8.99,2650.9986,79.2635,5.9077,2.9,815.63,6627.03,16.6811,-0.548,7.7613,88.08,1.2527,0.0,23.3657,16.5567,,55521.1607
Ukraine,2013,18.8834,1.3638,9.1737,41.6783,27.033,8.52,2517.9113,78.2299,8.1217,3.5,576.45,6168.17,15.4013,0.0143,8.6923,101.11,1.2354,0.0,21.573,16.5943,3.9,37711.923
Ukraine,2014,18.4263,2.5155,8.0931,38.5569,25.9621,8.3,2298.6078,75.3571,6.4165,3.5,593.46,6308.14,14.1215,-0.9331,10.1546,101.11,1.1153,0.0,19.7804,16.6328,3.9,47187.2105
Ukraine,2015,17.792,3.9244,6.9206,34.2506,32.3138,8.08,2027.6417,65.6881,5.7389,4.2,666.85,5942.97,11.8023,-1.6723,12.0594,96.82,0.6287,0.0,16.5318,16.6704,3.9,48913.8074
Ukraine,2016,16.2427,5.8995,7.0781,37.195,30.2136,7.79,2007.9779,0.0,7.0375,5.5,663.42,6371.45,12.0821,0.553,11.7257,102.07,0.5802,0.0,16.9238,16.6825,3.9,106760.5629
Ukraine,2017,15.6585,-2.6947,6.5548,31.575,37.0788,7.42,1967.8354,0.0,8.8082,6.5,647.82,6153.62,13.8702,-0.8867,10.1777,100.01,0.654,0.0,19.4283,16.6943,3.9,85860.909
Ukraine,2018,17.1041,6.9344,6.8834,30.6639,34.5707,7.5,2068.7561,0.0,9.5966,6.9,742.2,6265.41,13.8702,-1.0396,10.1395,107.23,0.9146,0.0,19.4283,16.7035,3.9,74423.7679
Ukraine,2019,15.5795,4.8782,6.7094,29.4536,36.7817,6.95,1987.6247,0.0,9.2002,7.4,665.63,5676.08,13.7289,-1.8817,8.9652,109.33,0.5338,0.0,19.2305,16.7138,3.9,45143.7758
Ukraine,2020,14.9001,-16.1343,6.5516,26.9879,34.0531,6.98,1932.9218,0.0,12.7833,8.7,655.12,5625.81,12.2558,-1.7764,9.3102,99.24,0.2884,0.0,17.167,16.7242,4.2,79461.1776
United Kingdom,2012,11.4845,-6.5439,9.4083,39.5783,46.0056,2.98,3028.7722,85.5213,12.1419,4.2,14.14,6156.21,13.6692,1.8232,0.6248,90.81,0.7504,0.0,5.529,12.8029,,35664.4756
United Kingdom,2013,11.3936,-6.6544,9.133,36.7619,50.6083,2.88,2962.2976,84.2622,15.669,5.2,36.81,6132.65,13.0452,-0.4544,0.6409,92.79,0.6168,0.0,5.2766,12.8822,11.3,28589.5597
United Kingdom,2014,10.8076,-6.9321,8.4294,30.0992,49.7432,2.63,2767.9619,82.9732,19.9593,6.6,21.73,5373.73,12.4211,1.5361,0.7379,100.68,0.4915,0.0,5.0241,12.9616,19.7,30369.5673
United Kingdom,2015,10.4603,-7.0731,8.1105,22.7678,40.2776,2.59,2774.7968,80.0888,25.471,7.7,15.87,5809.82,13.913,0.8806,0.6336,101.35,0.303,0.0,5.6276,13.041,16.6,23996.8937
United Kingdom,2016,10.036,-6.7392,7.6589,9.3211,37.9543,2.5,2696.98,0.0,25.4853,7.7,32.67,5781.24,14.3546,0.0472,0.5905,97.98,0.2476,0.0,5.8062,13.0575,23.3,28805.5286
United Kingdom,2017,10.3814,-7.006,7.4408,6.9004,38.0305,2.41,2658.9958,0.0,30.1545,8.8,27.73,5568.89,14.3546,0.0508,0.6061,102.21,0.3545,0.0,5.8062,13.0782,28.9,23044.909
United Kingdom,2018,10.2398,-6.4098,7.2737,5.337,38.1672,2.34,2632.1507,0.0,33.7661,10.2,63.44,5677.62,14.3546,-0.8033,0.5631,99.59,0.5615,0.0,5.8062,13.1154,28.8,26250.3207
United Kingdom,2019,9.9457,-6.566,6.9744,2.4562,36.5356,2.22,2515.9734,0.0,37.5205,11.4,38.79,5682.61,14.3546,0.7746,0.5769,104.43,,,5.8062,13.1526,29.0,28392.8829
United Kingdom,2020,9.9129,-6.6787,6.3158,2.1665,28.4994,2.28,2317.4085,0.0,43.8837,13.6,44.68,5569.09,14.3546,1.1444,0.6838,98.14,,,5.8062,13.1856,40.3,22836.2702
