Economy,Year,GDP (annual % growth),Individuals using the Internet (% of population),Proportion of seats held by women in national parliaments (%),Ratio of female to male labor force participation rate (%) (modeled ILO estimate),"School enrollment, primary and secondary (gross), gender parity index (GPI)",Government Effectiveness: Estimate,Regulatory Quality: Estimate,Economic and Social Rights Performance Score,Voice and Accountability: Estimate,"Patent applications, residents",Research and development expenditure (% of GDP),Scientific and technical journal articles,Control of Corruption: Estimate,Net migration,Political Stability and Absence of Violence/Terrorism: Estimate,Rule of Law: Estimate
Albania,2012,0.9841,49.4,15.7143,74.8204,0.9901,-0.2689,0.2405,4.65,0.0221,,,150.63,-0.7787,-19845.0,-0.1436,-0.5198
Albania,2013,1.7072,51.8,17.8571,71.2649,0.9816,-0.3245,0.2542,4.69,0.0489,,,148.81,-0.7514,-20681.0,0.0919,-0.5188
Albania,2014,2.2402,54.3,20.0,69.4362,0.9767,-0.0498,0.279,4.72,0.1437,10.0,,154.14,-0.5866,-21706.0,0.486,-0.3112
Albania,2015,2.2277,56.9,20.7143,73.3243,0.9824,0.0276,0.1742,4.76,0.1571,14.0,,159.48,-0.5451,-20500.0,0.3416,-0.3197
Albania,2016,3.9089,59.6,22.8571,76.6623,0.9936,0.0291,0.1866,4.8,0.1711,20.0,,165.44,-0.4724,-9347.0,0.3374,-0.3226
Albania,2017,3.2832,62.4,27.8571,74.5097,1.0043,0.0986,0.2206,4.83,0.2039,16.0,,133.42,-0.4814,-14901.0,0.3738,-0.4142
Albania,2018,3.6714,65.4,27.8571,76.119,1.0173,0.0805,0.2561,4.87,0.1888,15.0,,170.56,-0.546,-15032.0,0.3668,-0.4148
Albania,2019,2.0626,68.6,29.5082,77.8337,1.0186,-0.0623,0.2721,4.89,0.142,4.0,,203.1,-0.5643,-23094.0,0.1101,-0.4263
Albania,2020,-3.3138,72.2,29.5082,77.5605,1.024,-0.1551,0.222,4.9,0.0863,,,167.16,-0.5735,-16680.0,0.0886,-0.378
Armenia,2012,7.2,37.5,10.687,80.3435,,-0.0324,0.3343,4.31,-0.5705,137.0,0.2385,548.98,-0.588,-16782.0,0.1548,-0.4183
Armenia,2013,3.3,41.9,10.687,80.3623,1.0291,0.0783,0.2352,4.33,-0.5881,125.0,0.2222,532.37,-0.5305,-16265.0,0.1104,-0.3409
Armenia,2014,3.6,54.6,10.687,80.407,1.0403,-0.2573,0.1585,4.35,-0.5621,121.0,0.2415,540.71,-0.5654,-15745.0,-0.2971,-0.4177
Armenia,2015,3.2,59.1,10.687,80.4574,1.038,-0.3318,0.1892,4.37,-0.5363,113.0,0.25,534.03,-0.6097,-15225.0,-0.2568,-0.4626
Armenia,2016,0.2,64.3,10.687,80.3821,,-0.3126,0.2052,4.4,-0.5791,125.0,0.2331,536.98,-0.6598,-14697.0,-0.668,-0.1609
Armenia,2017,7.5,64.7,18.0952,80.6151,,-0.2516,0.2284,4.4,-0.5607,107.0,0.2279,539.3,-0.637,-14180.0,-0.6262,-0.2094
Armenia,2018,5.2,68.2,18.0952,80.6633,1.0228,-0.1706,0.3506,4.4,-0.131,101.0,0.1888,524.57,-0.4094,-13129.0,-0.4511,-0.1972
Armenia,2019,7.6,66.5,23.4848,82.8334,1.0349,-0.226,0.2426,4.4,0.0548,112.0,0.1785,627.03,-0.227,-14330.0,-0.42,-0.1775
Armenia,2020,-7.2,76.5,23.4848,84.9432,1.0319,-0.3045,0.2387,4.42,0.0473,63.0,0.2092,622.39,-0.0035,-13046.0,-0.7716,-0.1258
Austria,2012,0.6282,80.0,27.8689,82.0402,0.9716,1.5602,1.5172,4.98,1.4488,2258.0,2.9147,12181.72,1.4273,45014.0,1.3406,1.8571
Austria,2013,-0.2507,80.6,33.3333,82.411,0.973,1.5714,1.4822,4.98,1.4565,2162.0,2.9549,12414.79,1.5373,56726.0,1.3641,1.8341
Austria,2014,0.7558,81.0,32.2404,83.0737,0.9723,1.553,1.4822,4.98,1.3913,2092.0,3.0843,12632.76,1.4665,74375.0,1.2707,1.9384
Austria,2015,1.3035,83.9,30.6011,83.1619,0.9728,1.451,1.3904,4.98,1.3837,2205.0,3.0497,13137.08,1.472,115175.0,1.1293,1.8148
Austria,2016,2.1172,84.3,30.6011,83.46,0.972,1.4748,1.4289,4.98,1.3378,2078.0,3.1165,12976.33,1.4969,65976.0,0.8922,1.7615
Austria,2017,2.2722,87.9,34.4262,83.5578,0.9717,1.4678,1.4279,4.98,1.3862,2073.0,3.0566,13072.27,1.5008,45478.0,1.0296,1.8004
Austria,2018,2.4842,87.5,34.4262,83.1199,0.9741,1.4561,1.524,4.98,1.3995,2039.0,3.0918,13121.29,1.5686,35296.0,0.8849,1.8535
Austria,2019,1.755,87.8,39.3443,83.4245,0.9809,1.4921,1.4464,4.98,1.3372,2066.0,3.1326,13708.07,1.5213,41090.0,0.8922,1.8623
Austria,2020,-6.3183,87.5,39.3443,83.9909,0.9859,1.6059,1.3952,4.98,1.3946,2124.0,3.2028,14005.41,1.4777,39601.0,0.8876,1.7706
Azerbaijan,2012,2.2029,54.2,16.0,92.1575,,-0.7908,-0.4887,4.03,-1.2995,144.0,0.2143,679.97,-1.1427,1986.0,-0.7158,-0.8795
Azerbaijan,2013,5.8434,73.0,15.5738,91.6436,,-0.4522,-0.4253,4.24,-1.4029,156.0,0.2097,476.47,-0.9708,2291.0,-0.4129,-0.7563
Azerbaijan,2014,2.7976,75.0,15.5738,91.806,,-0.3136,-0.2685,4.41,-1.4793,168.0,0.2098,391.27,-1.0228,1073.0,-0.5599,-0.697
Azerbaijan,2015,1.0495,77.0,16.9355,92.1453,,-0.2588,-0.3708,4.56,-1.5524,184.0,0.2223,449.94,-0.9526,1073.0,-0.7339,-0.7165
Azerbaijan,2016,-3.0636,78.2,16.8,91.7932,,-0.1594,-0.3956,4.59,-1.5609,144.0,0.2064,592.94,-0.8526,4671.0,-0.8089,-0.5394
Azerbaijan,2017,0.1536,79.0,16.8,91.2415,,-0.1714,-0.3724,4.6,-1.5636,204.0,0.1847,732.12,-0.9065,-11324.0,-0.7519,-0.5849
Azerbaijan,2018,1.5004,79.8,16.8,91.4974,1.0026,-0.1451,-0.3144,4.6,-1.5081,155.0,0.1842,810.68,-0.8532,-37559.0,-0.7114,-0.6198
Azerbaijan,2019,2.4798,81.1,16.8067,91.436,1.0107,-0.1282,-0.2239,4.6,-1.5286,147.0,0.2001,924.14,-0.8497,384.0,-0.6934,-0.6104
Azerbaijan,2020,-4.199,84.6,17.3554,91.5453,1.0051,-0.1553,-0.336,4.6,-1.5409,90.0,0.2239,1033.88,-1.0781,1073.0,-0.8523,-0.7296
Belgium,2012,0.2158,80.7,38.0,78.8202,1.0825,1.6712,1.2222,4.9,1.3494,755.0,2.2811,16327.84,1.5591,45001.0,0.9236,1.4488
Belgium,2013,0.3055,82.2,38.0,80.0311,1.0822,1.702,1.2837,4.9,1.373,715.0,2.3307,16589.95,1.6043,28066.0,0.9401,1.4568
Belgium,2014,1.7655,85.0,39.3333,81.1469,1.0798,1.5174,1.1529,4.9,1.3663,889.0,2.37,16888.19,1.5127,37472.0,0.7013,1.5485
Belgium,2015,1.4742,85.1,39.3333,81.4957,1.0805,1.5294,1.274,4.9,1.3875,949.0,2.4282,16730.49,1.4745,63536.0,0.5771,1.4562
Belgium,2016,1.1935,86.5,39.3333,81.3496,1.0697,1.3976,1.3286,4.9,1.3773,1054.0,2.5234,16792.56,1.5312,28090.0,0.4296,1.3938
Belgium,2017,1.4745,87.7,38.0,81.3808,1.0702,1.2408,1.2335,4.9,1.3386,1001.0,2.6667,16305.94,1.4042,37981.0,0.4176,1.3206
Belgium,2018,1.878,88.6,38.0,82.9521,1.0734,1.2246,1.259,4.9,1.3304,892.0,2.8602,16529.95,1.4296,50604.0,0.3938,1.3386
Belgium,2019,2.4429,90.3,42.0,83.3452,1.0791,1.1133,1.2765,4.9,1.3084,876.0,3.1566,16644.86,1.4488,58469.0,0.4584,1.3362
Belgium,2020,-4.793,91.5,41.3333,83.4577,1.0815,1.0782,1.3436,4.9,1.2781,862.0,3.3918,16947.47,1.4458,43777.0,0.5211,1.3276
Bulgaria,2012,0.7488,51.9,22.9167,81.5973,0.9696,-0.0284,0.5747,3.53,0.4009,245.0,0.6004,2648.91,-0.2815,-26334.0,0.3798,-0.1151
Bulgaria,2013,-0.5428,53.1,24.5833,81.2448,0.9669,-0.0132,0.5491,3.52,0.3373,282.0,0.6342,2680.44,-0.3279,-1324.0,0.1707,-0.1473
Bulgaria,2014,0.9494,55.5,20.0,80.6978,0.9746,-0.1124,0.5853,3.51,0.3665,218.0,0.7901,2661.88,-0.3032,-2180.0,0.0785,-0.082
Bulgaria,2015,3.3976,56.7,20.4167,81.0584,0.9755,-0.0126,0.5783,3.5,0.4326,280.0,0.9495,2554.77,-0.3464,-4227.0,0.0104,-0.1595
Bulgaria,2016,3.0266,59.8,20.4167,79.5389,0.9762,0.0888,0.7013,3.47,0.4024,230.0,0.7701,2544.29,-0.2609,-9482.0,0.0683,-0.1404
Bulgaria,2017,2.7459,63.4,23.75,80.4385,0.9805,0.098,0.6578,3.45,0.4301,202.0,0.7404,2963.85,-0.1963,-6109.0,0.3214,-0.125
Bulgaria,2018,2.5495,64.8,23.75,79.3696,0.9768,0.1118,0.6058,3.43,0.3652,180.0,0.7541,3375.36,-0.1882,-3873.0,0.4444,-0.1058
Bulgaria,2019,3.7889,67.9,25.8333,79.2161,0.9855,0.1737,0.5308,3.41,0.3547,186.0,0.8327,4302.46,-0.1812,-2156.0,0.5613,-0.0374
Bulgaria,2020,-3.2157,70.2,26.6667,78.6496,0.9837,-0.214,0.461,3.42,0.2594,239.0,0.8497,4559.2,-0.3223,30167.0,0.4016,-0.1277
Bosnia and Herzegovina,2012,-0.8218,45.1,21.4286,62.7777,,-0.4547,-0.0617,4.58,-0.1003,2.0,0.2653,550.32,-0.3094,-66378.0,-0.5381,-0.1972
Bosnia and Herzegovina,2013,2.3499,48.5,21.4286,62.7298,,-0.4333,-0.0749,4.57,-0.1165,7.0,0.3213,490.13,-0.2447,-37002.0,-0.4049,-0.1394
Bosnia and Herzegovina,2014,1.1539,49.9,21.4286,62.6373,,-0.4921,-0.0417,4.57,-0.071,41.0,0.2573,491.61,-0.3001,-35683.0,-0.0192,-0.1322
Bosnia and Herzegovina,2015,4.3148,52.6,21.4286,62.7543,,-0.6248,-0.185,4.56,-0.0981,,0.216,584.17,-0.4179,-33948.0,-0.4042,-0.2646
Bosnia and Herzegovina,2016,3.2423,60.3,21.4286,62.8232,,-0.4521,-0.139,4.56,-0.1311,60.0,0.2134,584.92,-0.4868,-32173.0,-0.4027,-0.193
Bosnia and Herzegovina,2017,3.2441,64.9,21.4286,62.9259,,-0.519,-0.0578,4.55,-0.2057,87.0,0.1978,748.93,-0.5542,-30650.0,-0.3515,-0.2018
Bosnia and Herzegovina,2018,3.8275,70.1,21.4286,63.0637,,-0.6709,-0.1414,4.54,-0.2596,84.0,0.192,761.17,-0.6062,-29147.0,-0.4009,-0.2256
Bosnia and Herzegovina,2019,2.8873,69.9,21.4286,63.1508,,-0.7064,-0.1287,4.54,-0.2437,45.0,0.19,829.49,-0.6473,-27841.0,-0.4248,-0.2258
Bosnia and Herzegovina,2020,-3.0151,73.2,26.1905,62.8144,,-1.0757,-0.1824,4.54,-0.3234,50.0,0.2033,1004.72,-0.6431,-26840.0,-0.4475,-0.3161
Belarus,2012,1.7079,46.9,26.6055,82.7802,0.9766,-0.9722,-1.1741,4.61,-1.5672,1681.0,0.646,1043.1,-0.4585,10903.0,0.0686,-0.923
Belarus,2013,0.9987,54.2,26.6055,82.7341,0.9844,-0.9621,-1.1594,4.67,-1.5445,1489.0,0.6519,1107.04,-0.4053,10550.0,0.006,-0.8822
Belarus,2014,1.6511,59.0,26.6055,82.6979,0.9888,-0.4904,-1.0995,4.72,-1.443,652.0,0.5055,1059.93,-0.235,14979.0,0.1798,-0.8152
Belarus,2015,-3.8296,62.2,27.2727,82.6566,0.9911,-0.4892,-1.1664,4.74,-1.4652,543.0,0.5,988.28,-0.3156,18088.0,0.1109,-0.8792
Belarus,2016,-2.5264,71.1,34.5455,82.6036,0.991,-0.5139,-1.0908,4.75,-1.3393,455.0,0.5006,1008.15,-0.2239,8272.0,0.1357,-0.7673
Belarus,2017,2.5322,74.4,34.5455,81.9174,0.9886,-0.3577,-0.8594,4.75,-1.3561,434.0,0.5841,1080.38,-0.2412,3337.0,-0.0572,-0.8817
Belarus,2018,3.1492,79.1,34.5455,80.6891,0.9906,-0.2979,-0.8152,4.75,-1.3633,453.0,0.6044,1228.81,-0.1555,8615.0,0.3536,-0.893
Belarus,2019,1.4465,82.8,40.0,81.6307,0.9924,-0.1745,-0.6731,4.75,-1.4074,298.0,0.5773,1502.43,0.0069,-33954.0,0.345,-0.8594
Belarus,2020,-0.6727,85.1,40.0,81.1024,0.9911,-0.8297,-0.7999,4.75,-1.453,317.0,0.539,1521.33,-0.1342,-33954.0,-0.8876,-1.0852
Switzerland,2012,1.1793,85.2,29.0,81.6975,0.9832,1.8828,1.6511,4.96,1.6401,1480.0,2.8746,20963.19,2.1384,67840.0,1.4183,1.8118
Switzerland,2013,1.7921,86.3,31.0,82.4468,0.9853,1.8164,1.6198,4.96,1.628,1525.0,,21599.81,2.1249,83823.0,1.4011,1.796
Switzerland,2014,2.3499,83.6,31.0,83.526,,2.1043,1.8003,4.96,1.5594,1480.0,,22166.96,2.1476,78122.0,1.4027,1.9903
Switzerland,2015,1.6446,87.5,32.0,83.9537,0.9793,1.9675,1.7295,4.97,1.5587,1477.0,3.0783,22207.15,2.0947,71876.0,1.3265,1.9093
Switzerland,2016,2.0687,89.1,32.0,84.3916,0.9761,1.9718,1.9004,4.97,1.5324,1462.0,,22401.11,1.943,71009.0,1.2899,1.9062
Switzerland,2017,1.3628,89.7,32.5,84.1158,0.9732,2.0178,1.8756,4.97,1.5573,1337.0,3.077,23044.72,1.9452,45658.0,1.2423,1.8887
Switzerland,2018,2.8604,91.8,32.5,84.7928,0.9705,1.9971,1.7912,4.97,1.5928,1283.0,,22749.87,1.9697,41253.0,1.3195,1.8876
Switzerland,2019,1.142,93.1,41.5,85.5668,0.9686,1.9162,1.652,4.97,1.4955,1369.0,3.1968,23076.47,1.9449,44517.0,1.311,1.8627
Switzerland,2020,-2.1417,94.3,41.5,85.2388,0.9685,1.972,1.5849,4.97,1.5362,1384.0,,23656.76,2.0454,55523.0,1.1762,1.7769
Cyprus,2012,-3.4474,60.7,10.7143,80.8315,1.0086,1.3836,1.1245,4.91,1.022,4.0,0.4376,798.85,1.2433,12237.0,0.6351,1.0936
Cyprus,2013,-6.5875,65.5,10.7143,81.2503,1.0033,1.3599,0.9109,4.91,0.9808,2.0,0.4848,964.53,1.2385,11914.0,0.5633,1.03
Cyprus,2014,-1.7761,69.3,12.5,83.9084,1.0045,1.1352,1.0941,4.91,1.0199,4.0,0.512,914.61,1.0707,11599.0,0.5519,1.0747
Cyprus,2015,3.4189,71.7,12.5,85.4499,0.9962,1.0176,1.0477,4.9,1.0316,6.0,0.4753,937.96,0.9712,11277.0,0.5424,1.0103
Cyprus,2016,6.5736,75.9,17.8571,84.2428,0.9948,0.9263,1.0404,4.9,1.0465,3.0,0.5197,1071.31,0.7895,10951.0,0.5938,0.6932
Cyprus,2017,5.7508,80.7,17.8571,84.4484,0.9928,0.8854,1.0185,4.89,1.0563,8.0,0.5426,1223.71,0.7466,10632.0,0.531,0.8545
Cyprus,2018,6.2717,84.4,17.8571,83.8907,0.9832,0.8836,0.8626,4.89,1.0157,4.0,0.614,1296.14,0.6077,10311.0,0.4845,0.7211
Cyprus,2019,5.8756,86.1,17.8571,83.3835,0.9812,0.9558,0.9997,4.89,1.0466,4.0,0.7095,1351.09,0.599,9983.0,0.5446,0.7267
Cyprus,2020,-3.2206,90.8,19.6429,81.6047,0.9819,0.8394,0.9932,4.89,0.9023,2.0,0.8365,1466.69,0.3499,9653.0,0.2888,0.5472
Czechia,2012,-0.7707,73.4,22.0,73.9278,1.0009,0.9217,1.053,4.86,0.9704,867.0,1.7697,13617.94,0.3102,5347.0,1.0541,1.0226
Czechia,2013,-0.0418,74.1,19.5,74.7814,1.0046,0.9158,1.0786,4.86,0.9845,984.0,1.8792,13764.71,0.2991,5427.0,1.0848,1.0239
Czechia,2014,2.2452,74.2,19.5,74.5349,1.0029,1.0311,1.0014,4.86,1.0266,910.0,1.9583,15039.45,0.4298,6303.0,0.99,1.1389
Czechia,2015,4.9588,75.7,20.0,75.3226,1.0071,1.0256,1.0839,4.86,1.0427,880.0,1.9169,16488.26,0.4679,5037.0,0.9703,1.1071
Czechia,2016,2.5809,76.5,20.0,75.7545,1.0072,1.0081,0.9737,4.86,1.0253,792.0,1.67,16418.09,0.5559,5465.0,0.9634,0.9883
Czechia,2017,5.1736,78.7,22.0,76.1845,1.0065,1.0306,1.2226,4.85,0.8801,794.0,1.7686,16387.57,0.5681,5747.0,0.9907,1.0886
Czechia,2018,2.8303,80.7,22.0,76.6803,1.005,0.9512,1.2673,4.85,0.8224,678.0,1.8991,15899.72,0.5097,5849.0,1.0264,1.0198
Czechia,2019,3.5658,80.9,22.5,76.5919,1.0076,0.9196,1.2353,4.85,0.8342,765.0,1.9273,16546.99,0.5335,5553.0,0.942,1.0171
Czechia,2020,-5.3049,81.3,22.5,75.8963,1.007,0.911,1.2347,4.85,0.9786,673.0,1.986,15501.35,0.5554,4336.0,0.9123,1.0185
Germany,2012,0.4743,82.4,32.9032,80.5691,0.9614,1.531,1.5291,4.85,1.3937,46620.0,2.8817,105639.02,1.8176,199143.0,0.7756,1.6692
Germany,2013,0.3862,84.2,36.4501,81.2443,0.9645,1.5104,1.5443,4.85,1.4061,47353.0,2.836,106118.13,1.798,462384.0,0.928,1.642
Germany,2014,2.1695,86.2,36.4501,81.7862,0.9653,1.6648,1.697,4.85,1.4363,48154.0,2.8778,108118.23,1.8123,592338.0,0.9252,1.8502
Germany,2015,1.6527,87.6,36.4501,82.1639,0.9661,1.6564,1.7119,4.85,1.4221,47384.0,2.9338,108479.28,1.7758,1175283.0,0.6875,1.7591
Germany,2016,2.2947,84.2,36.4501,82.7478,0.9637,1.6602,1.8066,4.85,1.3647,48480.0,2.9404,110725.54,1.7813,517480.0,0.6675,1.5833
Germany,2017,2.716,84.4,30.7475,83.0454,0.9577,1.6131,1.7753,4.85,1.4325,47785.0,3.0471,111426.61,1.797,452988.0,0.5744,1.5741
Germany,2018,1.1164,87.0,30.7475,82.7453,0.961,1.5236,1.7563,4.85,1.4431,46617.0,3.1101,111308.13,1.8984,403908.0,0.5779,1.5914
Germany,2019,0.9879,88.1,30.8886,83.0003,0.9654,1.4953,1.7149,4.85,1.354,46632.0,3.167,113491.66,1.8651,319082.0,0.5485,1.5813
Germany,2020,-4.0951,89.8,31.1707,83.4426,0.9701,1.3137,1.5779,4.85,1.3739,42260.0,3.1314,112179.45,1.8253,203468.0,0.645,1.5201
Denmark,2012,-0.0054,92.3,39.1061,87.4001,1.0024,1.987,1.7992,4.91,1.6741,1406.0,2.9813,12398.11,2.3825,16871.0,0.9149,1.8751
Denmark,2013,1.3927,94.6,39.1061,88.174,1.0091,1.9433,1.8003,4.91,1.6662,1341.0,2.9705,12912.29,2.3994,21359.0,0.9592,1.9023
Denmark,2014,1.278,96.0,39.1061,86.9149,1.0169,1.7849,1.6811,4.91,1.5246,1377.0,2.9141,14140.3,2.2522,27242.0,0.9518,2.1007
Denmark,2015,2.1044,96.3,37.4302,85.9786,1.0185,1.7947,1.7229,4.91,1.5531,1462.0,3.055,14343.41,2.1859,42284.0,0.8871,2.0151
Denmark,2016,3.073,97.0,37.4302,87.514,1.0097,1.8212,1.5636,4.91,1.542,1552.0,3.0928,14395.75,2.203,33391.0,0.8529,1.8829
Denmark,2017,3.0565,97.1,37.4302,87.4756,1.0029,1.7468,1.6122,4.91,1.5181,1490.0,2.9312,14654.73,2.1907,24561.0,0.8549,1.8043
Denmark,2018,1.86,97.3,37.4302,87.0069,0.9998,1.8106,1.6284,4.91,1.574,1262.0,2.966,14802.91,2.157,18919.0,0.932,1.7732
Denmark,2019,1.7114,98.0,39.1061,86.7499,0.9956,1.8733,1.5476,4.91,1.5434,1351.0,2.8969,15073.24,2.1216,9488.0,0.9676,1.8334
Denmark,2020,-1.7801,96.5,39.6648,86.9964,0.9969,1.8401,1.7857,4.91,1.5148,1261.0,2.9726,15427.2,2.2365,10851.0,0.9202,1.8068
Spain,2012,-2.8651,69.8,36.0,79.9308,1.0014,1.0572,0.9472,4.97,1.0642,3266.0,1.2988,54679.57,1.1704,-153486.0,-0.0295,1.0378
Spain,2013,-1.4273,71.6,36.0,80.4027,1.0069,1.1677,0.9327,4.97,0.9888,3026.0,1.2748,54727.56,0.927,-250741.0,0.012,1.0254
Spain,2014,1.5205,76.2,39.7143,80.8157,1.0071,1.1733,0.7465,4.97,0.9937,2953.0,1.2416,56177.8,0.6892,-97870.0,0.2431,0.9665
Spain,2015,4.0609,78.7,41.1429,81.0586,1.0045,1.1573,0.7915,4.97,1.0449,2799.0,1.2218,55305.66,0.631,-1979.0,0.2412,0.8861
Spain,2016,2.9152,80.6,39.1429,81.4289,1.0102,1.0949,0.9965,4.97,1.0416,2745.0,1.1899,55591.05,0.5698,106474.0,0.4022,0.9654
Spain,2017,2.896,84.6,39.1429,81.5502,1.0156,1.0013,0.9308,4.97,1.0215,2167.0,1.2098,55884.36,0.5103,201135.0,0.2708,1.0244
Spain,2018,2.3954,86.1,39.1429,81.4343,1.0169,0.9692,0.9382,4.97,1.0296,1525.0,1.2415,57270.34,0.6128,337467.0,0.2759,0.9781
Spain,2019,1.9612,90.7,44.0,81.9421,1.0218,0.9688,1.0373,4.97,1.036,1288.0,1.2502,60307.51,0.6664,464783.0,0.2928,0.9902
Spain,2020,-10.9401,93.2,44.0,81.9103,1.0207,0.8539,0.7554,4.97,1.004,1431.0,1.4091,65541.7,0.7118,236854.0,0.4114,0.861
Estonia,2012,3.672,78.4,20.7921,81.1833,0.9923,0.9459,1.4103,4.88,1.1119,20.0,2.1248,1497.43,1.0883,-3674.0,0.6365,1.1509
Estonia,2013,1.7565,80.0,20.7921,81.0442,0.9921,0.9668,1.4392,4.87,1.1168,25.0,1.7241,1450.11,1.1814,-2688.0,0.7482,1.1914
Estonia,2014,3.3228,84.2,19.0,79.2813,0.9939,1.0112,1.6706,4.87,1.1703,44.0,1.4302,1687.96,1.2988,-674.0,0.7803,1.3699
Estonia,2015,1.8382,88.4,23.7624,80.8467,0.9978,1.0359,1.6583,4.87,1.1869,30.0,1.4678,1544.89,1.2554,4261.0,0.6139,1.3005
Estonia,2016,3.093,87.2,23.7624,80.3399,1.0045,1.0546,1.688,4.87,1.2082,29.0,1.2431,1575.25,1.2311,1081.0,0.6628,1.1926
Estonia,2017,5.6347,88.1,26.7327,80.8389,1.0118,1.0723,1.634,4.86,1.2145,37.0,1.2768,1589.67,1.2026,5202.0,0.6424,1.2485
Estonia,2018,3.6997,89.4,26.7327,81.0164,1.0158,1.1506,1.5448,4.86,1.1902,24.0,1.41,1503.59,1.4685,7089.0,0.5804,1.2035
Estonia,2019,3.7266,90.2,29.703,82.0737,1.022,1.1398,1.5801,4.86,1.1793,31.0,1.6206,1694.02,1.5252,5386.0,0.6302,1.2427
Estonia,2020,-2.8838,89.1,28.7129,81.8419,1.0241,1.299,1.5295,4.86,1.1672,21.0,1.7531,1794.38,1.5808,3694.0,0.7098,1.3351
Finland,2012,-1.5228,89.9,42.5,87.9708,1.0219,2.2103,1.8216,4.9,1.6007,1698.0,3.3983,10587.78,2.2268,17894.0,1.4008,1.944
Finland,2013,-0.9797,91.5,42.5,88.4362,1.0543,2.1806,1.8417,4.9,1.5736,1596.0,3.2714,10837.45,2.2002,18164.0,1.3852,1.9557
Finland,2014,-0.4781,86.5,42.5,88.6895,1.0568,2.025,1.8777,4.9,1.5418,1419.0,3.1475,11283.46,2.1593,15915.0,1.2822,2.1248
Finland,2015,0.4665,86.4,41.5,88.9686,1.0572,1.8432,1.8257,4.9,1.5437,1289.0,2.872,11122.9,2.2156,12655.0,1.028,2.053
Finland,2016,2.5719,87.7,41.5,88.2961,1.0576,1.8416,1.8066,4.9,1.5321,1260.0,2.7244,11298.48,2.1863,17321.0,0.9826,2.0077
Finland,2017,3.3034,87.5,42.0,88.0998,1.0563,1.9773,1.8123,4.89,1.5595,1390.0,2.7279,10979.67,2.1623,13356.0,1.0638,2.0241
Finland,2018,1.193,88.9,42.0,88.2815,1.0579,2.0139,1.7791,4.89,1.5894,1387.0,2.7575,11150.48,2.1718,11822.0,0.8919,2.0344
Finland,2019,1.3497,89.6,47.0,88.6183,1.0517,1.9728,1.8405,4.89,1.563,1321.0,2.7996,11414.95,2.1139,15671.0,0.8353,2.0126
Finland,2020,-2.491,92.2,46.0,88.0532,1.0554,1.901,1.8509,4.9,1.6095,1588.0,2.9124,11315.41,2.1704,17504.0,0.9818,2.0186
France,2012,0.1838,81.4,26.8631,82.9354,1.003,1.3734,1.1242,4.77,1.2381,14540.0,2.2271,72430.66,1.472,103287.0,0.5549,1.4369
France,2013,0.7818,81.9,26.8631,83.1909,1.0057,1.4821,1.1499,4.77,1.2192,14690.0,2.237,73455.58,1.3043,116297.0,0.4487,1.4024
France,2014,0.9978,83.8,26.1698,83.6797,1.0069,1.4129,1.0741,4.77,1.2181,14500.0,2.2759,73314.26,1.288,52342.0,0.3006,1.4535
France,2015,1.0668,78.0,26.1698,83.9113,1.0034,1.4173,1.1158,4.77,1.2067,14306.0,2.227,72732.87,1.2478,-345.0,0.0978,1.3668
France,2016,0.86,79.3,26.1698,84.1584,1.0025,1.3806,1.0586,4.76,1.1369,14206.0,2.2224,71971.68,1.3283,15548.0,-0.1063,1.3516
France,2017,2.0836,80.5,38.9948,83.9263,1.0019,1.3089,1.1465,4.76,1.1527,14415.0,2.1989,70699.91,1.2245,102984.0,0.2657,1.3981
France,2018,1.6459,82.0,39.5833,84.4,1.0008,1.4197,1.1475,4.76,1.1575,14303.0,2.1967,69234.08,1.2816,132925.0,0.0139,1.3962
France,2019,2.0274,83.3,39.688,84.8348,0.9987,1.3382,1.4315,4.76,1.115,14103.0,2.1918,68294.1,1.2481,71972.0,0.2713,1.3715
France,2020,-7.4406,84.7,39.5147,85.0034,0.997,1.2043,1.1895,4.77,1.0658,12771.0,2.2746,67560.3,1.1226,145593.0,0.281,1.2987
United Kingdom,2012,1.509,87.5,22.4615,81.7096,0.9998,1.5912,1.6378,4.84,1.3391,15370.0,1.5759,98685.19,1.6655,172088.0,0.4023,1.7294
United Kingdom,2013,1.7999,89.8,22.4615,82.5853,1.0242,1.5123,1.7611,4.84,1.329,14972.0,1.621,99858.85,1.7189,237272.0,0.4862,1.6894
United Kingdom,2014,3.1946,91.6,22.6154,83.0147,1.0217,1.6235,1.8195,4.84,1.2758,15196.0,2.2649,99810.65,1.7463,306091.0,0.4153,1.8747
United Kingdom,2015,2.2229,92.0,29.3846,83.2949,1.0164,1.7052,1.8347,4.84,1.2979,14867.0,2.2757,101175.14,1.8313,347839.0,0.5037,1.7707
United Kingdom,2016,1.9217,94.8,29.584,83.881,,1.5738,1.7493,4.84,1.2957,13876.0,2.3205,101572.0,1.8505,324649.0,0.3479,1.64
United Kingdom,2017,2.6565,90.4,32.0,84.4416,1.0154,1.4309,1.7053,4.84,1.3643,13301.0,2.326,102026.8,1.8143,272311.0,0.3807,1.6451
United Kingdom,2018,1.4052,90.7,32.1538,84.6167,1.013,1.3617,1.7694,4.84,1.3817,12865.0,2.7112,102782.03,1.8069,259744.0,0.0771,1.6032
United Kingdom,2019,1.6245,92.5,32.0,86.031,1.0114,1.4498,1.6129,4.84,1.264,12061.0,2.6708,103937.96,1.7487,232727.0,0.5267,1.5699
United Kingdom,2020,-10.2969,94.8,33.8462,86.8527,1.0124,1.3322,1.474,4.84,1.2316,11990.0,2.9388,104648.2,1.6602,144221.0,0.4831,1.464
Georgia,2012,6.5788,36.9,12.0,71.8971,,0.6306,0.6641,3.91,0.0216,139.0,,452.71,0.3974,-39290.0,-0.6805,-0.0062
Georgia,2013,5.1329,43.3,12.0,70.8155,1.0081,0.6069,0.7258,3.88,0.1388,114.0,0.0771,470.11,0.4636,-40117.0,-0.4414,0.0049
Georgia,2014,4.0905,49.1,12.0,71.8403,1.0118,0.4242,0.76,3.84,0.2846,110.0,0.1699,460.12,0.8283,-16047.0,-0.3215,0.2247
Georgia,2015,3.351,47.6,11.3333,73.524,1.0144,0.2631,0.7509,3.81,0.2747,99.0,0.294,490.4,0.7007,-13321.0,-0.4722,0.2228
Georgia,2016,3.4502,58.5,16.0,71.7496,1.0103,0.4209,0.8615,3.77,0.2957,96.0,0.2803,592.01,0.7135,-10588.0,-0.3201,0.3358
Georgia,2017,5.1599,59.7,16.0,73.3655,1.0106,0.4815,0.9491,3.74,0.2651,75.0,0.2664,542.95,0.7595,-7889.0,-0.3752,0.2627
Georgia,2018,6.062,62.7,16.0,75.5035,1.0125,0.5181,1.032,3.7,0.229,103.0,0.2757,548.01,0.7248,-5176.0,-0.4476,0.2705
Georgia,2019,5.3807,68.8,14.7651,75.1016,1.0075,0.7662,1.0265,3.67,0.1681,85.0,0.282,621.16,0.7165,-5412.0,-0.4982,0.2487
Georgia,2020,-6.2905,72.5,20.6667,75.3008,1.0071,0.7167,1.0012,3.68,0.0556,81.0,0.2977,619.47,0.6015,-2738.0,-0.4296,0.2229
Greece,2012,-8.3311,55.1,21.0,71.1127,0.9752,0.2764,0.522,4.82,0.7008,628.0,0.71,11842.68,-0.1904,-65364.0,-0.2172,0.3882
Greece,2013,-2.2721,59.9,21.0,71.2139,0.973,0.3572,0.6282,4.83,0.6872,698.0,0.8148,11775.12,-0.0754,-59323.0,-0.1713,0.4673
Greece,2014,0.7922,63.2,21.0,73.0053,0.9647,0.298,0.3262,4.84,0.6187,651.0,0.84,11537.0,-0.1361,-46678.0,-0.1404,0.374
Greece,2015,-0.2283,66.8,19.6667,74.5833,0.9596,0.1459,0.3919,4.84,0.6516,550.0,0.9661,11331.18,-0.1191,-43462.0,-0.2356,0.2525
Greece,2016,-0.0318,69.1,19.6667,74.9027,0.9654,0.1244,0.1353,4.85,0.6689,606.0,1.0053,11175.8,-0.1345,10484.0,-0.1297,0.1124
Greece,2017,1.4731,69.9,18.3333,74.4391,0.971,0.2392,0.2238,4.85,0.6587,498.0,1.1523,11146.65,-0.112,10483.0,-0.0812,0.0503
Greece,2018,2.0647,72.2,18.6667,73.6767,0.9754,0.2585,0.4021,4.85,0.7418,430.0,1.2137,11287.46,-0.0562,17938.0,0.154,0.113
Greece,2019,2.2772,75.7,20.6667,73.9535,0.9761,0.3143,0.5173,4.85,0.8107,356.0,1.275,11908.61,0.0137,36762.0,0.1624,0.1581
Greece,2020,-9.1962,78.1,21.6667,73.6493,0.98,0.4029,0.5365,4.85,0.9629,400.0,1.5115,12756.02,0.032,6353.0,0.1152,0.289
Croatia,2012,-2.2537,61.9,23.8411,75.4051,1.0267,0.675,0.3538,4.54,0.5408,217.0,0.7372,4442.57,-0.0255,-4794.0,0.6069,0.1451
Croatia,2013,-0.1254,66.7,23.8411,76.9949,1.024,0.6754,0.3696,4.54,0.5137,230.0,0.7951,4241.78,0.1075,-6245.0,0.6427,0.178
Croatia,2014,-0.5572,68.6,23.8411,78.6144,1.0232,0.6763,0.2766,4.54,0.5149,170.0,0.769,4062.94,0.2008,-13127.0,0.6191,0.2182
Croatia,2015,2.3232,69.8,15.2318,78.8831,1.0319,0.4574,0.2376,4.54,0.5555,169.0,0.8238,4115.56,0.1999,-27501.0,0.5865,0.1274
Croatia,2016,3.4611,72.7,12.5828,78.1938,1.032,0.4223,0.2386,4.54,0.5255,175.0,0.8443,4068.08,0.1557,-32144.0,0.6542,0.3399
Croatia,2017,3.281,67.1,18.543,77.752,1.033,0.5355,0.2994,4.53,0.4793,148.0,0.8415,4433.35,0.0596,-44557.0,0.6819,0.3089
Croatia,2018,2.9047,75.3,18.543,78.6123,1.0326,0.5139,0.4898,4.53,0.4462,121.0,0.9431,4721.48,0.0468,-25016.0,0.7937,0.3015
Croatia,2019,3.1004,79.1,20.5298,77.8132,1.0387,0.4568,0.5525,4.52,0.4542,195.0,1.0703,4751.25,0.0524,-13239.0,0.6855,0.3483
Croatia,2020,-8.3116,78.3,31.1258,76.4232,1.0391,0.4248,0.3623,4.53,0.5796,117.0,1.2299,5066.8,0.1771,-8552.0,0.6073,0.2362
Hungary,2012,-1.3395,70.6,8.8083,80.4393,0.9862,0.6086,0.9821,4.73,0.7494,692.0,1.2542,6506.75,0.2987,15286.0,0.6758,0.6111
Hungary,2013,2.0322,72.6,8.8083,79.4845,1.0015,0.6784,0.8999,4.73,0.7372,642.0,1.3841,6306.37,0.2939,5635.0,0.7966,0.583
Hungary,2014,4.3344,75.7,10.0503,78.9537,1.0019,0.5829,0.7479,4.72,0.5532,546.0,1.3446,6670.04,0.1565,11581.0,0.6699,0.5092
Hungary,2015,3.6598,72.8,10.101,78.8278,1.003,0.5097,0.7503,4.72,0.5601,569.0,1.3396,6586.04,0.1187,13856.0,0.7378,0.382
Hungary,2016,2.4386,79.3,10.101,78.7744,0.9936,0.4571,0.5908,4.71,0.4024,616.0,1.1799,6531.06,0.0722,68.0,0.6434,0.4136
Hungary,2017,4.1242,76.8,10.0503,78.0675,0.9991,0.4813,0.637,4.71,0.5374,496.0,1.317,6766.09,0.0906,20200.0,0.7962,0.5374
Hungary,2018,5.6061,76.1,12.5628,78.2854,0.9946,0.4432,0.5636,4.7,0.4879,407.0,1.5078,6875.82,0.0553,34190.0,0.7376,0.5551
Hungary,2019,5.0772,80.4,12.5628,77.4137,0.9934,0.4505,0.5923,4.7,0.3436,427.0,1.4729,7377.59,0.0306,34339.0,0.7619,0.4987
Hungary,2020,-4.3387,84.8,12.0603,77.3517,0.9899,0.5385,0.4694,4.7,0.3904,428.0,1.5925,7762.07,0.069,9147.0,0.837,0.4924
Ireland,2012,-0.399,76.9,15.0602,79.6399,1.0105,1.5391,1.5639,3.44,1.3225,,1.5603,7018.56,1.4557,-22411.0,0.9411,1.7272
Ireland,2013,2.1922,78.2,15.6627,80.2368,,1.504,1.5741,3.44,1.3117,,1.5691,7077.4,1.646,-12309.0,0.9011,1.7092
Ireland,2014,9.336,83.5,15.6627,79.7814,1.0074,1.5988,1.7587,3.4,1.3175,,1.518,7186.57,1.6923,448.0,1.053,1.7606
Ireland,2015,24.6156,83.5,16.2651,79.4057,1.0085,1.5208,1.8081,3.32,1.3348,,1.1797,6896.82,1.6736,13376.0,0.8953,1.7284
Ireland,2016,1.2226,83.5,22.1519,80.5316,1.0069,1.3296,1.7293,3.3,1.2912,79.0,1.1772,7148.95,1.6495,18967.0,0.8338,1.4662
Ireland,2017,10.0496,84.1,22.1519,81.1637,0.9919,1.2673,1.5753,3.27,1.2947,62.0,1.2487,7288.93,1.5296,28883.0,0.9934,1.3812
Ireland,2018,7.5443,87.0,22.1519,81.7372,1.0602,1.3782,1.6194,3.24,1.2958,76.0,1.107,7457.08,1.5349,33387.0,1.0114,1.4125
Ireland,2019,5.0405,87.0,22.1519,81.8867,1.0401,1.2576,1.5909,3.21,1.3032,58.0,1.1607,7999.14,1.4588,29663.0,0.9594,1.3483
Ireland,2020,7.1579,92.0,22.5,81.7483,1.0417,1.4352,1.4674,3.18,1.3894,75.0,1.1455,8513.7,1.5351,15746.0,0.9655,1.4563
Iceland,2012,1.0636,96.2,39.6825,90.6872,0.9977,1.4831,1.1131,4.77,1.443,37.0,,645.19,1.878,-277.0,1.245,1.678
Iceland,2013,4.5525,96.5,39.6825,90.3593,1.0183,1.483,1.1329,4.77,1.4395,33.0,1.6924,589.16,1.9049,1666.0,1.2871,1.6539
Iceland,2014,1.6872,98.2,39.6825,89.9016,1.0144,1.4854,1.2129,4.77,1.3572,51.0,1.9362,597.31,1.8236,1139.0,1.247,1.7045
Iceland,2015,4.4367,98.2,41.2698,90.4576,1.0039,1.4609,1.261,4.76,1.3766,40.0,2.1814,615.26,1.8978,1499.0,1.2985,1.6336
Iceland,2016,6.3037,98.2,47.619,89.3572,1.001,1.3499,1.2658,4.76,1.3562,35.0,2.1101,674.43,1.9036,4128.0,1.3466,1.4832
Iceland,2017,4.1949,98.3,38.0952,89.6334,0.9955,1.4136,1.4231,4.76,1.3793,36.0,2.0837,641.27,1.7946,8348.0,1.3377,1.571
Iceland,2018,4.8892,99.0,38.0952,89.3948,0.9946,1.4258,1.4082,4.76,1.3896,56.0,2.0008,720.82,1.8056,6638.0,1.3948,1.6793
Iceland,2019,1.8612,99.5,38.0952,89.7118,0.988,1.482,1.363,4.76,1.3024,47.0,2.3402,680.46,1.6706,5030.0,1.6198,1.7263
Iceland,2020,-6.9405,99.5,38.0952,89.3849,0.985,1.4759,1.443,4.76,1.3818,44.0,2.4864,686.83,1.6669,2498.0,1.375,1.7502
Italy,2012,-3.1252,55.8,21.4286,66.6655,0.9899,0.4475,0.7446,4.97,0.9168,8439.0,1.2622,64130.5,0.172,252524.0,0.5082,0.4259
Italy,2013,-1.818,58.5,31.4286,67.2982,0.9937,0.5324,0.7789,4.97,0.9542,8307.0,1.3011,67380.42,0.0709,158090.0,0.4955,0.4363
Italy,2014,-0.0014,55.6,31.4286,67.9942,0.9946,0.4729,0.6381,4.97,0.9993,8601.0,1.3384,69089.63,0.0057,52679.0,0.4582,0.4221
Italy,2015,0.8857,58.1,30.9524,67.2305,0.9965,0.4902,0.7125,4.97,1.0349,,1.3385,70947.03,0.0266,39389.0,0.3633,0.2884
Italy,2016,1.2362,61.3,30.9524,67.9619,1.0027,0.5442,0.6979,4.97,1.0352,8848.0,1.3664,70793.77,0.0816,84568.0,0.3559,0.3664
Italy,2017,1.6037,63.1,30.9524,68.693,0.984,0.4919,0.6913,4.97,0.9908,8643.0,1.3701,72117.06,0.1752,95147.0,0.2929,0.3191
Italy,2018,0.8266,74.4,35.7143,68.9477,0.979,0.4089,0.7151,4.97,0.9634,8921.0,1.4244,73693.73,0.2157,83686.0,0.3263,0.2406
Italy,2019,0.4292,67.9,35.7143,69.4473,0.9834,0.4509,0.9429,4.97,0.9051,9229.0,1.4616,78131.55,0.2339,46634.0,0.3811,0.2724
Italy,2020,-8.8682,70.5,35.7143,68.627,0.9904,0.3608,0.4877,4.97,1.0546,10061.0,1.5066,86301.61,0.5095,85281.0,0.3993,0.2067
Kazakhstan,2012,4.8,61.9,24.2991,87.2002,1.0076,-0.5254,-0.3906,4.67,-1.1767,,0.1653,447.55,-0.9213,-4512.0,-0.4085,-0.7729
Kazakhstan,2013,6.0,63.3,24.2991,87.3528,1.0127,-0.6207,-0.3753,4.67,-1.2427,1824.0,0.1713,621.51,-0.9312,-3925.0,-0.4025,-0.7164
Kazakhstan,2014,4.2,66.0,25.2174,87.3905,1.0153,-0.082,-0.2391,4.68,-1.1841,1742.0,0.1672,906.72,-0.8257,-10170.0,0.036,-0.6095
Kazakhstan,2015,1.2,70.8,26.1682,87.2235,1.0209,-0.1469,-0.0907,4.69,-1.1639,1271.0,0.1695,1110.37,-0.8716,-2011.0,-0.0384,-0.5153
Kazakhstan,2016,1.1,74.6,27.1028,87.0556,1.0162,-0.1421,-0.1612,4.7,-1.2053,993.0,0.1418,1470.61,-0.8322,9478.0,0.0015,-0.5131
Kazakhstan,2017,4.1,76.4,27.1028,87.1208,1.0125,-0.0658,0.1549,4.71,-1.2452,1055.0,0.1267,1690.02,-0.84,21248.0,0.0243,-0.4873
Kazakhstan,2018,4.1,78.9,27.1028,87.1941,1.0122,-0.0421,0.0946,4.7,-1.2007,789.0,0.1168,1973.65,-0.4922,-6644.0,-0.0524,-0.5035
Kazakhstan,2019,4.5,81.9,27.1028,87.2714,1.0135,0.0688,0.1073,4.7,-1.2294,,0.1184,2413.12,-0.286,2594.0,-0.168,-0.51
Kazakhstan,2020,-2.5,85.9,27.1028,87.0715,0.9998,0.1057,0.1061,4.7,-1.1796,803.0,0.126,2907.0,-0.3781,-8716.0,-0.2576,-0.4671
Lithuania,2012,4.3829,67.2,24.4604,84.0883,0.9718,0.8267,1.1178,3.81,0.9295,109.0,0.893,2247.28,0.3867,-21387.0,0.7862,0.8448
Lithuania,2013,4.0469,68.5,24.1135,82.5192,0.9668,0.8259,1.147,3.85,0.94,117.0,0.9487,2240.39,0.4188,-16769.0,0.9645,0.83
Lithuania,2014,3.7725,72.1,24.1135,82.7817,0.9693,0.977,1.1888,3.9,0.9616,123.0,1.0301,2444.28,0.5534,-12387.0,0.7421,0.9375
Lithuania,2015,2.8328,71.4,23.4043,83.8877,0.9701,1.1505,1.2638,3.95,0.974,101.0,1.0434,2474.04,0.5826,-22560.0,0.7498,0.9782
Lithuania,2016,2.6719,74.4,21.2766,84.2336,0.9688,1.0329,1.1246,4.0,1.0002,95.0,0.8424,2335.81,0.6764,-30612.0,0.8147,0.9967
Lithuania,2017,4.6122,77.6,21.2766,84.0475,0.9714,0.9294,1.1462,4.05,0.9866,81.0,0.8963,2400.43,0.5187,-28027.0,0.7656,0.9615
Lithuania,2018,4.9184,79.7,21.2766,83.5451,0.9758,1.0314,1.0937,4.09,0.9016,81.0,0.9366,2353.94,0.466,-3459.0,0.7292,0.9231
Lithuania,2019,4.6774,81.6,21.2766,84.368,0.977,1.0077,1.1466,4.09,0.9948,90.0,0.9927,2594.62,0.6663,10665.0,0.7706,0.986
Lithuania,2020,0.0428,83.1,26.9504,83.2953,0.9837,1.0149,1.0802,4.09,1.0042,95.0,1.1326,2888.91,0.7786,19884.0,0.9215,0.9485
Luxembourg,2012,1.6499,91.9,21.6667,78.3252,1.0205,1.6636,1.7599,4.36,1.6499,109.0,1.2066,593.83,2.1144,10273.0,1.3319,1.7917
Luxembourg,2013,3.1718,93.8,28.3333,78.3564,1.0168,1.6224,1.771,4.36,1.631,113.0,1.2338,765.94,2.1157,10535.0,1.3352,1.8076
Luxembourg,2014,2.6231,94.7,28.3333,79.3625,1.0138,1.6479,1.625,4.36,1.5546,128.0,1.217,876.26,2.0692,11217.0,1.3783,1.902
Luxembourg,2015,2.2698,96.4,28.3333,82.7996,1.0204,1.6927,1.6456,4.36,1.547,128.0,1.2523,816.06,2.0535,11377.0,1.4264,1.8381
Luxembourg,2016,4.9782,98.1,28.3333,83.3292,1.0161,1.6559,1.71,4.35,1.5008,143.0,1.2669,874.4,2.0499,12760.0,1.4036,1.7198
Luxembourg,2017,1.3172,97.4,28.3333,85.418,1.0095,1.6454,1.682,4.35,1.5222,156.0,1.239,831.12,1.9411,9643.0,1.3129,1.6991
Luxembourg,2018,1.6113,97.1,20.0,86.1802,1.0003,1.7364,1.7491,4.35,1.5432,152.0,1.1718,911.61,2.048,10145.0,1.3475,1.768
Luxembourg,2019,2.7493,97.1,25.0,84.5374,0.9927,1.6955,1.6851,4.35,1.4919,117.0,1.1818,955.34,2.0725,10503.0,1.3333,1.7496
Luxembourg,2020,-0.5101,98.5,30.0,87.0419,0.9926,1.7924,1.8382,4.36,1.4975,129.0,1.0958,980.18,2.0237,6967.0,1.2125,1.7359
Latvia,2012,7.3052,73.1,23.0,81.2657,0.981,0.8283,1.0106,3.87,0.7755,193.0,0.6631,1147.24,0.2382,-11914.0,0.4536,0.7799
Latvia,2013,2.0961,75.2,23.0,81.3301,0.9804,0.8794,1.0371,3.89,0.7704,225.0,0.6132,1192.04,0.3213,-14386.0,0.5936,0.7622
Latvia,2014,2.095,75.8,18.0,80.1338,0.9859,0.9508,1.1667,3.9,0.8494,103.0,0.6891,1163.27,0.4098,-8799.0,0.4873,0.8709
Latvia,2015,3.7834,79.2,18.0,80.1629,0.9902,1.0534,1.0748,3.93,0.8466,136.0,0.6194,1398.7,0.4341,-10826.0,0.4363,0.7667
Latvia,2016,2.5517,79.8,18.0,81.7947,0.9931,0.9655,1.0687,3.96,0.8425,95.0,0.4351,1347.95,0.3956,-12327.0,0.4672,0.9278
Latvia,2017,3.3989,80.1,16.0,81.2129,0.9961,0.8656,1.1448,3.99,0.7975,90.0,0.511,1557.08,0.501,-7867.0,0.453,0.9008
Latvia,2018,4.3097,83.6,31.0,81.4567,0.9974,1.0003,1.1344,3.98,0.7922,86.0,0.6387,1448.69,0.2972,-4972.0,0.3954,0.9232
Latvia,2019,0.6754,86.1,30.0,81.6779,0.9999,1.0657,1.1825,3.97,0.8555,82.0,0.6385,1603.35,0.4805,-3416.0,0.4269,0.9791
Latvia,2020,-3.4692,88.9,30.0,81.5134,1.003,0.8381,1.1804,3.97,0.8687,93.0,0.7344,1549.52,0.6931,-3147.0,0.4622,0.9221
Moldova,2012,-0.5897,34.7,19.802,101.6665,,-0.5579,-0.1159,3.17,-0.0344,93.0,0.3491,203.1,-0.6143,-81215.0,0.0465,-0.323
Moldova,2013,9.0439,37.4,19.802,101.1365,,-0.4077,-0.0858,3.12,-0.0727,67.0,0.2978,212.96,-0.754,-77571.0,0.0008,-0.3701
Moldova,2014,4.9996,67.0,17.8218,99.8168,1.0074,-0.4199,0.0149,3.09,0.0095,67.0,0.3146,206.09,-0.8543,-67175.0,-0.159,-0.2462
Moldova,2015,-0.3382,69.0,21.7822,97.5313,1.0048,-0.7211,-0.0809,3.11,0.0198,64.0,0.3074,190.6,-0.9474,-59399.0,-0.326,-0.3837
Moldova,2016,4.646,71.0,21.7822,96.9794,0.9987,-0.6938,-0.1332,3.11,-0.0195,91.0,0.28,292.07,-0.9907,-51642.0,-0.3055,-0.5292
Moldova,2017,4.1756,49.9,22.7723,97.1376,0.9916,-0.5773,-0.0523,3.11,-0.0256,73.0,0.2579,239.49,-0.8349,-43871.0,-0.315,-0.4518
Moldova,2018,4.0756,50.3,22.7723,97.9313,0.9892,-0.506,-0.0323,3.11,-0.1173,92.0,0.2563,211.47,-0.758,-36085.0,-0.4022,-0.4388
Moldova,2019,3.5523,57.8,25.7426,96.8715,0.9728,-0.4414,-0.0475,3.12,-0.1057,85.0,0.2414,274.4,-0.651,-41233.0,-0.3873,-0.4581
Moldova,2020,-8.276,58.2,24.7525,95.051,0.9896,-0.5336,-0.0109,3.18,-0.0563,85.0,0.2351,298.55,-0.587,-33405.0,-0.3401,-0.515
North Macedonia,2012,-0.4562,57.4,32.5203,63.4205,0.9827,-0.2102,0.2641,4.36,-0.0285,50.0,0.3268,477.66,-0.0512,-19083.0,-0.4926,-0.2516
North Macedonia,2013,2.9253,65.2,34.1463,65.5336,0.9793,-0.1685,0.2473,4.41,-0.0576,42.0,0.4389,467.06,-0.0565,-20297.0,-0.4161,-0.2309
North Macedonia,2014,3.6291,68.1,33.3333,64.232,0.978,0.0155,0.4217,4.46,-0.1416,,0.5165,493.09,-0.0328,-22132.0,0.2564,-0.0558
North Macedonia,2015,3.8559,70.4,33.3333,63.6981,0.9906,-0.0303,0.3599,4.51,-0.1818,,0.4441,480.78,-0.266,-23010.0,-0.2926,-0.2378
North Macedonia,2016,2.8482,72.2,33.3333,61.7903,,-0.0338,0.3834,4.57,-0.2348,,0.4358,441.03,-0.2979,-24144.0,-0.3553,-0.3444
North Macedonia,2017,1.0818,74.5,37.5,62.6373,0.9831,-0.0177,0.4435,4.63,-0.1389,,0.3544,467.11,-0.3286,-24227.0,-0.2589,-0.3106
North Macedonia,2018,2.8806,79.2,38.3333,63.4221,0.9861,0.0557,0.5154,4.69,-0.026,,0.3637,448.02,-0.3926,-24878.0,-0.2119,-0.3085
North Macedonia,2019,3.9104,81.4,39.1667,67.0704,0.9906,-0.124,0.4418,4.74,-0.0192,,0.3678,467.73,-0.4569,-24204.0,0.0081,-0.3066
North Macedonia,2020,-4.6885,81.4,39.1667,66.3334,0.9919,0.0283,0.4357,4.78,0.0554,47.0,0.3726,444.11,-0.4943,-23458.0,0.1121,-0.1061
Malta,2012,4.1026,68.2,8.6957,58.0908,1.0126,1.2408,1.3213,4.98,1.1654,11.0,0.8043,248.87,0.9356,911.0,1.0651,1.3385
Malta,2013,6.2917,68.9,14.2857,60.4654,1.018,1.2514,1.2907,4.98,1.1565,13.0,0.7434,292.87,0.9762,861.0,1.0428,1.3258
Malta,2014,7.6311,73.1,14.2857,62.3265,1.0266,1.0234,1.0784,4.98,1.1842,5.0,0.6918,289.77,0.8466,9192.0,1.1255,1.1911
Malta,2015,9.6211,76.0,12.8571,63.0283,1.0401,0.8189,1.1539,4.98,1.2028,9.0,0.7151,330.89,0.8642,9588.0,1.0537,1.1068
Malta,2016,4.0777,78.1,12.8571,65.4469,1.031,0.9209,1.1438,4.98,1.1965,3.0,0.5569,359.9,0.6837,8624.0,1.0665,0.9689
Malta,2017,12.9721,81.0,11.9403,67.1567,1.0,0.9687,1.2716,4.98,1.1712,5.0,0.5523,422.04,0.7037,14372.0,1.2383,1.113
Malta,2018,7.1891,81.7,11.9403,69.6977,1.0041,0.9309,1.3274,4.98,1.1011,2.0,0.5721,445.9,0.5471,16961.0,1.2716,1.02
Malta,2019,4.0847,85.8,14.9254,71.2807,1.005,0.8242,0.938,4.98,1.0801,5.0,0.5599,426.22,0.21,20302.0,1.0136,0.9216
Malta,2020,-3.3583,86.9,13.4328,73.6876,1.0048,0.9941,1.2101,4.98,1.1185,6.0,0.6457,506.7,0.3425,6904.0,0.9985,0.8837
Montenegro,2012,-2.7238,56.8,17.284,75.3871,1.0268,0.1205,0.0344,4.34,0.2179,37.0,,159.13,-0.1298,-1583.0,0.5966,-0.0585
Montenegro,2013,3.549,60.3,16.0494,75.6472,,0.1538,0.0936,4.39,0.1782,23.0,0.3743,190.08,-0.2873,-2478.0,0.5046,-0.0344
Montenegro,2014,1.7837,63.9,17.284,76.3236,,0.2933,0.1751,4.45,0.1603,13.0,0.3632,199.17,-0.0755,-4357.0,0.2195,0.014
Montenegro,2015,3.3904,68.1,17.284,77.7896,1.0113,0.1665,0.2263,4.5,0.144,23.0,0.374,224.21,-0.1235,-4863.0,0.1366,-0.0457
Montenegro,2016,2.9493,69.9,23.4568,75.4653,1.0046,0.1351,0.2342,4.55,0.0762,10.0,0.3245,241.08,-0.0821,-5274.0,0.2687,-0.1351
Montenegro,2017,4.7165,71.3,23.4568,74.5233,1.0078,0.1713,0.3235,4.6,0.1243,,0.349,284.32,-0.085,-4948.0,-0.0626,-0.1116
Montenegro,2018,5.0779,71.5,23.4568,72.8397,0.9894,0.0904,0.392,4.65,0.062,3.0,0.5037,256.39,-0.0148,-5058.0,0.0377,0.0028
Montenegro,2019,4.0629,73.5,28.3951,74.3369,1.0112,0.1064,0.395,4.68,0.0241,16.0,0.3633,281.21,-0.0302,-4083.0,0.0581,-0.0074
Montenegro,2020,-15.3069,77.6,22.2222,74.4802,1.0119,-0.1067,0.4242,4.72,0.0415,5.0,,317.08,-0.0437,-3310.0,-0.0612,-0.0406
Netherlands,2012,-0.9779,92.9,38.6667,84.0318,0.9902,1.8394,1.7455,4.59,1.6056,2375.0,1.9163,31031.95,2.0906,14861.0,1.1875,1.8527
Netherlands,2013,-0.0302,94.0,38.6667,84.0736,,1.8087,1.7609,4.59,1.5669,2315.0,2.1561,31621.17,2.0169,19973.0,1.1438,1.8253
Netherlands,2014,1.6126,91.7,38.6667,83.466,,1.8355,1.7631,4.59,1.5472,2294.0,2.1733,31939.52,1.9605,36591.0,1.0451,1.9734
Netherlands,2015,2.1206,91.7,37.3333,84.0145,1.0083,1.8286,1.7877,4.58,1.5613,2207.0,2.1461,31744.65,1.8334,55585.0,0.9125,1.9069
Netherlands,2016,2.4243,90.4,37.3333,84.6108,1.0092,1.8203,1.9648,4.58,1.5408,2290.0,2.1508,31496.18,1.8584,88743.0,0.8969,1.8456
Netherlands,2017,2.7815,93.2,36.0,85.1733,1.0076,1.814,2.0405,4.57,1.4962,2241.0,2.1786,31643.49,1.7456,86332.0,0.9071,1.7583
Netherlands,2018,2.2587,91.9,36.0,85.2205,1.0055,1.8097,2.0136,4.57,1.4998,2111.0,2.1388,32093.15,1.8891,87197.0,0.8383,1.7445
Netherlands,2019,2.3001,93.3,31.3333,85.8022,1.0065,1.7672,1.8492,4.56,1.4836,2228.0,2.1844,32282.4,1.8676,109003.0,0.8213,1.7347
Netherlands,2020,-3.868,91.3,33.3333,86.5176,1.0083,1.8052,1.7483,4.57,1.52,2198.0,2.3218,33060.81,2.0,67598.0,0.8309,1.7063
Norway,2012,2.718,94.7,39.645,90.9109,0.9944,1.8999,1.5397,4.6,1.7282,1009.0,1.6105,10328.16,2.248,47883.0,1.3275,1.951
Norway,2013,1.0162,95.1,39.645,91.4379,0.9834,1.8768,1.6574,4.6,1.7379,1101.0,1.6422,10371.73,2.2869,40690.0,1.3521,1.971
Norway,2014,2.0481,96.3,39.645,91.3515,0.9822,1.8217,1.6406,4.6,1.684,1106.0,1.7037,10660.66,2.2227,38522.0,1.12,2.0243
Norway,2015,1.8573,96.8,39.645,91.0258,0.9855,1.8331,1.5947,4.6,1.6881,1153.0,1.9235,10715.99,2.2003,30242.0,1.1456,1.9753
Norway,2016,1.1647,97.3,39.645,91.2312,0.9854,1.8324,1.6863,4.6,1.6655,1227.0,2.0329,11388.28,2.1495,26417.0,1.1816,1.9945
Norway,2017,2.4637,96.4,41.4201,91.5036,0.9776,1.9444,1.8055,4.6,1.6948,1152.0,2.0817,11973.4,2.1912,21657.0,1.1507,1.9807
Norway,2018,0.8289,96.5,41.4201,91.2057,0.9775,1.8451,1.7842,4.6,1.7093,1082.0,2.0348,12413.22,2.0503,18473.0,1.1208,1.9221
Norway,2019,1.1237,98.0,40.8284,90.8585,0.9756,1.8277,1.7979,4.6,1.6535,957.0,2.136,12827.31,2.0338,25707.0,1.1421,1.9408
Norway,2020,-1.2782,94.6,41.4201,91.2257,0.9771,1.8878,1.6943,4.6,1.7202,880.0,2.2444,13480.21,2.0658,11277.0,1.2216,1.9299
Poland,2012,1.5118,62.3,23.6957,75.2025,0.9953,0.6579,0.9964,4.57,1.0643,4410.0,0.89,27711.05,0.6598,4635.0,1.0495,0.8179
Poland,2013,0.6842,62.8,23.6957,75.1043,0.9806,0.6592,1.0526,4.65,0.9981,4237.0,0.8848,29634.94,0.6457,12402.0,0.9734,0.8395
Poland,2014,3.9205,66.6,24.3478,75.3446,0.9799,0.769,1.0633,4.73,1.1051,3941.0,0.9508,31104.41,0.6819,5525.0,0.8429,0.8716
Poland,2015,4.4318,68.0,27.3913,75.34,,0.7411,0.9546,4.82,1.0398,4676.0,1.0042,32723.75,0.6945,3887.0,0.8623,0.8036
Poland,2016,3.0312,73.3,27.3913,74.9703,,0.6515,0.9062,4.9,0.8442,4261.0,0.9682,34267.43,0.7596,-5675.0,0.4962,0.5938
Poland,2017,5.1525,76.0,28.0435,74.714,0.9837,0.5508,0.8051,4.96,0.776,3924.0,1.0379,33886.6,0.6988,-21535.0,0.5098,0.4009
Poland,2018,6.2459,77.5,28.0435,75.071,0.9802,0.5469,0.8742,4.98,0.7103,4207.0,1.2061,35457.24,0.6228,-223.0,0.4805,0.3769
Poland,2019,4.5805,80.4,28.6957,74.5358,0.9793,0.5128,1.0135,4.99,0.6718,3887.0,1.3233,36493.83,0.611,7696.0,0.5507,0.3912
Poland,2020,-2.0356,83.2,28.6957,74.0125,0.9805,0.3242,0.8507,4.99,0.6154,4010.0,1.3861,38445.19,0.6187,3920.0,0.4916,0.5247
Portugal,2012,-4.0509,60.3,28.6957,82.5838,0.9853,1.0019,0.8214,4.85,1.0285,621.0,1.3786,13001.8,0.9554,-37083.0,0.7753,1.0361
Portugal,2013,-0.9841,62.1,31.3043,83.2516,0.9759,1.1942,0.7983,4.87,1.0669,647.0,1.3247,13889.26,0.9122,-36342.0,0.7488,1.0386
Portugal,2014,0.7414,64.6,31.3043,83.4673,0.9682,0.9832,0.7459,4.89,1.1074,722.0,1.2899,14438.03,0.9094,-26447.0,0.8063,1.1195
Portugal,2015,1.5898,68.6,34.7826,83.8335,0.9669,1.1579,0.9418,4.91,1.1287,925.0,1.2433,14810.29,0.8921,-3209.0,0.9042,1.1019
Portugal,2016,2.0041,70.4,34.7826,83.3992,0.9699,1.1483,0.8322,4.92,1.1576,724.0,1.2808,14398.94,0.8589,-775.0,0.9586,1.0433
Portugal,2017,3.3147,73.8,34.7826,83.7475,0.9744,1.294,0.8971,4.93,1.1982,644.0,1.3193,14405.2,0.8214,13979.0,1.1062,1.104
Portugal,2018,2.9463,74.7,34.7826,84.5775,0.9861,1.1812,0.875,4.93,1.1785,661.0,1.3496,14906.3,0.8063,22495.0,1.1153,1.108
Portugal,2019,2.7457,75.3,38.6957,85.0582,0.9931,1.1342,0.9579,4.93,1.1945,703.0,1.3956,16534.56,0.7455,63031.0,1.0518,1.1064
Portugal,2020,-8.2046,78.3,40.0,84.8359,0.9973,0.9796,0.8221,4.93,1.2553,695.0,1.6139,17269.64,0.7211,54076.0,1.0087,1.1567
Romania,2012,1.9036,45.9,13.3495,71.0431,0.9872,-0.1695,0.5645,2.91,0.3185,1022.0,0.4624,9844.05,-0.3814,-37589.0,0.0823,0.0929
Romania,2013,0.2788,49.8,13.3495,70.766,,0.1347,0.6344,2.97,0.3115,993.0,0.3902,9740.94,-0.301,-34910.0,0.1791,0.1902
Romania,2014,4.116,54.1,13.5135,70.6874,,0.2247,0.6008,3.01,0.4281,952.0,0.3821,9746.12,-0.2242,-35448.0,0.0491,0.2422
Romania,2015,3.157,55.8,13.7157,70.1884,0.9945,0.0988,0.5684,3.06,0.4862,975.0,0.488,10357.99,-0.1709,-35751.0,0.1818,0.2049
Romania,2016,2.8599,59.5,13.7157,69.8299,0.9937,-0.0683,0.5663,3.11,0.5411,1005.0,0.4886,9456.26,-0.1787,-33073.0,0.2668,0.4525
Romania,2017,8.1955,63.7,20.6687,70.6863,0.9972,-0.0848,0.433,3.14,0.5988,1098.0,0.5069,9734.81,-0.1415,-33081.0,0.0485,0.4366
Romania,2018,6.1209,70.7,20.6687,69.9873,0.9981,-0.1771,0.4064,3.18,0.5332,1100.0,0.4973,9295.6,-0.2269,-33018.0,0.0363,0.3675
Romania,2019,3.9233,73.7,21.8845,69.5971,0.9982,-0.2151,0.4433,3.24,0.5152,881.0,0.4762,10705.93,-0.2369,-27909.0,0.5423,0.4153
Romania,2020,-3.6744,78.5,21.8845,68.9816,0.9994,-0.2869,0.3462,3.32,0.5851,817.0,0.4654,10334.95,-0.0986,-13202.0,0.509,0.3687
Russian Federation,2012,4.0241,66.0,13.5556,79.3044,0.991,-0.5349,-0.3469,3.46,-0.9788,28701.0,1.0277,36531.93,-1.0516,285977.0,-0.8177,-0.8576
Russian Federation,2013,1.7554,68.0,13.5556,78.7589,0.9919,-0.453,-0.3575,3.48,-1.0223,28765.0,1.0273,38952.94,-1.0207,289872.0,-0.7361,-0.8218
Russian Federation,2014,0.7363,70.5,13.5556,78.4394,0.9887,-0.1958,-0.4025,3.51,-1.0445,24072.0,1.0724,44778.75,-0.9189,264698.0,-0.9436,-0.7732
Russian Federation,2015,-1.9727,70.1,13.5556,77.9372,0.9888,-0.3321,-0.5801,3.55,-1.0877,29269.0,1.1008,51956.58,-0.9741,384756.0,-1.0322,-0.8151
Russian Federation,2016,0.1937,73.1,12.6667,77.8691,0.9919,-0.3241,-0.4432,3.58,-1.1312,26795.0,1.1024,61137.3,-0.8387,447645.0,-0.9477,-0.8451
Russian Federation,2017,1.8258,76.0,15.7778,77.7868,0.9832,-0.191,-0.527,3.6,-1.0896,22777.0,1.1097,68641.1,-0.9147,396619.0,-0.6428,-0.8459
Russian Federation,2018,2.8072,80.9,15.7778,78.1692,0.9779,-0.1038,-0.5627,3.62,-1.0701,24926.0,0.99,77629.6,-0.8693,339972.0,-0.5383,-0.8327
Russian Federation,2019,2.1981,82.6,15.7778,78.2724,0.9798,0.0242,-0.4766,3.64,-1.1171,23337.0,1.0353,90819.89,-0.8223,336494.0,-0.5511,-0.7712
Russian Federation,2020,-2.6537,85.0,15.7778,78.5944,,-0.1111,-0.4838,3.66,-1.0711,23759.0,1.091,94909.93,-0.9306,334094.0,-0.6674,-0.8052
Serbia,2012,-0.444,48.1,33.2,70.8949,1.0192,-0.1734,-0.0703,4.67,0.1989,192.0,0.8532,5912.23,-0.3574,-18513.0,-0.2173,-0.3328
Serbia,2013,0.4516,53.5,33.2,71.5202,1.0184,-0.1791,-0.0626,4.68,0.2854,201.0,0.6837,5274.97,-0.3278,-17866.0,-0.0756,-0.2988
Serbia,2014,-1.8043,62.1,34.0,72.2355,1.0162,0.0016,0.1814,4.7,0.2126,202.0,0.7231,5069.3,-0.2474,-18846.0,0.1841,-0.0948
Serbia,2015,1.2957,65.3,34.0,72.0323,1.0088,-0.0026,0.1363,4.72,0.2311,178.0,0.8109,4895.14,-0.3186,-18789.0,0.2348,-0.0758
Serbia,2016,2.9752,67.1,34.0,73.4895,1.0081,-0.0386,0.0249,4.73,0.2,192.0,0.8382,5030.89,-0.3833,-18322.0,0.1333,-0.127
Serbia,2017,2.3634,70.3,34.4,74.3688,1.0055,0.0733,-0.0467,4.75,0.1173,171.0,0.8724,4918.08,-0.4359,-18651.0,0.0834,-0.1797
Serbia,2018,4.6494,73.4,34.4,74.2587,1.0066,0.0744,0.0997,4.75,-0.0147,163.0,0.9189,4837.37,-0.3966,-18883.0,0.0053,-0.1703
Serbia,2019,4.7502,77.4,37.6518,75.092,1.0067,-0.0168,0.0973,4.75,-0.0468,168.0,0.8867,5062.2,-0.4502,-18891.0,-0.0781,-0.1439
Serbia,2020,-0.95,78.4,38.8,75.12,1.0094,-0.0429,0.0804,4.75,-0.1209,138.0,0.9056,4736.72,-0.4515,-10220.0,-0.1708,-0.123
Slovak Republic,2012,1.5692,76.7,18.6667,74.11,1.0011,0.7815,1.0409,4.71,0.973,168.0,0.7946,4189.34,0.0693,871.0,1.0884,0.4859
Slovak Republic,2013,0.7033,77.9,18.6667,74.8671,1.0074,0.7254,0.9278,4.68,0.9595,184.0,0.8201,4390.13,0.0489,-1181.0,1.1195,0.4638
Slovak Republic,2014,2.708,80.0,18.6667,76.3443,1.0048,0.7934,0.8855,4.66,0.9596,211.0,0.877,4941.0,0.122,-1158.0,1.0391,0.4851
Slovak Republic,2015,5.1769,77.6,18.6667,76.5244,1.0045,0.737,0.7726,4.65,0.9655,228.0,1.1573,5066.29,0.1099,2549.0,0.8658,0.4665
Slovak Republic,2016,1.9478,80.5,20.0,77.1925,1.0035,0.7935,0.877,4.65,0.9614,220.0,0.7886,5485.35,0.1521,3487.0,0.7082,0.597
Slovak Republic,2017,2.8747,81.6,20.0,77.7824,1.0061,0.6664,0.812,4.64,0.9121,183.0,0.8846,5691.88,0.0974,3279.0,0.9027,0.5132
Slovak Republic,2018,4.0621,80.4,20.0,77.1426,1.0067,0.5813,0.7983,4.64,0.8471,217.0,0.8356,5237.95,0.2303,3446.0,0.7367,0.4729
Slovak Republic,2019,2.2759,82.9,20.0,77.3637,1.0072,0.5497,0.9976,4.64,0.8613,206.0,0.8224,5845.98,0.1877,3128.0,0.6674,0.5
Slovak Republic,2020,-2.5855,89.9,22.6667,77.8989,1.0065,0.5021,0.7747,4.64,0.8795,206.0,0.8977,5671.55,0.4152,4350.0,0.634,0.6555
Slovenia,2012,-2.9155,68.4,32.2222,82.3603,1.0016,1.0183,0.6255,4.7,0.9998,,2.5606,3561.91,0.8322,1117.0,0.9351,1.0091
Slovenia,2013,-0.8238,72.7,32.2222,81.7628,1.0058,1.001,0.625,4.7,1.0019,,2.5649,3573.94,0.7222,639.0,0.8823,0.9945
Slovenia,2014,2.7628,71.6,35.5556,82.935,1.0057,0.9962,0.6578,4.7,0.9561,,2.3655,3516.41,0.7216,-70.0,0.9658,0.9997
Slovenia,2015,2.3933,73.1,36.6667,82.8867,1.0097,0.9368,0.6099,4.7,0.9868,,2.1957,3602.54,0.7371,712.0,0.9475,0.9458
Slovenia,2016,3.0344,75.5,36.6667,84.451,1.0176,1.0871,0.6278,4.7,1.0109,,2.0076,3440.93,0.7848,1195.0,0.9791,1.0506
Slovenia,2017,5.1744,78.9,36.6667,84.0579,1.0146,1.1292,0.5646,4.7,1.0067,,1.8653,3502.91,0.7769,1359.0,0.8664,0.9933
Slovenia,2018,4.3791,79.8,24.4444,83.582,1.0134,1.0822,0.6423,4.69,0.9702,255.0,1.9459,3390.46,0.836,14640.0,0.8943,1.0245
Slovenia,2019,3.5053,83.1,27.7778,84.1669,1.0093,1.0418,0.997,4.69,0.9774,,2.0392,3765.7,0.8884,16352.0,0.8016,1.085
Slovenia,2020,-4.085,86.6,27.7778,84.9354,1.0072,1.1212,0.9122,4.7,0.9321,232.0,2.1416,3964.77,0.7774,28514.0,0.7015,1.0395
Sweden,2012,-0.4145,93.2,44.6991,88.6085,0.9923,1.911,1.9,4.85,1.6904,2288.0,3.2302,19421.58,2.2771,52879.0,1.1706,1.9283
Sweden,2013,1.1377,94.8,44.9857,88.9027,1.0983,1.789,1.8955,4.85,1.658,2332.0,3.2604,20023.76,2.2394,66760.0,1.1278,1.9506
Sweden,2014,2.2958,92.5,44.6991,89.2159,1.0963,1.6814,1.8052,4.85,1.611,1984.0,3.1018,21042.01,2.1109,77654.0,1.0654,1.9751
Sweden,2015,4.4101,90.6,43.553,89.9657,1.0911,1.6848,1.8038,4.86,1.5655,2038.0,3.219,21197.56,2.1455,80534.0,0.9327,1.9903
Sweden,2016,2.3497,89.7,43.553,89.9345,1.0713,1.6631,1.8428,4.86,1.5651,2032.0,3.2474,21161.98,2.1058,119234.0,1.0008,1.9523
Sweden,2017,1.8252,93.0,43.553,90.0776,1.0399,1.6758,1.79,4.86,1.5694,1992.0,3.3628,21174.66,2.1,102671.0,0.9686,1.8197
Sweden,2018,1.903,89.2,46.1318,90.4199,1.042,1.6711,1.8255,4.86,1.5808,1838.0,3.3211,21255.37,2.1096,87517.0,0.9214,1.7841
Sweden,2019,2.5496,94.5,47.2779,90.3822,1.0541,1.674,1.7933,4.86,1.5591,1802.0,3.3876,21466.94,2.0919,72619.0,1.0119,1.7922
Sweden,2020,-2.0053,94.5,46.9914,89.47,1.0696,1.67,1.6786,4.86,1.498,1764.0,3.4896,21766.86,2.0945,37302.0,0.9974,1.7674
Turkiye,2012,4.7885,45.1,14.1818,41.5084,0.9647,0.4323,0.451,4.34,-0.2069,4434.0,0.826,27961.75,0.1613,258623.0,-1.2205,-0.0366
Turkiye,2013,8.4858,46.3,14.4161,43.0242,0.9769,0.3987,0.463,4.4,-0.2514,4392.0,0.8121,30007.39,0.0915,438618.0,-1.2499,-0.0047
Turkiye,2014,4.9397,51.0,14.4161,42.4639,0.9805,0.3923,0.4325,4.46,-0.3385,4766.0,0.8564,30611.18,-0.1343,1033384.0,-1.086,-0.076
Turkiye,2015,6.0845,53.7,14.9091,44.0099,0.9803,0.1995,0.2738,4.52,-0.3678,5352.0,0.9673,32539.53,-0.1615,1063140.0,-1.4953,-0.2323
Turkiye,2016,3.3231,58.3,14.9091,45.0805,0.9818,-0.0065,0.1935,4.59,-0.6071,6230.0,1.1198,34932.25,-0.1992,352063.0,-2.0072,-0.3415
Turkiye,2017,7.502,64.7,14.5719,46.3509,0.964,0.0138,0.0435,4.66,-0.7056,8175.0,1.1763,33087.1,-0.2088,659846.0,-1.7864,-0.3173
Turkiye,2018,3.0132,71.0,17.4497,47.0338,0.9799,-0.0685,0.0162,4.73,-0.8459,7156.0,1.2709,33902.25,-0.3513,187570.0,-1.3152,-0.3901
Turkiye,2019,0.8185,74.0,17.4497,47.7337,0.97,-0.0205,-0.0204,4.79,-0.8342,7871.0,1.3196,37976.86,-0.3259,-15690.0,-1.3782,-0.3468
Turkiye,2020,1.8599,77.7,17.3175,45.3023,0.9771,-0.1588,-0.0248,4.85,-0.8606,7920.0,1.3675,40923.32,-0.3618,37934.0,-1.1439,-0.4187
Ukraine,2012,0.1523,35.3,9.4382,82.276,0.9916,-0.5946,-0.5547,4.68,-0.2795,2491.0,0.7236,6659.32,-1.1175,66768.0,-0.0923,-0.8173
Ukraine,2013,0.0454,41.0,9.4382,81.3378,0.9877,-0.6643,-0.5856,4.7,-0.3154,2856.0,0.733,7355.95,-1.1767,26781.0,-0.7773,-0.845
Ukraine,2014,-10.0789,46.2,11.6667,80.4154,0.9959,-0.3988,-0.5868,4.73,-0.1423,2457.0,0.6503,7282.92,-1.0247,-65678.0,-2.0208,-0.8298
Ukraine,2015,-9.773,48.9,12.0853,79.5062,,-0.5544,-0.6189,4.75,-0.0868,2271.0,0.6148,7534.41,-1.0396,-21992.0,-1.9595,-0.8736
Ukraine,2016,2.441,53.0,12.0192,78.6109,,-0.6095,-0.4106,4.77,0.0018,2233.0,0.4834,7962.38,-0.8678,-31340.0,-1.8533,-0.8172
Ukraine,2017,2.36,58.9,12.2931,77.7296,,-0.514,-0.2818,4.78,0.015,2283.0,0.4488,9161.78,-0.8323,-36155.0,-1.8674,-0.756
Ukraine,2018,3.4884,62.6,12.2931,76.8579,,-0.4596,-0.2563,4.78,-0.0306,2107.0,0.4711,10355.29,-0.9213,-32220.0,-1.8722,-0.7603
Ukraine,2019,3.1995,70.1,20.5189,76.0015,,-0.3343,-0.2166,4.78,0.0231,2097.0,0.4338,13299.64,-0.8006,-6908.0,-1.4284,-0.7454
Ukraine,2020,-3.7528,75.0,20.8038,75.8855,,-0.4101,-0.2669,4.78,0.0889,1361.0,0.4032,14058.8,-0.8326,-4167.0,-1.1639,-0.7131
