Economy,Year,Individuals using the Internet (% of population),Proportion of seats held by women in national parliaments (%),Ratio of female to male labor force participation rate (%) (modeled ILO estimate),Government Effectiveness: Estimate,Economic and Social Rights Performance Score,Voice and Accountability: Estimate,"Patent applications, residents",Research and development expenditure (% of GDP),Net migration,Political Stability and Absence of Violence/Terrorism: Estimate,Rule of Law: Estimate
Albania,2012,49.4,15.7143,74.8204,-0.2689,4.65,0.0221,,,-19845.0,-0.1436,-0.5198
Albania,2013,51.8,17.8571,71.2649,-0.3245,4.69,0.0489,,,-20681.0,0.0919,-0.5188
Albania,2014,54.3,20.0,69.4362,-0.0498,4.72,0.1437,10.0,,-21706.0,0.486,-0.3112
Albania,2015,56.9,20.7143,73.3243,0.0276,4.76,0.1571,14.0,,-20500.0,0.3416,-0.3197
Albania,2016,59.6,22.8571,76.6623,0.0291,4.8,0.1711,20.0,,-9347.0,0.3374,-0.3226
Albania,2017,62.4,27.8571,74.5097,0.0986,4.83,0.2039,16.0,,-14901.0,0.3738,-0.4142
Albania,2018,65.4,27.8571,76.119,0.0805,4.87,0.1888,15.0,,-15032.0,0.3668,-0.4148
Albania,2019,68.5504,29.5082,77.8337,-0.0623,4.89,0.142,4.0,,-23094.0,0.1101,-0.4263
Albania,2020,72.2377,29.5082,77.5605,-0.1551,4.9,0.0863,,,-16680.0,0.0886,-0.378
Armenia,2012,37.5,10.687,80.3435,-0.0324,4.31,-0.5705,137.0,0.2385,-16782.0,0.1548,-0.4183
Armenia,2013,41.9,10.687,80.3623,0.0783,4.33,-0.5881,125.0,0.2222,-16265.0,0.1104,-0.3409
Armenia,2014,54.6228,10.687,80.407,-0.2573,4.35,-0.5621,121.0,0.2415,-15745.0,-0.2971,-0.4177
Armenia,2015,59.1008,10.687,80.4574,-0.3318,4.37,-0.5363,113.0,0.25,-15225.0,-0.2568,-0.4626
Armenia,2016,64.346,10.687,80.3821,-0.3126,4.4,-0.5791,125.0,0.233,-14697.0,-0.668,-0.1609
Armenia,2017,64.7449,18.0952,80.6151,-0.2516,4.4,-0.5607,107.0,0.2279,-14180.0,-0.6262,-0.2094
Armenia,2018,68.2451,18.0952,80.6633,-0.1706,4.4,-0.131,101.0,0.1888,-13129.0,-0.4511,-0.1972
Armenia,2019,66.5439,23.4848,82.8334,-0.226,4.4,0.0548,112.0,0.1785,-14330.0,-0.42,-0.1775
Armenia,2020,76.5077,23.4848,84.9432,-0.3045,4.42,0.0473,63.0,0.2092,-13046.0,-0.7716,-0.1258
Austria,2012,80.03,27.8689,82.0402,1.5602,4.98,1.4488,2258.0,2.9147,45014.0,1.3406,1.8571
Austria,2013,80.6188,33.3333,82.411,1.5714,4.98,1.4565,2162.0,2.9549,56726.0,1.3641,1.8341
Austria,2014,80.9958,32.2404,83.0737,1.553,4.98,1.3913,2092.0,3.0843,74375.0,1.2707,1.9384
Austria,2015,83.9401,30.6011,83.1619,1.451,4.98,1.3837,2205.0,3.0497,115175.0,1.1293,1.8148
Austria,2016,84.3237,30.6011,83.46,1.4748,4.98,1.3378,2078.0,3.1166,65976.0,0.8922,1.7615
Austria,2017,87.9356,34.4262,83.5578,1.4678,4.98,1.3862,2073.0,3.0566,45478.0,1.0296,1.8004
Austria,2018,87.4791,34.4262,83.1199,1.4561,4.98,1.3995,2039.0,3.0918,35296.0,0.8849,1.8535
Austria,2019,87.7522,39.3443,83.4245,1.4921,4.98,1.3372,2066.0,3.1326,41090.0,0.8922,1.8623
Austria,2020,87.5294,39.3443,83.9909,1.6059,4.98,1.3946,2124.0,3.2028,39601.0,0.8876,1.7706
Belgium,2012,80.72,38.0,78.8202,1.6712,4.9,1.3494,755.0,2.2811,45001.0,0.9236,1.4488
Belgium,2013,82.1702,38.0,80.0311,1.702,4.9,1.373,715.0,2.3307,28066.0,0.9401,1.4568
Belgium,2014,85.0012,39.3333,81.1469,1.5174,4.9,1.3663,889.0,2.37,37472.0,0.7013,1.5485
Belgium,2015,85.0529,39.3333,81.4957,1.5294,4.9,1.3875,949.0,2.4282,63536.0,0.5771,1.4562
Belgium,2016,86.5165,39.3333,81.3496,1.3976,4.9,1.3773,1054.0,2.5234,28090.0,0.4296,1.3938
Belgium,2017,87.6797,38.0,81.3808,1.2408,4.9,1.3386,1001.0,2.6667,37981.0,0.4176,1.3206
Belgium,2018,88.6473,38.0,82.9521,1.2246,4.9,1.3304,892.0,2.8602,50604.0,0.3938,1.3386
Belgium,2019,90.2754,42.0,83.3452,1.1133,4.9,1.3084,876.0,3.1566,58469.0,0.4584,1.3362
Belgium,2020,91.5264,41.3333,83.4577,1.0782,4.9,1.2781,862.0,3.3918,43777.0,0.5211,1.3276
Bosnia and Herzegovina,2012,45.0645,21.4286,62.7777,-0.4547,4.58,-0.1003,2.0,0.2653,-66378.0,-0.5381,-0.1972
Bosnia and Herzegovina,2013,48.5213,21.4286,62.7298,-0.4333,4.57,-0.1165,7.0,0.3213,-37002.0,-0.4049,-0.1394
Bosnia and Herzegovina,2014,49.9177,21.4286,62.6373,-0.4921,4.57,-0.071,41.0,0.2572,-35683.0,-0.0192,-0.1322
Bosnia and Herzegovina,2015,52.6,21.4286,62.7543,-0.6248,4.56,-0.0981,,0.216,-33948.0,-0.4042,-0.2646
Bosnia and Herzegovina,2016,60.2565,21.4286,62.8232,-0.4521,4.56,-0.1311,60.0,0.2134,-32173.0,-0.4027,-0.193
Bosnia and Herzegovina,2017,64.892,21.4286,62.9259,-0.519,4.55,-0.2057,87.0,0.1978,-30650.0,-0.3515,-0.2018
Bosnia and Herzegovina,2018,70.1201,21.4286,63.0637,-0.6709,4.54,-0.2596,84.0,0.192,-29147.0,-0.4009,-0.2256
Bosnia and Herzegovina,2019,69.9463,21.4286,63.1508,-0.7064,4.54,-0.2437,45.0,0.19,-27841.0,-0.4248,-0.2258
Bosnia and Herzegovina,2020,73.2118,26.1905,62.8144,-1.0757,4.54,-0.3234,50.0,0.2032,-26840.0,-0.4475,-0.3161
Bulgaria,2012,51.9,22.9167,81.5973,-0.0284,3.53,0.4009,245.0,0.6004,-26334.0,0.3798,-0.1151
Bulgaria,2013,53.0615,24.5833,81.2448,-0.0132,3.52,0.3373,282.0,0.6342,-1324.0,0.1707,-0.1473
Bulgaria,2014,55.4904,20.0,80.6978,-0.1124,3.51,0.3665,218.0,0.7901,-2180.0,0.0785,-0.082
Bulgaria,2015,56.6563,20.4167,81.0584,-0.0126,3.5,0.4326,280.0,0.9495,-4227.0,0.0104,-0.1595
Bulgaria,2016,59.8255,20.4167,79.5389,0.0888,3.47,0.4024,230.0,0.7701,-9482.0,0.0683,-0.1404
Bulgaria,2017,63.4101,23.75,80.4385,0.098,3.45,0.4301,202.0,0.7404,-6109.0,0.3214,-0.125
Bulgaria,2018,64.782,23.75,79.3696,0.1118,3.43,0.3652,180.0,0.7541,-3873.0,0.4444,-0.1058
Bulgaria,2019,67.947,25.8333,79.2161,0.1737,3.41,0.3547,186.0,0.8327,-2156.0,0.5613,-0.0374
Bulgaria,2020,70.1625,26.6667,78.6496,-0.214,3.42,0.2594,239.0,0.8497,30167.0,0.4016,-0.1277
Croatia,2012,61.94,23.8411,75.4051,0.675,4.54,0.5408,217.0,0.7372,-4794.0,0.6069,0.1451
Croatia,2013,66.7476,23.8411,76.9949,0.6754,4.54,0.5137,230.0,0.7951,-6245.0,0.6427,0.178
Croatia,2014,68.5679,23.8411,78.6144,0.6763,4.54,0.5149,170.0,0.769,-13127.0,0.6191,0.2182
Croatia,2015,69.845,15.2318,78.8831,0.4574,4.54,0.5555,169.0,0.8238,-27501.0,0.5865,0.1274
Croatia,2016,72.6973,12.5828,78.1938,0.4223,4.54,0.5255,175.0,0.8443,-32144.0,0.6542,0.3399
Croatia,2017,67.0962,18.543,77.752,0.5355,4.53,0.4793,148.0,0.8415,-44557.0,0.6819,0.3089
Croatia,2018,75.2946,18.543,78.6123,0.5139,4.53,0.4462,121.0,0.9431,-25016.0,0.7937,0.3015
Croatia,2019,79.0798,20.5298,77.8132,0.4568,4.52,0.4542,195.0,1.0703,-13239.0,0.6855,0.3483
Croatia,2020,78.3209,31.1258,76.4232,0.4248,4.53,0.5796,117.0,1.2299,-8552.0,0.6073,0.2362
Czechia,2012,73.43,22.0,73.9278,0.9217,4.86,0.9704,867.0,1.7697,5347.0,1.0541,1.0226
Czechia,2013,74.1104,19.5,74.7814,0.9158,4.86,0.9845,984.0,1.8792,5427.0,1.0848,1.0239
Czechia,2014,74.2317,19.5,74.5349,1.0311,4.86,1.0266,910.0,1.9583,6303.0,0.99,1.1389
Czechia,2015,75.6688,20.0,75.3226,1.0256,4.86,1.0427,880.0,1.9169,5037.0,0.9703,1.1071
Czechia,2016,76.4812,20.0,75.7545,1.0081,4.86,1.0253,792.0,1.67,5465.0,0.9634,0.9883
Czechia,2017,78.7192,22.0,76.1845,1.0306,4.85,0.8801,794.0,1.7686,5747.0,0.9907,1.0886
Czechia,2018,80.6882,22.0,76.6803,0.9512,4.85,0.8224,678.0,1.8991,5849.0,1.0264,1.0198
Czechia,2019,80.8669,22.5,76.5919,0.9196,4.85,0.8342,765.0,1.9273,5553.0,0.942,1.0171
Czechia,2020,81.3389,22.5,75.8963,0.911,4.85,0.9786,673.0,1.986,4336.0,0.9123,1.0185
Denmark,2012,92.26,39.1061,87.4001,1.987,4.91,1.6741,1406.0,2.9812,16871.0,0.9149,1.8751
Denmark,2013,94.6297,39.1061,88.174,1.9433,4.91,1.6662,1341.0,2.9705,21359.0,0.9592,1.9023
Denmark,2014,95.9935,39.1061,86.9149,1.7849,4.91,1.5246,1377.0,2.9141,27242.0,0.9518,2.1007
Denmark,2015,96.3305,37.4302,85.9786,1.7947,4.91,1.5531,1462.0,3.055,42284.0,0.8871,2.0151
Denmark,2016,96.9678,37.4302,87.514,1.8212,4.91,1.542,1552.0,3.0928,33391.0,0.8529,1.8829
Denmark,2017,97.0994,37.4302,87.4756,1.7468,4.91,1.5181,1490.0,2.9312,24561.0,0.8549,1.8043
Denmark,2018,97.3192,37.4302,87.0069,1.8106,4.91,1.574,1262.0,2.966,18919.0,0.932,1.7732
Denmark,2019,98.0464,39.1061,86.7499,1.8733,4.91,1.5434,1351.0,2.8968,9488.0,0.9676,1.8334
Denmark,2020,96.5491,39.6648,86.9964,1.8401,4.91,1.5148,1261.0,2.9726,10851.0,0.9202,1.8068
Estonia,2012,78.3899,20.7921,81.1833,0.9459,4.88,1.1119,20.0,2.1248,-3674.0,0.6365,1.1509
Estonia,2013,80.0043,20.7921,81.0442,0.9668,4.87,1.1168,25.0,1.7241,-2688.0,0.7482,1.1914
Estonia,2014,84.2415,19.0,79.2813,1.0112,4.87,1.1703,44.0,1.4302,-674.0,0.7803,1.3699
Estonia,2015,88.4097,23.7624,80.8467,1.0359,4.87,1.1869,30.0,1.4678,4261.0,0.6139,1.3005
Estonia,2016,87.2402,23.7624,80.3399,1.0546,4.87,1.2082,29.0,1.2431,1081.0,0.6628,1.1926
Estonia,2017,88.1025,26.7327,80.8389,1.0723,4.86,1.2145,37.0,1.2768,5202.0,0.6424,1.2485
Estonia,2018,89.357,26.7327,81.0164,1.1506,4.86,1.1902,24.0,1.41,7089.0,0.5804,1.2035
Estonia,2019,90.2289,29.703,82.0737,1.1398,4.86,1.1793,31.0,1.6206,5386.0,0.6302,1.2427
Estonia,2020,89.0583,28.7129,81.8419,1.299,4.86,1.1672,21.0,1.7532,3694.0,0.7098,1.3351
Finland,2012,89.88,42.5,87.9708,2.2103,4.9,1.6007,1698.0,3.3983,17894.0,1.4008,1.944
Finland,2013,91.5144,42.5,88.4362,2.1806,4.9,1.5736,1596.0,3.2714,18164.0,1.3852,1.9557
Finland,2014,86.5304,42.5,88.6895,2.025,4.9,1.5418,1419.0,3.1475,15915.0,1.2822,2.1248
Finland,2015,86.4221,41.5,88.9686,1.8432,4.9,1.5437,1289.0,2.872,12655.0,1.028,2.053
Finland,2016,87.7036,41.5,88.2961,1.8416,4.9,1.5321,1260.0,2.7244,17321.0,0.9826,2.0077
Finland,2017,87.4689,42.0,88.0998,1.9773,4.89,1.5595,1390.0,2.7279,13356.0,1.0638,2.0241
Finland,2018,88.89,42.0,88.2815,2.0139,4.89,1.5894,1387.0,2.7575,11822.0,0.8919,2.0344
Finland,2019,89.6074,47.0,88.6183,1.9728,4.89,1.563,1321.0,2.7996,15671.0,0.8353,2.0126
Finland,2020,92.1703,46.0,88.0532,1.901,4.9,1.6095,1588.0,2.9124,17504.0,0.9818,2.0186
France,2012,81.44,26.8631,82.9354,1.3734,4.77,1.2381,14540.0,2.2271,103287.0,0.5549,1.4369
France,2013,81.9198,26.8631,83.1909,1.4821,4.77,1.2192,14690.0,2.237,116297.0,0.4487,1.4024
France,2014,83.7511,26.1698,83.6797,1.4129,4.77,1.2181,14500.0,2.2759,52342.0,0.3006,1.4535
France,2015,78.006,26.1698,83.9113,1.4173,4.77,1.2067,14306.0,2.227,-345.0,0.0978,1.3668
France,2016,79.2698,26.1698,84.1584,1.3806,4.76,1.1369,14206.0,2.2224,15548.0,-0.1063,1.3516
France,2017,80.5025,38.9948,83.9263,1.3089,4.76,1.1527,14415.0,2.1989,102984.0,0.2657,1.3981
France,2018,82.0432,39.5833,84.4,1.4197,4.76,1.1575,14303.0,2.1967,132925.0,0.0139,1.3962
France,2019,83.3397,39.688,84.8348,1.3382,4.76,1.115,14103.0,2.1918,71972.0,0.2713,1.3715
France,2020,84.7064,39.5147,85.0034,1.2043,4.77,1.0658,12771.0,2.2746,145593.0,0.281,1.2987
Germany,2012,82.35,32.9032,80.5691,1.531,4.85,1.3937,46620.0,2.8817,199143.0,0.7756,1.6692
Germany,2013,84.17,36.4501,81.2443,1.5104,4.85,1.4061,47353.0,2.836,462384.0,0.928,1.642
Germany,2014,86.1937,36.4501,81.7862,1.6648,4.85,1.4363,48154.0,2.8778,592338.0,0.9252,1.8502
Germany,2015,87.5898,36.4501,82.1639,1.6564,4.85,1.4221,47384.0,2.9338,1175283.0,0.6875,1.7591
Germany,2016,84.1652,36.4501,82.7478,1.6602,4.85,1.3647,48480.0,2.9404,517480.0,0.6675,1.5833
Germany,2017,84.3942,30.7475,83.0454,1.6131,4.85,1.4325,47785.0,3.0471,452988.0,0.5744,1.5741
Germany,2018,87.0371,30.7475,82.7453,1.5236,4.85,1.4431,46617.0,3.1101,403908.0,0.5779,1.5914
Germany,2019,88.1345,30.8886,83.0003,1.4953,4.85,1.354,46632.0,3.167,319082.0,0.5485,1.5813
Germany,2020,89.8129,31.1707,83.4426,1.3137,4.85,1.3739,42260.0,3.1314,203468.0,0.645,1.5201
Greece,2012,55.07,21.0,71.1127,0.2764,4.82,0.7008,628.0,0.71,-65364.0,-0.2172,0.3882
Greece,2013,59.8663,21.0,71.2139,0.3572,4.83,0.6872,698.0,0.8148,-59323.0,-0.1713,0.4673
Greece,2014,63.2073,21.0,73.0053,0.298,4.84,0.6187,651.0,0.84,-46678.0,-0.1404,0.374
Greece,2015,66.835,19.6667,74.5833,0.1459,4.84,0.6516,550.0,0.966,-43462.0,-0.2356,0.2525
Greece,2016,69.0879,19.6667,74.9027,0.1244,4.85,0.6689,606.0,1.0053,10484.0,-0.1297,0.1124
Greece,2017,69.893,18.3333,74.4391,0.2392,4.85,0.6587,498.0,1.1523,10483.0,-0.0812,0.0503
Greece,2018,72.2384,18.6667,73.6767,0.2585,4.85,0.7418,430.0,1.2137,17938.0,0.154,0.113
Greece,2019,75.6712,20.6667,73.9535,0.3143,4.85,0.8107,356.0,1.275,36762.0,0.1624,0.1581
Greece,2020,78.1158,21.6667,73.6493,0.4029,4.85,0.9629,400.0,1.5115,6353.0,0.1152,0.289
Hungary,2012,70.58,8.8083,80.4393,0.6086,4.73,0.7494,692.0,1.2542,15286.0,0.6758,0.6111
Hungary,2013,72.6439,8.8083,79.4845,0.6784,4.73,0.7372,642.0,1.3841,5635.0,0.7966,0.583
Hungary,2014,75.6532,10.0503,78.9537,0.5829,4.72,0.5532,546.0,1.3446,11581.0,0.6699,0.5092
Hungary,2015,72.8347,10.101,78.8278,0.5097,4.72,0.5601,569.0,1.3396,13856.0,0.7378,0.382
Hungary,2016,79.2594,10.101,78.7744,0.4571,4.71,0.4024,616.0,1.1799,68.0,0.6434,0.4136
Hungary,2017,76.7505,10.0503,78.0675,0.4813,4.71,0.5374,496.0,1.317,20200.0,0.7962,0.5374
Hungary,2018,76.0744,12.5628,78.2854,0.4432,4.7,0.4879,407.0,1.5078,34190.0,0.7376,0.5551
Hungary,2019,80.3717,12.5628,77.4137,0.4505,4.7,0.3436,427.0,1.4729,34339.0,0.7619,0.4987
Hungary,2020,84.7712,12.0603,77.3517,0.5385,4.7,0.3904,428.0,1.5925,9147.0,0.837,0.4924
Iceland,2012,96.2098,39.6825,90.6872,1.4831,4.77,1.443,37.0,,-277.0,1.245,1.678
Iceland,2013,96.5468,39.6825,90.3593,1.483,4.77,1.4395,33.0,1.6924,1666.0,1.2871,1.6539
Iceland,2014,98.158,39.6825,89.9016,1.4854,4.77,1.3572,51.0,1.9362,1139.0,1.247,1.7045
Iceland,2015,98.2,41.2698,90.4576,1.4609,4.76,1.3766,40.0,2.1814,1499.0,1.2985,1.6336
Iceland,2016,98.24,47.619,89.3572,1.3499,4.76,1.3562,35.0,2.1101,4128.0,1.3466,1.4832
Iceland,2017,98.2552,38.0952,89.6334,1.4136,4.76,1.3793,36.0,2.0836,8348.0,1.3377,1.571
Iceland,2018,99.011,38.0952,89.3948,1.4258,4.76,1.3896,56.0,2.0008,6638.0,1.3948,1.6793
Iceland,2019,99.5049,38.0952,89.7118,1.482,4.76,1.3024,47.0,2.3402,5030.0,1.6198,1.7263
Iceland,2020,99.5328,38.0952,89.3849,1.4759,4.76,1.3818,44.0,2.4864,2498.0,1.375,1.7502
Ireland,2012,76.92,15.0602,79.6399,1.5391,3.44,1.3225,,1.5603,-22411.0,0.9411,1.7272
Ireland,2013,78.2477,15.6627,80.2368,1.504,3.44,1.3117,,1.5691,-12309.0,0.9011,1.7092
Ireland,2014,83.4917,15.6627,79.7814,1.5988,3.4,1.3175,,1.518,448.0,1.053,1.7606
Ireland,2015,83.4948,16.2651,79.4057,1.5208,3.32,1.3348,,1.1797,13376.0,0.8953,1.7284
Ireland,2016,83.5,22.1519,80.5316,1.3296,3.3,1.2912,79.0,1.1772,18967.0,0.8338,1.4662
Ireland,2017,84.114,22.1519,81.1637,1.2673,3.27,1.2947,62.0,1.2487,28883.0,0.9934,1.3812
Ireland,2018,87.0001,22.1519,81.7372,1.3782,3.24,1.2958,76.0,1.107,33387.0,1.0114,1.4125
Ireland,2019,87.0001,22.1519,81.8867,1.2576,3.21,1.3032,58.0,1.1607,29663.0,0.9594,1.3483
Ireland,2020,91.9999,22.5,81.7483,1.4352,3.18,1.3894,75.0,1.1455,15746.0,0.9655,1.4563
Italy,2012,55.83,21.4286,66.6655,0.4475,4.97,0.9168,8439.0,1.2622,252524.0,0.5082,0.4259
Italy,2013,58.4593,31.4286,67.2982,0.5324,4.97,0.9542,8307.0,1.3011,158090.0,0.4955,0.4363
Italy,2014,55.6385,31.4286,67.9942,0.4729,4.97,0.9993,8601.0,1.3384,52679.0,0.4582,0.4221
Italy,2015,58.1417,30.9524,67.2305,0.4902,4.97,1.0349,,1.3385,39389.0,0.3633,0.2884
Italy,2016,61.3243,30.9524,67.9619,0.5442,4.97,1.0352,8848.0,1.3664,84568.0,0.3559,0.3664
Italy,2017,63.0773,30.9524,68.693,0.4919,4.97,0.9908,8643.0,1.3701,95147.0,0.2929,0.3191
Italy,2018,74.3872,35.7143,68.9477,0.4089,4.97,0.9634,8921.0,1.4244,83686.0,0.3263,0.2406
Italy,2019,67.8507,35.7143,69.4473,0.4509,4.97,0.9051,9229.0,1.4616,46634.0,0.3811,0.2724
Italy,2020,70.4834,35.7143,68.627,0.3608,4.97,1.0546,10061.0,1.5066,85281.0,0.3993,0.2067
Latvia,2012,73.1199,23.0,81.2657,0.8283,3.87,0.7755,193.0,0.6631,-11914.0,0.4536,0.7799
Latvia,2013,75.2344,23.0,81.3301,0.8794,3.89,0.7704,225.0,0.6132,-14386.0,0.5936,0.7622
Latvia,2014,75.8261,18.0,80.1338,0.9508,3.9,0.8494,103.0,0.6891,-8799.0,0.4873,0.8709
Latvia,2015,79.2006,18.0,80.1629,1.0534,3.93,0.8466,136.0,0.6194,-10826.0,0.4363,0.7667
Latvia,2016,79.8421,18.0,81.7947,0.9655,3.96,0.8425,95.0,0.4351,-12327.0,0.4672,0.9278
Latvia,2017,80.1141,16.0,81.2129,0.8656,3.99,0.7975,90.0,0.511,-7867.0,0.453,0.9008
Latvia,2018,83.5772,31.0,81.4567,1.0003,3.98,0.7922,86.0,0.6387,-4972.0,0.3954,0.9232
Latvia,2019,86.1355,30.0,81.6779,1.0657,3.97,0.8555,82.0,0.6385,-3416.0,0.4269,0.9791
Latvia,2020,88.898,30.0,81.5134,0.8381,3.97,0.8687,93.0,0.7344,-3147.0,0.4622,0.9221
Lithuania,2012,67.23,24.4604,84.0883,0.8267,3.81,0.9295,109.0,0.893,-21387.0,0.7862,0.8448
Lithuania,2013,68.4529,24.1135,82.5192,0.8259,3.85,0.94,117.0,0.9487,-16769.0,0.9645,0.83
Lithuania,2014,72.1335,24.1135,82.7817,0.977,3.9,0.9616,123.0,1.0301,-12387.0,0.7421,0.9375
Lithuania,2015,71.3781,23.4043,83.8877,1.1505,3.95,0.974,101.0,1.0434,-22560.0,0.7498,0.9782
Lithuania,2016,74.3766,21.2766,84.2336,1.0329,4.0,1.0002,95.0,0.8424,-30612.0,0.8147,0.9967
Lithuania,2017,77.6153,21.2766,84.0475,0.9294,4.05,0.9866,81.0,0.8963,-28027.0,0.7656,0.9615
Lithuania,2018,79.7226,21.2766,83.5451,1.0314,4.09,0.9016,81.0,0.9366,-3459.0,0.7292,0.9231
Lithuania,2019,81.5819,21.2766,84.368,1.0077,4.09,0.9948,90.0,0.9927,10665.0,0.7706,0.986
Lithuania,2020,83.0555,26.9504,83.2953,1.0149,4.09,1.0042,95.0,1.1326,19884.0,0.9215,0.9485
Luxembourg,2012,91.9499,21.6667,78.3252,1.6636,4.36,1.6499,109.0,1.2066,10273.0,1.3319,1.7917
Luxembourg,2013,93.7765,28.3333,78.3564,1.6224,4.36,1.631,113.0,1.2338,10535.0,1.3352,1.8076
Luxembourg,2014,94.6702,28.3333,79.3625,1.6479,4.36,1.5546,128.0,1.217,11217.0,1.3783,1.902
Luxembourg,2015,96.3767,28.3333,82.7996,1.6927,4.36,1.547,128.0,1.2523,11377.0,1.4264,1.8381
Luxembourg,2016,98.1367,28.3333,83.3292,1.6559,4.35,1.5008,143.0,1.2669,12760.0,1.4036,1.7198
Luxembourg,2017,97.363,28.3333,85.418,1.6454,4.35,1.5222,156.0,1.239,9643.0,1.3129,1.6991
Luxembourg,2018,97.0613,20.0,86.1802,1.7364,4.35,1.5432,152.0,1.1718,10145.0,1.3475,1.768
Luxembourg,2019,97.1206,25.0,84.5374,1.6955,4.35,1.4919,117.0,1.1818,10503.0,1.3333,1.7496
Luxembourg,2020,98.4596,30.0,87.0419,1.7924,4.36,1.4975,129.0,1.0958,6967.0,1.2125,1.7359
Moldova,2012,34.65,19.802,101.6665,-0.5579,3.17,-0.0344,93.0,0.3491,-81215.0,0.0465,-0.323
Moldova,2013,37.44,19.802,101.1365,-0.4077,3.12,-0.0727,67.0,0.2978,-77571.0,0.0008,-0.3701
Moldova,2014,67.0,17.8218,99.8168,-0.4199,3.09,0.0095,67.0,0.3146,-67175.0,-0.159,-0.2462
Moldova,2015,69.0,21.7822,97.5313,-0.7211,3.11,0.0198,64.0,0.3074,-59399.0,-0.326,-0.3837
Moldova,2016,71.0,21.7822,96.9794,-0.6938,3.11,-0.0195,91.0,0.28,-51642.0,-0.3055,-0.5292
Moldova,2017,49.9,22.7723,97.1376,-0.5773,3.11,-0.0256,73.0,0.2579,-43871.0,-0.315,-0.4518
Moldova,2018,50.3,22.7723,97.9313,-0.506,3.11,-0.1173,92.0,0.2563,-36085.0,-0.4022,-0.4388
Moldova,2019,57.7605,25.7426,96.8715,-0.4414,3.12,-0.1057,85.0,0.2414,-41233.0,-0.3873,-0.4581
Moldova,2020,58.2153,24.7525,95.051,-0.5336,3.18,-0.0563,85.0,0.2351,-33405.0,-0.3401,-0.515
Montenegro,2012,56.8388,17.284,75.3871,0.1205,4.34,0.2179,37.0,,-1583.0,0.5966,-0.0585
Montenegro,2013,60.31,16.0494,75.6472,0.1538,4.39,0.1782,23.0,0.3743,-2478.0,0.5046,-0.0344
Montenegro,2014,63.8869,17.284,76.3236,0.2933,4.45,0.1603,13.0,0.3632,-4357.0,0.2195,0.014
Montenegro,2015,68.1198,17.284,77.7896,0.1665,4.5,0.144,23.0,0.374,-4863.0,0.1366,-0.0457
Montenegro,2016,69.8816,23.4568,75.4653,0.1351,4.55,0.0762,10.0,0.3245,-5274.0,0.2687,-0.1351
Montenegro,2017,71.2723,23.4568,74.5233,0.1713,4.6,0.1243,,0.349,-4948.0,-0.0626,-0.1116
Montenegro,2018,71.5171,23.4568,72.8397,0.0904,4.65,0.062,3.0,0.5037,-5058.0,0.0377,0.0028
Montenegro,2019,73.4767,28.3951,74.3369,0.1064,4.68,0.0241,16.0,0.3633,-4083.0,0.0581,-0.0074
Montenegro,2020,77.6088,22.2222,74.4802,-0.1067,4.72,0.0415,5.0,,-3310.0,-0.0612,-0.0406
Netherlands,2012,92.86,38.6667,84.0318,1.8394,4.59,1.6056,2375.0,1.9163,14861.0,1.1875,1.8527
Netherlands,2013,93.9564,38.6667,84.0736,1.8087,4.59,1.5669,2315.0,2.1561,19973.0,1.1438,1.8253
Netherlands,2014,91.6667,38.6667,83.466,1.8355,4.59,1.5472,2294.0,2.1733,36591.0,1.0451,1.9734
Netherlands,2015,91.7241,37.3333,84.0145,1.8286,4.58,1.5613,2207.0,2.1461,55585.0,0.9125,1.9069
Netherlands,2016,90.411,37.3333,84.6108,1.8203,4.58,1.5408,2290.0,2.1508,88743.0,0.8969,1.8456
Netherlands,2017,93.1973,36.0,85.1733,1.814,4.57,1.4962,2241.0,2.1786,86332.0,0.9071,1.7583
Netherlands,2018,91.8919,36.0,85.2205,1.8097,4.57,1.4998,2111.0,2.1388,87197.0,0.8383,1.7445
Netherlands,2019,93.2886,31.3333,85.8022,1.7672,4.56,1.4836,2228.0,2.1843,109003.0,0.8213,1.7347
Netherlands,2020,91.3333,33.3333,86.5176,1.8052,4.57,1.52,2198.0,2.3218,67598.0,0.8309,1.7063
North Macedonia,2012,57.4499,32.5203,63.4205,-0.2102,4.36,-0.0285,50.0,0.3268,-19083.0,-0.4926,-0.2516
North Macedonia,2013,65.24,34.1463,65.5336,-0.1685,4.41,-0.0576,42.0,0.4389,-20297.0,-0.4161,-0.2309
North Macedonia,2014,68.0585,33.3333,64.232,0.0155,4.46,-0.1416,,0.5165,-22132.0,0.2564,-0.0558
North Macedonia,2015,70.3802,33.3333,63.6981,-0.0303,4.51,-0.1818,,0.4441,-23010.0,-0.2926,-0.2378
North Macedonia,2016,72.1568,33.3333,61.7903,-0.0338,4.57,-0.2348,,0.4358,-24144.0,-0.3553,-0.3444
North Macedonia,2017,74.5168,37.5,62.6373,-0.0177,4.63,-0.1389,,0.3544,-24227.0,-0.2589,-0.3106
North Macedonia,2018,79.1678,38.3333,63.4221,0.0557,4.69,-0.026,,0.3637,-24878.0,-0.2119,-0.3085
North Macedonia,2019,81.4129,39.1667,67.0704,-0.124,4.74,-0.0192,,0.3678,-24204.0,0.0081,-0.3066
North Macedonia,2020,81.4055,39.1667,66.3334,0.0283,4.78,0.0554,47.0,0.3726,-23458.0,0.1121,-0.1061
Norway,2012,94.65,39.645,90.9109,1.8999,4.6,1.7282,1009.0,1.6105,47883.0,1.3275,1.951
Norway,2013,95.0534,39.645,91.4379,1.8768,4.6,1.7379,1101.0,1.6422,40690.0,1.3521,1.971
Norway,2014,96.3005,39.645,91.3515,1.8217,4.6,1.684,1106.0,1.7037,38522.0,1.12,2.0243
Norway,2015,96.8103,39.645,91.0258,1.8331,4.6,1.6881,1153.0,1.9235,30242.0,1.1456,1.9753
Norway,2016,97.2982,39.645,91.2312,1.8324,4.6,1.6655,1227.0,2.0329,26417.0,1.1816,1.9945
Norway,2017,96.3576,41.4201,91.5036,1.9444,4.6,1.6948,1152.0,2.0817,21657.0,1.1507,1.9807
Norway,2018,96.4917,41.4201,91.2057,1.8451,4.6,1.7093,1082.0,2.0348,18473.0,1.1208,1.9221
Norway,2019,98.0,40.8284,90.8585,1.8277,4.6,1.6535,957.0,2.136,25707.0,1.1421,1.9408
Norway,2020,94.6076,41.4201,91.2257,1.8878,4.6,1.7202,880.0,2.2444,11277.0,1.2216,1.9299
Poland,2012,62.31,23.6957,75.2025,0.6579,4.57,1.0643,4410.0,0.89,4635.0,1.0495,0.8179
Poland,2013,62.8492,23.6957,75.1043,0.6592,4.65,0.9981,4237.0,0.8848,12402.0,0.9734,0.8395
Poland,2014,66.5987,24.3478,75.3446,0.769,4.73,1.1051,3941.0,0.9508,5525.0,0.8429,0.8716
Poland,2015,67.997,27.3913,75.34,0.7411,4.82,1.0398,4676.0,1.0042,3887.0,0.8623,0.8036
Poland,2016,73.3007,27.3913,74.9703,0.6515,4.9,0.8442,4261.0,0.9682,-5675.0,0.4962,0.5938
Poland,2017,75.9854,28.0435,74.714,0.5508,4.96,0.776,3924.0,1.0378,-21535.0,0.5098,0.4009
Poland,2018,77.5417,28.0435,75.071,0.5469,4.98,0.7103,4207.0,1.2061,-223.0,0.4805,0.3769
Poland,2019,80.4359,28.6957,74.5358,0.5128,4.99,0.6718,3887.0,1.3234,7696.0,0.5507,0.3912
Poland,2020,83.1849,28.6957,74.0125,0.3242,4.99,0.6154,4010.0,1.3861,3920.0,0.4916,0.5247
Portugal,2012,60.34,28.6957,82.5838,1.0019,4.85,1.0285,621.0,1.3786,-37083.0,0.7753,1.0361
Portugal,2013,62.0956,31.3043,83.2516,1.1942,4.87,1.0669,647.0,1.3247,-36342.0,0.7488,1.0386
Portugal,2014,64.5924,31.3043,83.4673,0.9832,4.89,1.1074,722.0,1.2899,-26447.0,0.8063,1.1195
Portugal,2015,68.6329,34.7826,83.8335,1.1579,4.91,1.1287,925.0,1.2433,-3209.0,0.9042,1.1019
Portugal,2016,70.4236,34.7826,83.3992,1.1483,4.92,1.1576,724.0,1.2808,-775.0,0.9586,1.0433
Portugal,2017,73.7912,34.7826,83.7475,1.294,4.93,1.1982,644.0,1.3193,13979.0,1.1062,1.104
Portugal,2018,74.661,34.7826,84.5775,1.1812,4.93,1.1785,661.0,1.3496,22495.0,1.1153,1.108
Portugal,2019,75.3464,38.6957,85.0582,1.1342,4.93,1.1945,703.0,1.3956,63031.0,1.0518,1.1064
Portugal,2020,78.2617,40.0,84.8359,0.9796,4.93,1.2553,695.0,1.6139,54076.0,1.0087,1.1567
Romania,2012,45.88,13.3495,71.0431,-0.1695,2.91,0.3185,1022.0,0.4624,-37589.0,0.0823,0.0929
Romania,2013,49.7645,13.3495,70.766,0.1347,2.97,0.3115,993.0,0.3902,-34910.0,0.1791,0.1902
Romania,2014,54.0783,13.5135,70.6874,0.2247,3.01,0.4281,952.0,0.3821,-35448.0,0.0491,0.2422
Romania,2015,55.7632,13.7157,70.1884,0.0988,3.06,0.4862,975.0,0.488,-35751.0,0.1818,0.2049
Romania,2016,59.504,13.7157,69.8299,-0.0683,3.11,0.5411,1005.0,0.4886,-33073.0,0.2668,0.4525
Romania,2017,63.7473,20.6687,70.6863,-0.0848,3.14,0.5988,1098.0,0.5069,-33081.0,0.0485,0.4366
Romania,2018,70.6813,20.6687,69.9873,-0.1771,3.18,0.5332,1100.0,0.4973,-33018.0,0.0363,0.3675
Romania,2019,73.6575,21.8845,69.5971,-0.2151,3.24,0.5152,881.0,0.4762,-27909.0,0.5423,0.4153
Romania,2020,78.4553,21.8845,68.9816,-0.2869,3.32,0.5851,817.0,0.4654,-13202.0,0.509,0.3687
Serbia,2012,48.1,33.2,70.8949,-0.1734,4.67,0.1989,192.0,0.8532,-18513.0,-0.2173,-0.3328
Serbia,2013,53.4504,33.2,71.5202,-0.1791,4.68,0.2854,201.0,0.6837,-17866.0,-0.0756,-0.2988
Serbia,2014,62.0751,34.0,72.2355,0.0016,4.7,0.2126,202.0,0.7231,-18846.0,0.1841,-0.0948
Serbia,2015,65.317,34.0,72.0323,-0.0026,4.72,0.2311,178.0,0.8109,-18789.0,0.2348,-0.0758
Serbia,2016,67.0568,34.0,73.4895,-0.0386,4.73,0.2,192.0,0.8382,-18322.0,0.1333,-0.127
Serbia,2017,70.3308,34.4,74.3688,0.0733,4.75,0.1173,171.0,0.8724,-18651.0,0.0834,-0.1797
Serbia,2018,73.3607,34.4,74.2587,0.0744,4.75,-0.0147,163.0,0.9189,-18883.0,0.0053,-0.1703
Serbia,2019,77.4168,37.6518,75.092,-0.0168,4.75,-0.0468,168.0,0.8867,-18891.0,-0.0781,-0.1439
Serbia,2020,78.368,38.8,75.12,-0.0429,4.75,-0.1209,138.0,0.9056,-10220.0,-0.1708,-0.123
Slovak Republic,2012,76.71,18.6667,74.11,0.7815,4.71,0.973,168.0,0.7946,871.0,1.0884,0.4859
Slovak Republic,2013,77.8826,18.6667,74.8671,0.7254,4.68,0.9595,184.0,0.82,-1181.0,1.1195,0.4638
Slovak Republic,2014,79.9843,18.6667,76.3443,0.7934,4.66,0.9596,211.0,0.877,-1158.0,1.0391,0.4851
Slovak Republic,2015,77.6347,18.6667,76.5244,0.737,4.65,0.9655,228.0,1.1573,2549.0,0.8658,0.4665
Slovak Republic,2016,80.4759,20.0,77.1925,0.7935,4.65,0.9614,220.0,0.7886,3487.0,0.7082,0.597
Slovak Republic,2017,81.6257,20.0,77.7824,0.6664,4.64,0.9121,183.0,0.8846,3279.0,0.9027,0.5132
Slovak Republic,2018,80.4489,20.0,77.1426,0.5813,4.64,0.8471,217.0,0.8356,3446.0,0.7367,0.4729
Slovak Republic,2019,82.8537,20.0,77.3637,0.5497,4.64,0.8613,206.0,0.8224,3128.0,0.6674,0.5
Slovak Republic,2020,89.9209,22.6667,77.8989,0.5021,4.64,0.8795,206.0,0.8977,4350.0,0.634,0.6555
Slovenia,2012,68.35,32.2222,82.3603,1.0183,4.7,0.9998,,2.5606,1117.0,0.9351,1.0091
Slovenia,2013,72.6756,32.2222,81.7628,1.001,4.7,1.0019,,2.5649,639.0,0.8823,0.9945
Slovenia,2014,71.5863,35.5556,82.935,0.9962,4.7,0.9561,,2.3655,-70.0,0.9658,0.9997
Slovenia,2015,73.0987,36.6667,82.8867,0.9368,4.7,0.9868,,2.1956,712.0,0.9475,0.9458
Slovenia,2016,75.4985,36.6667,84.451,1.0871,4.7,1.0109,,2.0076,1195.0,0.9791,1.0506
Slovenia,2017,78.8854,36.6667,84.0579,1.1292,4.7,1.0067,,1.8653,1359.0,0.8664,0.9933
Slovenia,2018,79.75,24.4444,83.582,1.0822,4.69,0.9702,255.0,1.9459,14640.0,0.8943,1.0245
Slovenia,2019,83.1084,27.7778,84.1669,1.0418,4.69,0.9774,,2.0392,16352.0,0.8016,1.085
Slovenia,2020,86.6013,27.7778,84.9354,1.1212,4.7,0.9321,232.0,2.1416,28514.0,0.7015,1.0395
Spain,2012,69.81,36.0,79.9308,1.0572,4.97,1.0642,3266.0,1.2988,-153486.0,-0.0295,1.0378
Spain,2013,71.635,36.0,80.4027,1.1677,4.97,0.9888,3026.0,1.2748,-250741.0,0.012,1.0254
Spain,2014,76.1867,39.7143,80.8157,1.1733,4.97,0.9937,2953.0,1.2416,-97870.0,0.2431,0.9665
Spain,2015,78.6896,41.1429,81.0586,1.1573,4.97,1.0449,2799.0,1.2218,-1979.0,0.2412,0.8861
Spain,2016,80.5613,39.1429,81.4289,1.0949,4.97,1.0416,2745.0,1.1899,106474.0,0.4022,0.9654
Spain,2017,84.6022,39.1429,81.5502,1.0013,4.97,1.0215,2167.0,1.2098,201135.0,0.2708,1.0244
Spain,2018,86.1072,39.1429,81.4343,0.9692,4.97,1.0296,1525.0,1.2415,337467.0,0.2759,0.9781
Spain,2019,90.7187,44.0,81.9421,0.9688,4.97,1.036,1288.0,1.2502,464783.0,0.2928,0.9902
Spain,2020,93.2056,44.0,81.9103,0.8539,4.97,1.004,1431.0,1.4091,236854.0,0.4114,0.861
Sweden,2012,93.18,44.6991,88.6085,1.911,4.85,1.6904,2288.0,3.2302,52879.0,1.1706,1.9283
Sweden,2013,94.7836,44.9857,88.9027,1.789,4.85,1.658,2332.0,3.2604,66760.0,1.1278,1.9506
Sweden,2014,92.5236,44.6991,89.2159,1.6814,4.85,1.611,1984.0,3.1018,77654.0,1.0654,1.9751
Sweden,2015,90.6102,43.553,89.9657,1.6848,4.86,1.5655,2038.0,3.219,80534.0,0.9327,1.9903
Sweden,2016,89.6509,43.553,89.9345,1.6631,4.86,1.5651,2032.0,3.2474,119234.0,1.0008,1.9523
Sweden,2017,93.0063,43.553,90.0776,1.6758,4.86,1.5694,1992.0,3.3628,102671.0,0.9686,1.8197
Sweden,2018,89.247,46.1318,90.4199,1.6711,4.86,1.5808,1838.0,3.3211,87517.0,0.9214,1.7841
Sweden,2019,94.4934,47.2779,90.3822,1.674,4.86,1.5591,1802.0,3.3876,72619.0,1.0119,1.7922
Sweden,2020,94.5394,46.9914,89.47,1.67,4.86,1.498,1764.0,3.4896,37302.0,0.9974,1.7674
Switzerland,2012,85.2,29.0,81.6975,1.8828,4.96,1.6401,1480.0,2.8746,67840.0,1.4183,1.8118
Switzerland,2013,86.34,31.0,82.4468,1.8164,4.96,1.628,1525.0,,83823.0,1.4011,1.796
Switzerland,2014,83.6173,31.0,83.526,2.1043,4.96,1.5594,1480.0,,78122.0,1.4027,1.9903
Switzerland,2015,87.4791,32.0,83.9537,1.9675,4.97,1.5587,1477.0,3.0783,71876.0,1.3265,1.9093
Switzerland,2016,89.1347,32.0,84.3916,1.9718,4.97,1.5324,1462.0,,71009.0,1.2899,1.9062
Switzerland,2017,89.6861,32.5,84.1158,2.0178,4.97,1.5573,1337.0,3.077,45658.0,1.2423,1.8887
Switzerland,2018,91.8,32.5,84.7928,1.9971,4.97,1.5928,1283.0,,41253.0,1.3195,1.8876
Switzerland,2019,93.1461,41.5,85.5668,1.9162,4.97,1.4955,1369.0,3.1968,44517.0,1.311,1.8627
Switzerland,2020,94.3499,41.5,85.2388,1.972,4.97,1.5362,1384.0,,55523.0,1.1762,1.7769
Ukraine,2012,35.27,9.4382,82.276,-0.5946,4.68,-0.2795,2491.0,0.7236,66768.0,-0.0923,-0.8173
Ukraine,2013,40.9541,9.4382,81.3378,-0.6643,4.7,-0.3154,2856.0,0.733,26781.0,-0.7773,-0.845
Ukraine,2014,46.236,11.6667,80.4154,-0.3988,4.73,-0.1423,2457.0,0.6503,-65678.0,-2.0208,-0.8298
Ukraine,2015,48.8846,12.0853,79.5062,-0.5544,4.75,-0.0868,2271.0,0.6148,-21992.0,-1.9595,-0.8736
Ukraine,2016,53.001,12.0192,78.6109,-0.6095,4.77,0.0018,2233.0,0.4834,-31340.0,-1.8533,-0.8172
Ukraine,2017,58.8895,12.2931,77.7296,-0.514,4.78,0.015,2283.0,0.4488,-36155.0,-1.8674,-0.756
Ukraine,2018,62.5532,12.2931,76.8579,-0.4596,4.78,-0.0306,2107.0,0.4711,-32220.0,-1.8722,-0.7603
Ukraine,2019,70.1248,20.5189,76.0015,-0.3343,4.78,0.0231,2097.0,0.4338,-6908.0,-1.4284,-0.7454
Ukraine,2020,75.0379,20.8038,75.8855,-0.4101,4.78,0.0889,1361.0,0.4032,-4167.0,-1.1639,-0.7131
United Kingdom,2012,87.48,22.4615,81.7096,1.5912,4.84,1.3391,15370.0,1.5759,172088.0,0.4023,1.7294
United Kingdom,2013,89.8441,22.4615,82.5853,1.5123,4.84,1.329,14972.0,1.621,237272.0,0.4862,1.6894
United Kingdom,2014,91.6133,22.6154,83.0147,1.6235,4.84,1.2758,15196.0,2.2649,306091.0,0.4153,1.8747
United Kingdom,2015,92.0003,29.3846,83.2949,1.7052,4.84,1.2979,14867.0,2.2757,347839.0,0.5037,1.7707
United Kingdom,2016,94.7758,29.584,83.881,1.5738,4.84,1.2957,13876.0,2.3205,324649.0,0.3479,1.64
United Kingdom,2017,90.4246,32.0,84.4416,1.4309,4.84,1.3643,13301.0,2.326,272311.0,0.3807,1.6451
United Kingdom,2018,90.692,32.1538,84.6167,1.3617,4.84,1.3817,12865.0,2.7112,259744.0,0.0771,1.6032
United Kingdom,2019,92.5166,32.0,86.031,1.4498,4.84,1.264,12061.0,2.6708,232727.0,0.5267,1.5699
United Kingdom,2020,94.8182,33.8462,86.8527,1.3322,4.84,1.2316,11990.0,2.9388,144221.0,0.4831,1.464
