Economy,Year,Access to clean fuels and technologies for cooking  (% of population),Access to electricity (% of population),People using safely managed drinking water services (% of population),People using safely managed sanitation services (% of population),"Fertility rate, total (births per woman)","Life expectancy at birth, total (years)",Population ages 65 and above (% of total population),"Government expenditure on education, total (% of government expenditure)","School enrollment, primary (% gross)","Labor force participation rate, total (% of total population ages 15-64) (modeled ILO estimate)","Unemployment, total (% of total labor force) (modeled ILO estimate)","Hospital beds (per 1,000 people)","Mortality rate, under-5 (per 1,000 live births)",Prevalence of overweight (% of adults),Prevalence of undernourishment (% of population),Gini index,Income share held by lowest 20%,Poverty headcount ratio at $3.00 a day (2021 PPP) (% of population),Poverty headcount ratio at $8.30 a day (2021 PPP) (% of population),Poverty headcount ratio at national poverty lines (% of population),Prosperity gap (average shortfall from a prosperity standard of $28/day)
Albania,2012,71.3,99.9,66.3809,35.0254,1.719,78.084,11.5093,11.627,102.0674,64.417,13.376,2.89,11.2,58.02,4.5,29.0,8.9,1.8,45.9,,3.6
Albania,2013,73.1,99.9,68.4598,37.1873,1.741,77.995,11.8201,11.58,101.475,59.711,15.866,2.9,10.5,58.44,4.4,,,,,,
Albania,2014,75.2,100.0,70.5633,39.3721,1.721,78.029,12.1668,10.9885,105.7706,61.319,18.055,2.88,9.9,58.85,4.5,34.6,7.0,3.7,46.5,,3.8
Albania,2015,76.6,100.0,70.592,41.5802,1.631,78.358,12.5431,10.441,105.6887,64.087,17.193,2.85,9.6,59.27,4.4,32.8,7.7,1.1,32.8,,3.0
Albania,2016,78.3,99.9,70.6165,43.8112,1.555,78.643,12.9202,10.8298,105.3248,66.179,15.418,2.84,9.4,59.7,4.3,33.7,7.3,1.1,32.9,23.7,3.0
Albania,2017,79.6,99.9,70.6369,46.0649,1.486,78.9,13.3054,10.5702,105.415,66.919,13.616,2.84,9.3,60.11,4.3,33.1,7.6,1.4,32.7,23.4,3.0
Albania,2018,80.7,100.0,70.6534,48.3412,1.415,79.238,13.7395,10.9707,104.568,68.305,12.304,2.84,9.3,60.52,4.2,30.1,7.9,1.0,24.1,23.0,2.7
Albania,2019,82.0,100.0,70.6659,50.4837,1.395,79.467,14.2481,11.4002,102.5895,69.661,11.466,2.85,9.4,60.93,4.3,30.1,8.5,0.3,21.5,21.8,2.6
Albania,2020,83.1,100.0,70.6745,52.5809,1.371,77.824,14.767,10.1344,100.021,67.153,11.69,2.91,9.4,61.33,4.4,29.4,8.4,0.3,19.9,22.0,2.5
Armenia,2012,96.8,99.5,83.1929,12.4628,1.6,74.1195,10.6602,,96.4941,69.795,17.511,4.2,17.0,50.75,2.5,29.6,9.0,2.5,59.6,,4.2
Armenia,2013,97.1,99.4,83.169,12.2273,1.6,74.622,10.7084,8.7498,99.3459,69.986,16.576,4.23,16.2,51.26,2.5,30.6,8.6,2.9,57.4,,4.2
Armenia,2014,97.3,99.7,83.1453,11.9838,1.7,74.8732,10.7767,,100.9156,70.215,17.498,4.33,15.4,51.75,2.5,31.5,8.5,3.4,55.2,,4.1
Armenia,2015,97.5,100.0,83.0782,11.7319,1.6,74.8707,10.9238,,102.3827,70.518,18.261,4.35,14.6,52.24,2.5,32.4,8.2,2.9,50.7,,3.9
Armenia,2016,97.6,99.8,82.9347,11.4607,1.6,74.8683,11.1449,,103.0617,70.9,17.617,4.36,14.0,52.71,2.5,32.5,7.9,2.5,45.9,,3.8
Armenia,2017,97.7,99.7,82.7915,11.1677,1.6,75.2171,11.4172,8.8911,101.6198,71.183,17.704,4.37,13.3,53.17,2.5,33.6,8.4,2.4,52.7,,3.9
Armenia,2018,97.8,99.9,82.9598,10.9267,1.6,75.6195,11.7117,8.9886,100.0613,71.429,18.966,4.28,12.7,53.62,2.5,34.4,8.1,2.9,52.8,,3.9
Armenia,2019,97.9,100.0,82.8228,10.8628,1.6,76.222,12.0453,10.0051,97.3231,73.142,18.304,4.18,12.1,54.07,2.5,30.0,8.9,2.4,57.1,26.4,4.1
Armenia,2020,97.9,100.0,82.6858,10.8295,1.7,73.3756,12.3433,9.5724,96.6206,72.624,18.175,4.59,11.6,54.52,2.5,25.1,10.2,1.5,58.2,27.0,4.0
Austria,2012,100.0,100.0,98.7744,99.6664,1.44,80.9366,17.9497,9.7703,100.3351,74.898,4.909,7.67,4.0,44.55,2.5,30.5,7.8,0.7,1.1,14.4,1.0
Austria,2013,100.0,100.0,98.9126,99.6659,1.44,81.1366,18.1994,9.7337,100.7461,75.291,5.367,7.64,3.9,44.54,2.5,30.8,8.1,0.3,0.7,14.1,0.7
Austria,2014,100.0,100.0,98.911,99.6654,1.46,81.4902,18.3881,9.422,100.9703,75.182,5.674,7.58,3.8,44.55,2.5,30.5,8.0,0.2,0.7,13.9,0.7
Austria,2015,100.0,100.0,98.9094,99.665,1.49,81.1902,18.4614,9.6506,101.1044,75.31,5.802,7.54,3.7,44.59,2.5,30.5,7.9,0.7,1.2,14.1,1.1
Austria,2016,100.0,100.0,98.9078,99.6645,1.53,81.6415,18.4999,9.7787,100.4281,76.04,6.064,7.42,3.6,44.65,2.5,30.8,7.7,0.7,1.3,14.4,1.0
Austria,2017,100.0,100.0,98.9062,99.664,1.52,81.6439,18.6103,9.8195,101.1046,76.185,5.561,7.37,3.6,44.7,2.5,29.7,8.0,0.3,0.7,14.3,0.7
Austria,2018,100.0,100.0,98.9045,99.6654,1.47,81.6927,18.7626,9.8119,101.3703,76.647,4.933,7.27,3.5,44.75,2.5,30.8,7.9,0.6,1.2,13.3,1.0
Austria,2019,100.0,100.0,98.9026,99.6669,1.46,81.8951,18.9403,9.8818,101.7763,76.889,4.56,7.19,3.5,44.8,2.5,30.2,7.9,0.6,0.9,13.9,0.9
Austria,2020,100.0,100.0,98.9006,99.6685,1.44,81.1927,19.1698,8.9496,101.5609,76.493,5.201,7.06,3.4,44.85,2.5,29.8,7.9,0.7,1.1,14.7,1.1
Azerbaijan,2012,95.5,100.0,66.1386,63.3854,2.0,71.08,5.6784,7.738,97.9553,66.002,5.19,4.1,33.2,56.72,2.5,,,,,6.0,
Azerbaijan,2013,96.0,100.0,66.7258,65.3492,1.98,71.485,5.6845,7.1187,100.5005,66.426,4.97,4.13,31.2,57.28,2.5,,,,,,
Azerbaijan,2014,96.6,100.0,67.3097,66.8924,1.97,71.93,5.7157,7.6996,106.0599,67.484,4.91,4.29,29.5,57.82,2.5,,,,,,
Azerbaijan,2015,97.0,100.0,67.8898,68.3754,1.94,72.349,5.795,8.2663,106.6015,68.26,4.96,4.08,27.8,58.34,2.5,,,,,,
Azerbaijan,2016,97.3,100.0,68.4657,68.4571,1.9,72.568,5.9464,9.446,106.4317,69.598,5.0,4.08,26.3,58.85,2.5,,,,,,
Azerbaijan,2017,97.6,100.0,69.037,68.5939,1.75,72.694,6.1401,7.8206,103.2941,70.21,5.0,3.94,24.9,59.34,2.5,,,,,,
Azerbaijan,2018,97.8,100.0,69.6033,68.7865,1.73,73.016,6.3689,8.4542,99.7221,70.791,4.9,3.9,23.6,59.82,2.5,,,,,,
Azerbaijan,2019,98.1,100.0,70.1641,69.0361,1.81,73.29,6.6276,8.5932,97.9353,70.815,5.0,3.9,22.4,60.28,2.5,,,,,,
Azerbaijan,2020,98.1,100.0,70.6733,,1.7,70.312,6.8834,9.802,98.2361,73.286,7.24,,21.3,60.75,2.5,,,,,,
Belgium,2012,100.0,100.0,99.6563,81.5742,1.8,80.3854,17.4894,11.0699,101.5204,66.938,7.542,6.03,4.3,50.96,2.5,27.5,8.7,0.2,0.5,,0.7
Belgium,2013,100.0,100.0,99.6646,83.1978,1.76,80.5878,17.7204,11.3517,103.1911,67.536,8.425,5.96,4.2,50.96,2.5,27.7,8.6,0.1,0.5,,0.7
Belgium,2014,100.0,100.0,99.6729,84.833,1.74,81.2878,17.9622,11.3425,103.1049,67.734,8.523,5.87,4.2,50.95,2.5,28.1,8.6,0.1,0.3,,0.6
Belgium,2015,100.0,100.0,99.6812,86.4801,1.7,80.9927,18.1637,11.7361,102.2438,67.596,8.482,5.85,4.1,50.96,2.5,27.7,8.6,0.1,0.2,,0.6
Belgium,2016,100.0,100.0,99.6896,88.1389,1.68,81.439,18.3567,11.6954,102.0559,67.62,7.83,5.77,4.1,50.97,2.5,27.6,8.6,0.1,0.3,,0.6
Belgium,2017,100.0,100.0,99.6979,89.8094,1.65,81.4927,18.5849,11.9769,102.7529,67.987,7.09,5.66,4.0,50.98,2.5,27.4,8.7,0.2,0.4,,0.7
Belgium,2018,100.0,100.0,99.7062,91.4917,1.62,81.5951,18.8086,11.8788,102.5004,68.585,5.941,5.61,4.0,51.0,2.5,27.2,8.9,0.1,0.2,14.8,0.6
Belgium,2019,100.0,100.0,99.7145,93.1857,1.6,81.9951,19.0298,11.817,102.1486,69.018,5.364,5.56,3.9,51.01,2.5,27.2,9.0,0.1,0.2,14.1,0.6
Belgium,2020,100.0,100.0,99.7228,94.0583,1.55,80.6951,19.224,11.1488,102.0643,68.558,5.545,5.52,3.9,51.02,2.5,26.0,9.4,0.1,0.3,12.7,0.5
Bulgaria,2012,,94.7,95.9229,62.5707,1.5,74.3146,18.9493,9.6604,100.3631,67.315,12.27,6.45,9.9,49.95,4.6,36.0,6.2,3.0,16.8,,2.8
Bulgaria,2013,,95.3,96.4462,63.5951,1.54,74.861,19.3547,9.7596,98.7912,68.537,12.941,6.66,9.3,50.18,4.1,36.6,5.7,3.3,15.2,,2.6
Bulgaria,2014,,95.9,96.9234,64.741,1.62,74.4659,19.7757,9.4276,99.2496,68.856,11.424,6.99,8.7,50.4,4.1,37.4,6.0,2.7,13.2,,2.5
Bulgaria,2015,,96.6,96.7621,65.9598,1.64,74.6146,20.2098,9.6901,99.1272,69.518,9.143,7.11,8.2,50.62,4.0,38.6,5.3,4.6,15.6,22.9,3.0
Bulgaria,2016,,97.3,96.6016,67.2013,1.67,74.8122,20.5761,9.7639,98.0772,68.73,7.575,7.15,7.7,50.83,4.1,40.6,5.4,3.1,11.6,23.4,2.3
Bulgaria,2017,,98.1,96.4418,68.4654,1.71,74.8146,20.87,10.1444,97.5943,71.457,6.164,7.34,7.3,51.03,3.4,40.4,5.7,2.0,11.7,22.0,2.1
Bulgaria,2018,,98.7,96.2828,69.4519,1.73,74.9634,21.1709,9.5412,96.7923,71.511,5.211,7.47,7.0,51.22,3.0,41.3,5.7,1.5,9.1,22.6,1.8
Bulgaria,2019,,99.2,96.1246,70.4442,1.79,75.1122,21.4795,10.4823,96.4399,73.283,4.23,7.66,6.7,51.39,3.0,40.3,5.7,1.6,8.2,23.8,1.8
Bulgaria,2020,,99.7,95.9671,71.4425,1.77,73.3561,21.6868,9.4569,96.5438,72.296,5.125,7.77,6.5,51.57,2.9,40.5,6.1,0.7,5.8,22.1,1.5
Bosnia and Herzegovina,2012,43.2,99.7,88.7023,35.0579,1.252,77.037,15.8713,,89.023,60.778,28.01,2.33,6.7,53.62,2.5,,,,,,
Bosnia and Herzegovina,2013,42.1,99.5,88.7977,38.0489,1.278,77.129,16.323,,88.8709,60.801,27.49,2.26,6.7,53.93,2.5,,,,,,
Bosnia and Herzegovina,2014,41.9,99.9,88.8172,41.0995,1.262,77.089,16.7738,,89.4677,60.774,27.517,2.34,6.7,54.24,2.5,,,,,,
Bosnia and Herzegovina,2015,41.8,99.7,88.8251,44.2831,1.322,77.073,17.2535,,91.1705,60.877,27.695,2.36,6.7,54.57,2.5,,,,,16.9,
Bosnia and Herzegovina,2016,41.05,100.0,88.8334,47.586,1.36,77.124,17.7718,10.2866,90.9977,60.975,25.408,2.39,6.8,54.9,2.5,,,,,,
Bosnia and Herzegovina,2017,41.3,100.0,88.8419,51.0101,1.419,77.385,18.3389,,91.3841,61.092,20.527,2.39,6.8,55.22,2.5,,,,,,
Bosnia and Herzegovina,2018,40.8,100.0,88.8507,54.5577,1.504,77.942,18.976,9.6308,90.6377,61.206,18.4,2.38,6.8,55.55,2.5,,,,,,
Bosnia and Herzegovina,2019,42.05,100.0,88.723,,1.509,77.394,19.6457,10.1332,90.1631,61.259,15.692,2.34,6.7,55.87,2.5,,,,,,
Bosnia and Herzegovina,2020,40.85,100.0,88.1389,,1.515,76.04,20.2427,,88.8545,61.053,15.868,,6.6,56.19,2.5,,,,,,
Belarus,2012,99.2,95.6,91.5589,77.8906,1.62,71.9659,13.7398,13.0864,95.8346,75.578,5.946,10.45,4.9,53.55,2.5,26.5,9.5,0.1,9.2,6.3,2.0
Belarus,2013,99.3,96.2,92.311,77.1263,1.668,72.4707,13.8439,12.7738,94.9302,76.072,5.937,10.24,4.6,53.77,2.5,26.6,9.5,0.0,5.8,5.5,1.8
Belarus,2014,99.4,96.8,92.4042,76.361,1.696,72.9707,14.0573,13.5205,95.1305,76.58,5.902,10.08,4.3,53.98,2.5,27.2,9.3,0.0,5.4,4.8,1.8
Belarus,2015,99.5,97.4,92.4967,75.5947,1.724,73.6244,14.3138,13.0506,96.0522,77.063,5.881,10.02,4.1,54.18,2.5,25.6,9.7,0.0,6.8,5.1,1.9
Belarus,2016,99.5,98.0,92.588,74.8262,1.733,73.8268,14.5403,13.578,97.3475,77.501,5.844,9.84,3.9,54.38,2.5,25.3,9.9,0.0,7.4,5.7,2.0
Belarus,2017,99.6,98.7,92.6783,74.9534,1.541,74.1293,14.7976,12.9787,97.4028,77.947,5.648,9.78,3.6,54.57,2.5,25.4,9.9,0.0,6.2,5.9,1.9
Belarus,2018,99.7,99.3,92.7665,75.0879,1.448,74.1756,15.0512,13.264,96.7058,78.177,4.763,9.71,3.4,54.74,2.5,25.2,10.1,0.0,4.3,5.6,1.8
Belarus,2019,99.7,100.0,92.8527,75.2293,1.382,74.2268,15.3719,13.0783,95.6502,78.36,4.165,9.69,3.1,54.91,2.5,25.3,10.0,0.0,3.9,5.0,1.7
Belarus,2020,99.7,100.0,92.9371,75.0964,1.369,72.1386,15.7338,12.8704,94.4191,78.521,4.049,,2.9,55.08,2.5,24.4,10.3,0.0,2.6,4.8,1.6
Switzerland,2012,100.0,100.0,96.7,98.8965,1.52,82.6976,17.3026,15.3789,102.1306,82.281,4.491,4.98,4.4,41.59,2.5,31.6,8.1,0.0,0.0,14.5,0.5
Switzerland,2013,100.0,100.0,96.7,98.9936,1.52,82.7976,17.5205,15.064,102.4378,82.398,4.747,4.85,4.4,41.48,2.5,32.5,7.9,0.0,0.1,13.8,0.5
Switzerland,2014,100.0,100.0,96.7,99.1128,1.54,83.1976,17.7142,15.254,102.4708,82.895,4.826,4.73,4.3,41.37,2.5,32.5,7.8,0.0,0.1,15.6,0.5
Switzerland,2015,100.0,100.0,96.7,99.2319,1.54,82.8976,17.8894,15.385,102.1559,83.287,4.801,4.73,4.3,41.27,2.5,32.3,7.8,0.0,0.1,14.7,0.5
Switzerland,2016,100.0,100.0,96.7,99.3508,1.54,83.6024,18.0386,15.3578,101.9025,83.867,4.918,4.69,4.2,41.18,2.5,33.0,7.7,0.0,0.2,15.5,0.5
Switzerland,2017,100.0,100.0,96.7,99.4683,1.52,83.5512,18.2005,15.3594,101.8333,83.953,4.797,4.65,4.1,41.09,2.5,32.7,7.7,0.0,0.1,14.6,0.5
Switzerland,2018,100.0,100.0,96.7,99.5841,1.52,83.7537,18.3876,15.4629,101.8372,84.181,4.713,4.63,4.1,40.99,2.5,33.1,7.5,0.0,0.2,16.0,0.5
Switzerland,2019,100.0,100.0,96.7,99.6998,1.48,83.9049,18.5821,15.6455,101.593,84.292,4.394,4.59,4.0,40.88,2.5,34.0,7.4,0.0,0.2,15.5,0.5
Switzerland,2020,100.0,100.0,96.7,99.8147,1.46,83.0,18.7515,14.2427,101.7317,84.088,4.817,4.48,4.0,40.78,2.5,33.7,7.5,0.1,0.1,14.7,0.5
Cyprus,2012,100.0,100.0,98.184,76.4203,1.382,81.128,11.7784,14.0066,100.1753,72.967,12.097,2.59,3.0,54.21,2.5,34.3,8.0,0.0,0.1,15.3,0.7
Cyprus,2013,100.0,100.0,98.4437,76.4709,1.304,81.317,12.0175,14.7843,99.762,73.379,16.131,2.52,3.0,54.17,2.5,37.0,7.7,0.1,0.3,14.4,0.8
Cyprus,2014,100.0,100.0,98.7033,76.5273,1.312,81.337,12.2611,11.3143,99.1527,74.444,16.277,2.47,2.9,54.12,2.5,35.6,7.6,0.1,0.4,16.2,0.9
Cyprus,2015,100.0,100.0,98.9628,76.5904,1.323,81.464,12.4999,13.8632,99.3001,74.14,15.026,2.44,2.9,54.08,2.5,34.0,7.9,0.0,0.2,16.1,0.8
Cyprus,2016,100.0,100.0,99.2223,76.6598,1.357,81.534,12.7307,14.6343,98.5455,73.809,13.006,2.44,2.9,54.04,2.5,32.9,8.2,0.1,0.1,15.7,0.8
Cyprus,2017,100.0,100.0,99.4817,76.7351,1.323,81.543,12.9503,14.4134,99.3067,74.699,11.155,2.34,3.0,53.99,2.5,31.4,8.4,0.1,0.2,15.4,0.7
Cyprus,2018,100.0,100.0,99.7411,76.8161,1.319,81.556,13.1665,11.7929,99.7954,75.952,8.504,2.27,3.0,53.95,2.5,32.7,8.4,0.1,0.3,14.7,0.7
Cyprus,2019,100.0,100.0,99.7652,76.8146,1.33,81.454,13.3826,13.5074,100.4777,76.865,7.155,2.24,3.1,53.91,2.5,31.2,8.5,0.2,0.5,14.3,0.8
Cyprus,2020,100.0,100.0,99.7652,76.8192,1.361,81.23,13.6113,12.9371,100.7352,76.712,7.755,,3.2,53.87,2.5,31.7,8.5,0.0,0.2,13.8,0.7
Czechia,2012,100.0,100.0,97.6356,86.3968,1.45,78.0756,16.5,10.1663,99.3586,71.581,6.979,6.93,3.2,55.83,2.5,26.1,9.6,0.1,1.1,8.6,1.0
Czechia,2013,100.0,100.0,97.7582,86.7232,1.46,78.1756,17.0822,10.62,98.7805,72.848,6.953,6.7,3.1,56.16,2.5,26.5,9.4,0.0,0.8,9.7,1.0
Czechia,2014,100.0,100.0,97.8804,87.0502,1.53,78.8244,17.6055,10.6447,97.6822,73.476,6.108,6.68,3.1,56.51,2.5,25.9,9.7,0.0,1.1,9.7,1.0
Czechia,2015,100.0,100.0,97.8807,87.3775,1.57,78.578,18.0969,10.4989,96.9615,73.95,5.048,6.68,3.2,56.88,2.5,25.9,9.7,0.0,0.7,9.7,0.9
Czechia,2016,100.0,100.0,97.881,87.7058,1.63,79.0268,18.5952,9.9339,96.9098,74.907,3.952,6.69,3.2,57.26,2.5,25.4,10.0,0.0,0.8,9.1,0.9
Czechia,2017,100.0,100.0,97.8813,88.0348,1.69,78.978,19.0859,10.436,97.2325,75.76,2.893,6.67,3.2,57.64,2.5,24.9,10.2,0.0,0.5,9.6,0.9
Czechia,2018,100.0,100.0,97.8817,88.3644,1.71,79.0293,19.5316,11.2675,98.2728,76.431,2.246,6.68,3.1,58.02,2.5,25.0,10.2,0.0,0.4,10.1,0.8
Czechia,2019,100.0,100.0,97.882,88.6949,1.71,79.2293,19.9486,11.8427,99.2833,76.561,2.015,6.66,3.0,58.4,2.5,25.3,10.1,0.0,0.3,9.5,0.8
Czechia,2020,100.0,100.0,97.8825,89.0261,1.74,78.2268,20.294,10.743,99.7845,76.198,2.55,6.6,2.9,58.77,2.5,26.2,9.8,0.0,0.5,8.6,0.8
Germany,2012,100.0,100.0,99.8877,96.5266,1.41,80.539,20.6376,9.5172,104.1405,77.15,5.372,8.22,4.0,54.76,2.5,31.1,8.3,0.0,0.2,,0.6
Germany,2013,100.0,100.0,99.8907,96.5822,1.42,80.4902,20.813,9.7097,103.6387,77.605,5.316,8.17,4.0,54.69,2.5,31.5,8.3,0.0,0.2,,0.6
Germany,2014,100.0,100.0,99.8938,96.6379,1.47,81.0902,20.9587,9.7481,102.6218,77.752,4.979,8.14,4.0,54.6,2.5,30.8,8.2,0.0,0.5,,0.6
Germany,2015,100.0,100.0,99.8968,96.6934,1.5,80.6415,21.0534,9.6381,102.7025,77.575,4.612,8.09,3.9,54.51,2.5,31.7,8.1,0.0,0.2,,0.6
Germany,2016,100.0,100.0,99.8998,96.75,1.6,80.9902,21.135,9.4778,101.4061,77.781,4.104,8.06,3.9,54.43,2.5,31.4,8.0,0.0,0.2,,0.6
Germany,2017,100.0,100.0,99.9029,96.8076,1.57,80.9927,21.2936,9.4807,101.7387,78.178,3.781,8.01,3.8,54.34,2.5,31.3,8.0,0.2,0.5,,0.6
Germany,2018,100.0,100.0,99.9061,96.8661,1.57,80.8927,21.4498,9.6382,102.6454,78.511,3.384,7.98,3.8,54.24,2.5,31.9,8.0,0.0,0.5,,0.6
Germany,2019,100.0,100.0,99.9093,96.8706,1.54,81.2927,21.6284,9.7264,102.5475,79.208,3.163,7.91,3.7,54.13,2.5,31.8,7.9,0.2,0.5,16.1,0.6
Germany,2020,100.0,100.0,99.9127,96.876,1.53,81.0415,21.8447,9.2984,101.9967,78.535,3.881,7.8,3.7,54.02,2.5,32.4,7.8,0.2,0.5,16.0,0.6
Denmark,2012,100.0,100.0,97.5937,96.2829,1.73,80.0512,17.6035,12.0302,101.5107,77.17,7.798,,4.1,44.71,2.5,27.8,9.3,0.0,0.9,,0.6
Denmark,2013,100.0,100.0,97.9906,96.6379,1.67,80.3,18.0533,12.3308,101.2993,76.504,7.384,3.06,4.1,44.72,2.5,28.5,9.1,0.3,0.8,,0.8
Denmark,2014,100.0,100.0,98.3875,96.9906,1.69,80.7,18.4156,12.9066,101.1769,76.522,6.925,2.69,4.1,44.74,2.5,28.4,9.1,0.2,0.9,,0.6
Denmark,2015,100.0,100.0,98.7844,97.3409,1.71,80.7024,18.7039,12.8566,100.8821,76.895,6.278,2.53,4.1,44.76,2.5,28.2,9.4,0.2,0.5,,0.7
Denmark,2016,100.0,100.0,99.1813,97.6888,1.79,80.8537,18.9426,12.9486,101.0415,77.414,5.989,2.61,4.0,44.78,2.5,28.2,9.2,0.3,0.5,,0.7
Denmark,2017,100.0,100.0,99.5782,98.0343,1.75,81.1024,19.1823,12.7363,100.778,77.866,5.833,2.62,4.0,44.81,2.5,28.7,9.1,0.1,0.3,,0.6
Denmark,2018,100.0,100.0,99.9188,98.3775,1.73,80.9537,19.4404,12.6484,100.749,78.197,5.131,2.62,3.9,44.83,2.5,28.2,9.3,0.2,0.3,,0.7
Denmark,2019,100.0,100.0,99.9188,98.5553,1.7,81.4512,19.7144,12.7429,100.551,79.043,5.018,2.6,3.8,44.85,2.5,27.7,9.5,0.3,0.5,12.1,0.7
Denmark,2020,100.0,100.0,99.9188,98.6405,1.68,81.6024,20.0008,11.6999,100.4596,78.921,5.637,2.59,3.7,44.87,2.5,27.5,9.4,0.2,0.5,12.3,0.6
Spain,2012,100.0,100.0,99.5983,90.2924,1.32,82.4268,17.4565,8.5584,100.4734,74.255,24.789,2.99,3.6,54.65,2.5,35.4,6.1,1.0,3.7,20.4,1.5
Spain,2013,100.0,100.0,99.5717,90.2559,1.27,83.078,17.8508,8.9751,103.1076,74.326,26.094,2.96,3.5,54.2,2.5,36.2,5.7,1.3,4.2,22.2,1.6
Spain,2014,100.0,100.0,99.5449,90.2189,1.32,83.2293,18.2556,9.1733,102.5385,74.279,24.441,2.97,3.4,53.73,2.5,36.1,5.7,0.9,4.3,22.1,1.4
Spain,2015,100.0,100.0,99.5476,90.1812,1.33,82.8317,18.5418,9.4145,102.1442,74.404,22.057,2.98,3.3,53.25,2.5,36.2,5.8,1.1,3.8,22.3,1.5
Spain,2016,100.0,100.0,99.5504,90.1435,1.33,83.3293,18.7673,9.6604,102.1301,74.342,19.635,2.97,3.3,52.76,2.5,35.8,5.8,1.3,4.0,21.6,1.5
Spain,2017,100.0,100.0,99.5531,90.1002,1.31,83.2829,18.9928,9.7541,102.5051,74.092,17.224,2.97,3.2,52.27,2.5,34.7,6.2,0.8,2.9,21.5,1.4
Spain,2018,100.0,100.0,99.5559,90.0555,1.26,83.4317,19.2023,9.572,102.6387,73.74,15.255,2.97,3.2,51.78,2.5,34.7,6.2,1.0,3.2,20.7,1.4
Spain,2019,100.0,100.0,99.5587,90.0108,1.23,83.8317,19.3818,9.5769,103.1853,73.764,14.104,2.95,3.2,51.29,2.5,34.3,6.2,0.9,2.9,21.0,1.3
Spain,2020,100.0,100.0,99.5615,89.9659,1.18,82.2317,19.5596,9.0221,103.4104,72.267,15.532,2.95,3.2,50.82,2.5,34.9,6.0,1.1,3.4,21.7,1.3
Estonia,2012,100.0,100.0,95.8874,90.468,1.56,76.3268,17.8628,15.6193,98.3196,74.845,10.021,5.53,3.9,53.53,2.5,32.9,7.3,1.0,5.2,18.6,1.8
Estonia,2013,100.0,100.0,96.2819,90.4211,1.52,77.1415,18.1985,15.3819,97.6795,75.201,8.631,4.9,3.6,53.9,2.5,35.1,6.8,1.1,5.3,21.8,1.9
Estonia,2014,100.0,100.0,96.6754,90.3763,1.54,77.0341,18.5609,14.617,97.5923,75.32,7.352,4.9,3.4,54.27,2.5,34.6,7.0,1.0,5.0,21.6,1.7
Estonia,2015,100.0,100.0,96.8461,90.3879,1.58,77.5902,18.8888,14.9788,97.1191,76.324,6.412,4.82,3.2,54.65,2.5,32.7,7.5,0.7,2.9,21.7,1.5
Estonia,2016,100.0,100.0,96.8779,90.4017,1.6,77.6415,19.186,14.3648,97.2923,77.216,6.882,4.69,3.0,55.02,2.5,31.2,7.8,0.6,2.4,21.0,1.3
Estonia,2017,100.0,100.0,96.91,90.4191,1.59,78.0927,19.4674,14.4937,97.2501,78.324,5.807,4.61,2.8,55.4,2.5,30.4,8.1,0.5,1.8,21.9,1.1
Estonia,2018,100.0,100.0,96.9428,90.4408,1.67,78.2439,19.6755,15.8006,97.4559,78.665,5.412,4.53,2.7,55.78,2.5,30.3,8.1,0.4,1.3,21.7,1.1
Estonia,2019,100.0,100.0,96.976,90.4125,1.66,78.6463,19.8965,15.525,98.1577,78.338,4.514,4.53,2.5,56.15,2.5,30.8,8.1,0.7,1.7,20.7,1.2
Estonia,2020,100.0,100.0,96.9984,90.4197,1.58,78.5951,20.2001,14.2844,98.3467,78.626,6.956,4.46,2.4,56.51,2.5,30.7,8.1,0.4,1.6,20.6,1.0
Finland,2012,100.0,100.0,98.5752,88.4066,1.8,80.6268,18.45,11.5581,99.7071,74.965,7.689,5.29,2.8,54.24,2.5,27.1,9.4,0.1,0.2,11.8,0.6
Finland,2013,100.0,100.0,98.9722,88.5669,1.75,80.9756,19.0734,11.2071,99.6918,75.028,8.193,4.86,2.6,54.31,2.5,27.2,9.3,0.1,0.2,12.8,0.6
Finland,2014,100.0,100.0,99.3693,88.7273,1.71,81.1805,19.6661,11.0744,99.6617,75.133,8.663,4.53,2.6,54.38,2.5,26.8,9.4,0.1,0.2,12.4,0.6
Finland,2015,100.0,100.0,99.6306,88.8877,1.65,81.4805,20.2091,10.9722,99.5672,75.543,9.376,4.28,2.5,54.48,2.5,27.1,9.4,0.1,0.2,11.6,0.6
Finland,2016,100.0,100.0,99.6319,89.0481,1.57,81.4293,20.6838,10.8761,99.508,75.667,8.818,3.97,2.4,54.59,2.5,27.1,9.4,0.0,0.2,11.5,0.6
Finland,2017,100.0,100.0,99.6331,89.2084,1.49,81.6317,21.1457,10.5401,99.4682,76.48,8.64,3.75,2.4,54.71,2.5,27.4,9.4,0.1,0.2,12.0,0.6
Finland,2018,100.0,100.0,99.6345,89.3688,1.41,81.7341,21.6155,10.3995,99.7032,77.74,7.361,3.61,2.4,54.82,2.5,27.3,9.3,0.1,0.2,11.6,0.6
Finland,2019,100.0,100.0,99.6362,89.5292,1.35,81.9829,22.0614,10.5228,99.5557,77.947,6.695,3.35,2.3,54.93,2.5,27.7,9.2,0.0,0.2,12.2,0.6
Finland,2020,100.0,100.0,99.6379,89.6896,1.37,81.9317,22.4907,10.239,99.8176,78.079,7.759,2.83,2.3,55.04,2.5,27.1,9.5,0.0,0.1,10.8,0.6
France,2012,100.0,100.0,98.4615,88.9214,2.01,81.9683,17.4831,9.6122,102.5232,70.739,9.841,6.58,4.1,39.24,2.5,33.1,7.9,0.1,0.3,,0.6
France,2013,100.0,100.0,98.5896,88.9978,1.99,82.2195,17.9296,9.5985,102.2764,71.239,9.913,6.52,4.1,38.75,2.5,32.5,8.0,0.1,0.2,,0.6
France,2014,100.0,100.0,98.7184,89.0737,2.0,82.7195,18.3879,9.5942,101.2803,70.999,10.273,6.46,4.1,38.26,2.5,32.3,8.0,0.0,0.2,,0.6
France,2015,100.0,100.0,98.8482,89.1492,1.96,82.322,18.8516,9.5904,101.9896,71.223,10.354,6.4,4.2,37.76,2.5,32.7,7.9,0.1,0.4,,0.6
France,2016,100.0,100.0,98.9788,89.2242,1.92,82.5732,19.2847,9.5416,102.2604,71.285,10.057,6.32,4.2,37.26,2.5,31.9,8.0,0.1,0.3,,0.6
France,2017,100.0,100.0,99.1102,89.2988,1.89,82.5756,19.6708,9.5469,102.4172,71.435,9.409,6.23,4.2,36.76,2.5,31.6,8.1,0.0,0.1,,0.6
France,2018,100.0,100.0,99.2426,89.373,1.87,82.6756,20.0394,9.5655,102.4644,71.871,9.018,6.16,4.2,36.26,2.5,32.4,8.0,0.0,0.1,,0.6
France,2019,100.0,100.0,99.3757,89.4468,1.86,82.8268,20.4101,9.482,102.4476,71.665,8.415,6.1,4.2,35.76,2.5,31.2,7.8,0.1,0.4,,0.6
France,2020,100.0,100.0,99.5098,89.5201,1.83,82.1756,20.7474,8.8227,102.6516,71.091,8.009,6.0,4.2,35.26,2.5,30.7,8.0,0.1,0.4,,0.6
United Kingdom,2012,100.0,100.0,99.9254,97.9727,1.92,80.9049,16.9733,12.2499,105.8047,75.69,8.25,2.8,4.8,60.58,2.5,33.1,7.7,0.5,0.7,,0.9
United Kingdom,2013,100.0,100.0,99.9133,97.993,1.83,81.0049,17.3279,12.095,105.3462,75.858,7.704,2.75,4.6,60.64,2.5,32.7,7.9,0.2,0.5,,0.7
United Kingdom,2014,100.0,100.0,99.9012,98.0071,1.81,81.3049,17.5841,12.3321,99.9745,76.219,6.363,2.72,4.5,60.71,2.5,33.1,7.7,0.2,0.7,,0.8
United Kingdom,2015,100.0,100.0,99.889,98.0212,1.8,80.9561,17.77,12.2592,100.158,76.473,5.517,2.61,4.5,60.79,2.5,33.3,7.6,0.2,0.7,,0.8
United Kingdom,2016,100.0,100.0,99.8769,98.0351,1.79,81.1561,17.9162,12.211,100.3199,76.776,4.867,2.57,4.4,60.88,2.5,33.1,7.6,0.2,0.7,17.0,0.9
United Kingdom,2017,100.0,100.0,99.8648,98.049,1.74,81.2561,18.0734,12.2464,100.6952,77.114,4.452,2.54,4.4,60.98,2.5,32.6,7.6,0.2,0.7,18.6,0.9
United Kingdom,2018,100.0,100.0,99.8527,98.0627,1.68,81.2561,18.2558,12.0806,101.2197,77.499,4.12,2.5,4.4,61.07,2.5,33.7,7.4,0.5,0.7,,0.9
United Kingdom,2019,100.0,100.0,99.8405,98.0764,1.632,81.3691,18.458,11.9921,101.7883,77.473,3.613,2.45,4.4,61.16,2.5,32.8,7.5,0.5,0.7,,0.9
United Kingdom,2020,100.0,100.0,99.8284,98.0899,1.571,80.3318,18.6058,10.4408,102.096,77.656,4.472,2.43,4.4,61.25,2.5,32.6,7.7,0.5,1.0,,0.9
Georgia,2012,71.0,100.0,66.6372,32.4435,1.929,72.672,13.662,9.8202,109.7478,73.309,19.653,2.98,12.1,58.46,7.9,39.0,5.9,18.8,72.1,30.0,6.6
Georgia,2013,74.2,100.0,66.8816,31.5611,1.993,73.025,13.8539,12.0112,110.5582,72.941,19.416,3.06,11.4,59.26,7.5,38.6,6.1,14.9,66.6,26.2,5.9
Georgia,2014,76.8,100.0,67.1254,30.6474,2.18,73.105,14.0293,12.5075,109.7086,73.575,17.439,3.09,10.9,60.05,6.7,37.6,6.4,12.0,64.8,23.5,5.5
Georgia,2015,79.2,100.0,67.3684,29.7299,2.214,73.241,14.1419,14.1099,107.677,74.847,16.506,3.39,10.5,60.83,6.6,36.5,6.7,10.6,63.1,21.6,5.2
Georgia,2016,81.9,100.0,67.6146,28.8059,2.228,73.136,14.2607,15.0103,104.1872,74.16,16.604,3.66,10.2,61.59,6.7,36.6,6.7,10.5,64.0,22.0,5.2
Georgia,2017,84.2,100.0,67.8628,27.8764,2.136,73.435,14.3744,15.1146,103.2456,72.053,13.939,4.0,10.0,62.32,6.6,37.9,6.3,11.1,61.5,21.9,5.3
Georgia,2018,86.0,99.9,68.1138,26.9407,2.093,73.985,14.5183,14.272,101.2319,69.837,12.667,4.24,9.8,63.03,5.5,36.4,6.5,11.0,62.0,20.1,5.3
Georgia,2019,87.8,100.0,68.3672,25.9989,2.021,74.165,14.7045,14.1419,101.8534,68.553,11.565,4.64,9.7,63.72,5.4,35.9,6.8,9.7,62.5,19.5,5.1
Georgia,2020,89.6,100.0,68.6234,25.1174,1.976,73.509,14.8875,12.0671,101.7624,68.843,11.73,4.94,9.6,64.41,5.2,34.5,7.0,12.0,66.4,21.3,5.5
Greece,2012,100.0,100.0,99.2964,85.5141,1.34,80.6341,19.8891,8.0877,99.5018,66.846,24.731,4.48,4.0,59.44,2.5,36.3,5.8,2.1,9.0,23.1,2.0
Greece,2013,100.0,100.0,99.2652,86.2054,1.29,81.2854,20.2915,7.1693,98.7325,66.842,27.686,4.26,4.1,59.64,2.5,36.1,5.9,1.5,10.3,22.1,1.9
Greece,2014,100.0,100.0,99.2335,86.8945,1.3,81.3854,20.6971,8.5331,97.9593,66.725,26.708,4.25,4.2,59.84,2.5,35.8,5.9,2.0,9.5,21.4,2.3
Greece,2015,100.0,100.0,99.1844,87.6394,1.33,81.0366,21.0795,7.6833,99.8291,66.982,24.981,4.25,4.3,60.04,2.5,36.0,5.8,2.0,9.2,21.2,2.2
Greece,2016,100.0,100.0,99.1336,88.3852,1.38,81.3878,21.3989,8.0551,99.3707,67.179,23.514,4.21,4.3,60.24,2.5,35.0,6.3,1.4,8.0,20.2,2.0
Greece,2017,100.0,100.0,99.0828,89.1283,1.35,81.2878,21.6563,8.0327,98.8267,67.181,21.413,4.23,4.3,60.44,2.5,34.4,6.6,1.1,6.9,18.5,1.8
Greece,2018,100.0,100.0,99.032,89.869,1.35,81.7878,21.8966,8.4567,97.8011,67.027,19.179,4.24,4.2,60.63,2.5,32.9,7.2,0.2,5.1,17.9,1.5
Greece,2019,100.0,100.0,98.9812,90.6072,1.34,81.639,22.1274,8.3554,97.6438,67.176,17.045,4.24,4.1,60.82,2.5,33.1,7.0,1.0,4.8,17.7,1.7
Greece,2020,100.0,100.0,98.9304,91.343,1.39,81.2878,22.3934,7.5392,97.2832,66.197,15.899,,4.0,61.02,2.5,33.6,6.7,1.1,5.1,19.6,1.7
Croatia,2012,100.0,100.0,,77.6334,1.52,77.1683,18.2005,10.8154,98.7156,63.894,15.935,5.8,5.2,58.11,2.5,32.5,6.9,1.1,10.3,19.5,2.1
Croatia,2013,100.0,100.0,,77.5328,1.46,77.5707,18.4766,10.5199,98.5738,63.707,17.251,5.79,5.1,58.72,2.5,32.0,7.1,1.2,9.4,19.4,2.1
Croatia,2014,100.0,100.0,,77.4367,1.46,77.7244,18.8122,10.6503,98.9083,66.124,17.29,5.84,5.0,59.32,2.5,32.1,7.1,1.2,7.9,20.0,2.1
Croatia,2015,100.0,100.0,,77.5099,1.41,77.2756,19.2311,10.464,99.4908,66.999,16.175,5.5,4.9,59.93,2.5,31.1,7.3,0.7,7.5,19.5,1.9
Croatia,2016,100.0,100.0,,77.587,1.43,77.922,19.6581,10.5424,98.7909,65.642,13.103,5.43,4.9,60.55,2.5,30.9,7.3,0.9,6.0,20.0,1.7
Croatia,2017,100.0,100.0,,77.6679,1.42,77.7268,20.1354,10.7397,99.2321,66.497,11.208,5.46,4.8,61.16,2.5,30.4,7.4,0.6,5.6,19.3,1.7
Croatia,2018,100.0,100.0,,77.7348,1.47,77.9195,20.6683,10.4801,98.8812,66.402,8.432,5.52,4.8,61.77,2.5,29.7,7.9,0.5,3.5,18.3,1.5
Croatia,2019,100.0,100.0,,77.8053,1.47,78.2244,21.1822,10.9762,99.0015,66.662,6.617,5.58,4.7,62.38,2.5,28.9,8.0,0.4,3.1,18.3,1.3
Croatia,2020,100.0,100.0,,77.8797,1.48,77.5244,21.6662,10.353,99.4887,67.236,7.507,5.6,4.7,62.99,2.5,29.5,7.9,0.4,2.7,19.2,1.3
Hungary,2012,100.0,100.0,87.0782,77.9181,1.34,75.0634,16.992,9.5221,101.07,65.547,11.003,7.0,5.7,57.49,2.5,30.8,7.6,0.5,11.6,15.0,2.1
Hungary,2013,100.0,100.0,88.5991,79.5504,1.35,75.5659,17.3215,9.4148,100.7059,66.606,10.177,7.04,5.6,57.93,2.5,31.5,7.6,0.5,10.6,15.0,1.9
Hungary,2014,100.0,100.0,90.114,81.2201,1.44,75.7634,17.6863,10.3912,101.3144,68.705,7.725,6.98,5.3,58.38,2.5,30.9,7.6,1.0,8.3,14.9,2.2
Hungary,2015,100.0,100.0,91.6231,82.9268,1.45,75.5683,18.056,10.3242,100.8277,70.461,6.813,6.99,5.1,58.85,2.5,30.4,7.8,1.0,6.4,14.5,2.0
Hungary,2016,100.0,100.0,93.1267,84.6758,1.53,76.0634,18.4383,10.6055,99.0286,72.071,5.115,7.0,4.7,59.32,2.5,30.3,8.0,1.6,4.3,13.4,2.2
Hungary,2017,100.0,100.0,94.6244,86.9046,1.54,75.8171,18.7797,10.8395,98.4313,73.058,4.156,7.02,4.5,59.8,2.5,30.6,7.9,0.9,4.9,12.8,1.9
Hungary,2018,100.0,100.0,96.1434,87.7222,1.55,76.0659,19.1292,10.8592,96.7522,74.011,3.708,6.95,4.3,60.28,2.5,29.6,8.2,0.4,4.2,12.3,1.6
Hungary,2019,100.0,100.0,97.6296,87.7511,1.55,76.3195,19.6029,10.1927,96.6209,74.648,3.419,6.91,4.1,60.76,2.5,30.0,8.0,0.5,3.6,12.3,1.4
Hungary,2020,100.0,100.0,99.1095,87.7805,1.59,75.4195,20.0907,9.3339,97.1749,75.021,4.25,6.76,4.0,61.24,2.5,29.7,8.1,0.6,3.2,12.6,1.5
Ireland,2012,100.0,100.0,95.0212,72.738,1.98,80.8463,12.0822,11.9319,102.1183,71.128,15.451,2.56,4.0,62.85,2.5,33.2,7.5,0.5,1.6,,1.1
Ireland,2013,100.0,100.0,95.1106,74.3613,1.93,80.9488,12.4475,11.8801,101.9583,71.795,13.735,2.58,3.9,63.03,2.5,33.5,7.3,0.7,1.9,,1.4
Ireland,2014,100.0,100.0,95.1996,76.0019,1.89,81.3488,12.7952,12.1198,101.5422,71.84,11.858,2.59,3.8,63.21,2.5,31.9,7.9,0.4,1.3,,1.1
Ireland,2015,100.0,100.0,95.2881,77.6596,1.85,81.4537,13.1103,11.9181,101.1846,72.061,9.908,2.94,3.7,63.4,2.5,31.8,8.0,0.4,0.9,,1.1
Ireland,2016,100.0,100.0,95.3761,79.0095,1.81,81.6537,13.3921,12.2743,101.3415,72.663,8.374,2.98,3.6,63.61,2.5,32.8,7.9,0.3,0.9,,0.9
Ireland,2017,100.0,100.0,95.4635,79.1117,1.77,82.1561,13.672,12.6127,100.8528,72.633,6.713,2.99,3.5,63.81,2.5,31.4,8.4,0.3,0.6,,0.9
Ireland,2018,100.0,100.0,95.5501,79.2171,1.75,82.2049,13.9536,12.4753,101.0329,72.939,5.741,2.99,3.4,64.0,2.5,30.6,8.7,0.1,0.1,,0.7
Ireland,2019,100.0,100.0,95.7019,79.4034,1.71,82.7024,14.2438,13.2124,100.9809,73.251,4.95,2.9,3.4,64.19,2.5,30.3,8.8,0.1,0.2,13.8,0.7
Ireland,2020,100.0,100.0,95.8535,79.5927,1.63,82.4561,14.5621,11.8776,101.3688,71.883,5.623,2.91,3.5,64.37,2.5,29.2,9.0,0.2,0.2,12.9,0.7
Iceland,2012,100.0,100.0,96.578,,2.04,82.9171,12.7719,14.5596,98.833,84.684,6.0,3.24,2.6,55.17,2.5,26.8,9.3,0.0,0.4,9.3,0.7
Iceland,2013,100.0,100.0,97.1132,,1.93,82.061,13.0702,15.5001,98.7876,85.647,5.376,3.22,2.6,55.36,2.5,25.4,9.9,0.1,0.2,7.9,0.7
Iceland,2014,100.0,100.0,97.6484,,1.93,82.861,13.3619,15.1298,98.7708,87.168,4.897,3.16,2.6,55.55,2.5,27.8,9.4,0.0,0.2,9.2,0.6
Iceland,2015,100.0,100.0,98.1836,,1.8,82.4683,13.6793,15.6151,98.6862,88.207,3.979,3.12,2.6,55.76,2.5,26.8,9.5,0.0,0.2,8.8,0.6
Iceland,2016,100.0,100.0,98.7188,,1.74,82.2049,13.9214,14.3981,98.9532,89.202,2.978,3.13,2.6,56.02,2.5,27.2,9.4,0.0,0.2,10.1,0.5
Iceland,2017,100.0,100.0,99.254,,1.71,82.661,14.0229,15.81,98.8624,88.528,2.742,3.06,2.6,56.3,2.5,26.1,9.7,0.0,0.1,8.8,0.5
Iceland,2018,100.0,100.0,99.7892,,1.71,82.861,14.121,15.99,98.8867,87.356,2.704,2.87,2.7,56.58,2.5,26.6,9.2,0.3,0.6,,0.7
Iceland,2019,100.0,100.0,100.0,,1.74,83.1634,14.2993,16.1359,98.8134,87.095,3.507,2.8,2.7,56.81,2.5,,,,,,
Iceland,2020,100.0,100.0,100.0,,1.72,83.0634,14.5644,15.8759,98.5561,84.88,5.478,2.83,2.7,56.99,2.5,,,,,,
Italy,2012,100.0,100.0,94.9728,78.9736,1.42,82.239,20.9966,8.0184,100.029,63.464,10.655,3.38,3.8,49.34,2.5,35.2,6.3,1.4,3.2,19.3,1.6
Italy,2013,100.0,100.0,94.7406,78.9811,1.39,82.6902,21.3307,8.021,101.1119,63.316,12.149,3.31,3.7,49.31,2.5,34.9,6.2,1.6,3.4,19.4,1.9
Italy,2014,100.0,100.0,94.5082,78.9886,1.38,83.0902,21.6979,7.9424,100.7523,63.892,12.683,3.24,3.6,49.28,2.5,34.7,6.2,1.4,3.3,19.9,1.7
Italy,2015,100.0,100.0,94.2514,78.9961,1.36,82.5439,22.0285,7.9438,100.3719,63.976,11.896,3.22,3.5,49.25,2.5,35.4,5.9,2.1,4.0,20.6,2.1
Italy,2016,100.0,100.0,93.9946,79.0036,1.36,83.2439,22.3096,7.8624,99.8128,64.881,11.688,3.2,3.4,49.23,2.5,35.2,6.1,1.8,3.5,20.3,2.0
Italy,2017,100.0,100.0,93.7378,79.0111,1.34,82.9463,22.5587,7.9177,102.8031,65.381,11.211,3.21,3.3,49.22,2.5,35.9,6.0,1.5,3.5,20.3,1.9
Italy,2018,100.0,100.0,93.481,79.015,1.31,83.3463,22.8062,8.1116,102.895,65.581,10.61,3.17,3.2,49.21,2.5,35.2,6.1,1.7,3.3,20.1,1.8
Italy,2019,100.0,100.0,93.2242,79.019,1.27,83.4976,23.1042,8.0474,102.9594,65.69,9.951,3.16,3.1,49.18,2.5,34.6,6.3,1.0,2.9,20.0,1.5
Italy,2020,100.0,100.0,92.9674,79.023,1.24,82.1951,23.3792,7.4939,102.6367,64.086,9.164,3.18,3.0,49.16,2.5,35.2,6.3,0.9,2.4,20.1,1.4
Kazakhstan,2012,92.4,100.0,81.2478,,2.64,69.939,6.3792,19.2529,102.1776,78.174,5.29,6.61,16.3,48.75,2.5,28.2,9.4,0.1,23.6,,2.6
Kazakhstan,2013,92.8,100.0,82.9075,,2.67,70.719,6.4635,17.9606,101.4032,78.624,5.2,6.2,14.6,49.2,2.5,27.1,9.8,0.1,18.0,,2.5
Kazakhstan,2014,93.0,100.0,84.4887,,2.76,71.415,6.597,17.3248,100.797,79.034,5.06,5.98,13.0,49.65,2.5,27.0,9.9,0.1,19.3,,2.5
Kazakhstan,2015,93.2,100.0,86.0815,,2.755,72.024,6.7615,16.8195,100.5012,79.34,4.93,5.75,11.9,50.1,2.5,26.8,10.0,0.1,22.2,,2.6
Kazakhstan,2016,93.4,100.0,87.6854,,2.795,72.549,6.9397,19.6017,100.1747,79.588,4.96,5.54,11.0,50.55,2.5,27.2,9.8,0.2,29.1,,2.9
Kazakhstan,2017,93.4,100.0,89.3004,,2.745,72.996,7.1237,14.3419,100.8843,79.864,4.9,5.43,10.5,50.98,2.5,27.5,9.8,0.1,23.6,,2.7
Kazakhstan,2018,93.4,100.0,89.3098,,2.845,73.369,7.3018,17.9045,100.5298,80.104,4.85,5.31,10.3,51.41,2.5,27.8,9.8,0.1,18.8,4.3,2.5
Kazakhstan,2019,93.4,100.0,89.3213,,2.89,73.658,7.4804,18.9602,101.622,80.331,4.8,5.13,10.2,51.83,2.5,28.0,9.8,0.1,19.3,4.3,2.5
Kazakhstan,2020,93.5,100.0,89.3346,,3.13,71.195,7.6488,20.1649,101.7837,79.325,4.89,6.72,10.1,52.26,2.5,28.7,9.8,0.0,18.6,5.3,2.5
Lithuania,2012,100.0,100.0,86.3826,86.6059,1.6,73.8634,18.18,14.9881,101.8544,71.826,13.365,7.26,5.3,55.89,2.5,35.1,6.5,1.1,8.7,20.6,2.3
Lithuania,2013,100.0,100.0,88.3536,87.7085,1.59,73.9146,18.3577,14.7461,101.7546,72.427,11.77,7.14,5.1,56.15,2.5,35.3,6.7,1.2,7.0,19.1,2.0
Lithuania,2014,100.0,100.0,90.338,88.8309,1.57,74.5171,18.6035,14.501,100.9779,73.735,10.698,7.11,5.1,56.41,2.5,37.7,6.0,1.7,7.8,22.2,2.2
Lithuania,2015,100.0,100.0,92.3356,89.9567,1.63,74.322,18.8803,14.4306,101.5423,74.144,9.12,6.83,5.0,56.68,2.5,37.4,6.1,1.0,6.8,21.9,1.9
Lithuania,2016,100.0,100.0,93.9929,91.0876,1.63,74.6707,19.1758,13.9628,104.2231,75.466,7.862,6.54,4.9,56.97,2.5,38.4,6.0,1.5,5.6,22.9,2.0
Lithuania,2017,100.0,100.0,94.4423,92.2234,1.57,75.4805,19.5044,13.6783,106.4109,75.968,7.073,6.39,4.6,57.25,2.5,37.3,6.3,1.2,5.0,22.9,2.0
Lithuania,2018,100.0,100.0,94.8733,93.2343,1.53,75.6805,19.7309,13.3184,106.0574,77.339,6.147,6.27,4.2,57.54,2.5,35.7,6.6,1.0,3.4,20.6,1.5
Lithuania,2019,100.0,100.0,94.8975,93.7553,1.43,76.2829,19.8572,13.276,104.7061,78.022,6.255,6.22,3.9,57.83,2.5,35.3,7.0,0.6,2.3,20.9,1.3
Lithuania,2020,100.0,100.0,94.9238,94.2752,1.36,75.0293,19.9342,12.1706,103.4682,78.533,8.487,5.96,3.7,58.11,2.5,36.0,7.2,0.5,1.8,20.0,1.0
Luxembourg,2012,100.0,100.0,99.7765,92.5152,1.57,81.3927,13.9654,12.1643,98.7364,69.289,5.03,5.16,2.7,51.75,2.5,34.3,7.3,0.0,0.3,,0.5
Luxembourg,2013,100.0,100.0,99.7238,92.8437,1.55,81.8,14.0257,11.3799,97.7293,69.627,6.045,5.17,2.6,51.73,2.5,32.0,7.6,0.1,0.3,,0.5
Luxembourg,2014,100.0,100.0,99.6743,93.1723,1.5,82.2293,14.1251,11.3736,97.3061,70.224,6.044,5.06,2.6,51.7,2.5,31.2,7.9,0.2,0.3,,0.6
Luxembourg,2015,100.0,100.0,99.6279,93.5006,1.47,82.2927,14.1954,11.231,97.4023,71.309,6.796,4.96,2.6,51.67,2.5,32.9,7.5,0.3,0.8,,0.7
Luxembourg,2016,100.0,100.0,99.5843,93.8288,1.41,82.6854,14.2424,11.1685,97.4096,70.625,6.669,4.81,2.5,51.66,2.5,31.7,7.6,0.1,0.6,,0.5
Luxembourg,2017,100.0,100.0,99.5432,94.1568,1.39,82.0951,14.3068,11.0433,96.7352,70.107,5.523,4.66,2.5,51.64,2.5,34.5,6.8,0.3,1.1,,0.7
Luxembourg,2018,100.0,100.0,99.5046,94.4854,1.38,82.2951,14.3776,11.1043,97.3428,71.006,5.589,4.51,2.5,51.62,2.5,35.4,6.6,0.3,0.8,,0.6
Luxembourg,2019,100.0,100.0,99.5125,94.8139,1.34,82.639,14.4701,11.1826,98.3345,71.916,5.592,4.26,2.5,51.59,2.5,34.2,7.2,0.1,0.3,,0.5
Luxembourg,2020,100.0,100.0,99.5201,95.1421,1.36,82.1439,14.5852,10.657,98.6442,72.112,6.766,4.19,2.5,51.56,2.5,33.4,7.1,0.0,0.0,,0.4
Latvia,2012,100.0,100.0,94.277,75.004,1.44,73.778,18.6755,14.7431,101.0487,74.487,15.047,5.83,6.6,54.51,2.5,35.2,6.5,1.4,12.5,19.4,2.3
Latvia,2013,100.0,100.0,94.5575,76.1485,1.52,73.9829,18.9297,14.9403,100.3863,74.037,11.867,5.75,6.0,55.0,2.5,35.5,6.5,1.5,10.0,21.2,2.3
Latvia,2014,100.0,100.0,94.8381,77.3009,1.65,74.1244,19.2415,15.1853,99.8528,74.484,10.846,5.61,5.5,55.48,2.5,35.1,6.6,1.1,8.4,22.5,1.9
Latvia,2015,100.0,100.0,95.119,78.6224,1.7,74.4805,19.5243,15.2137,99.3933,75.692,9.873,5.65,5.1,55.97,2.5,34.2,7.1,1.0,5.7,21.8,1.8
Latvia,2016,100.0,100.0,95.4013,79.9576,1.74,74.5805,19.7754,14.798,99.1985,76.241,9.643,5.68,4.7,56.46,2.5,34.3,7.0,1.0,5.5,22.1,1.6
Latvia,2017,100.0,100.0,95.6848,81.3065,1.69,74.6293,20.0108,14.9333,99.3678,77.028,8.715,5.53,4.5,56.95,2.5,35.6,6.7,1.0,5.4,23.3,1.6
Latvia,2018,100.0,100.0,95.9693,82.4506,1.6,74.7829,20.1982,14.8106,99.6144,77.489,7.412,5.47,4.2,57.43,2.5,35.1,7.0,0.6,3.6,22.9,1.4
Latvia,2019,100.0,100.0,96.2544,83.6061,1.61,75.3878,20.4072,15.0183,99.9834,77.551,6.312,5.42,4.0,57.91,2.5,34.5,7.1,0.3,3.3,21.6,1.3
Latvia,2020,100.0,100.0,96.54,84.6766,1.55,75.1854,20.6722,13.7033,99.8328,78.187,8.098,5.3,3.7,58.39,2.5,35.7,6.9,0.5,2.9,23.4,1.3
Moldova,2012,94.1,99.5,67.3357,,1.661,70.344,10.4854,20.8435,,65.988,2.151,6.32,16.3,56.87,5.7,29.2,9.0,0.5,27.3,,2.8
Moldova,2013,94.9,99.6,69.876,,1.622,70.291,10.6158,18.2398,,66.441,1.873,6.08,16.0,57.29,4.5,28.5,9.2,0.1,22.5,,2.6
Moldova,2014,95.65,99.8,72.4486,,1.82,70.241,11.0823,17.5889,107.4289,70.966,1.425,6.03,15.8,57.72,3.9,26.8,9.7,0.0,21.4,,2.6
Moldova,2015,96.1,99.9,72.7737,,1.87,70.118,11.7092,18.1822,105.722,72.21,1.742,5.74,15.5,58.16,3.4,27.0,9.7,0.1,19.0,,2.5
Moldova,2016,96.6,99.9,73.1059,,1.89,70.179,12.2991,17.6604,104.4644,71.926,1.557,5.83,15.3,58.6,2.7,26.3,10.0,0.2,19.1,,2.6
Moldova,2017,96.8,100.0,73.4444,,1.81,70.375,12.8296,17.7566,103.6819,70.446,1.586,5.78,15.2,59.05,2.5,25.9,10.0,0.1,18.8,,2.5
Moldova,2018,97.0,100.0,73.7892,,1.81,70.236,13.3074,17.5512,103.3374,68.737,1.196,5.77,15.1,59.49,2.5,25.7,10.2,0.0,15.5,,2.4
Moldova,2019,97.3,100.0,74.1397,,1.78,70.181,13.8015,18.3722,105.0749,71.473,1.466,5.8,15.0,59.92,2.5,26.0,10.0,0.0,16.1,25.2,2.4
Moldova,2020,97.4,100.0,74.4959,,1.77,69.914,14.2912,17.1737,106.52,71.839,1.186,5.57,14.9,60.35,2.5,,,,,26.8,
North Macedonia,2012,70.3,99.6,80.3434,12.6486,1.5,74.9024,12.0724,,92.9667,63.202,31.096,4.32,10.2,57.81,4.0,38.1,4.9,9.1,37.8,24.2,4.7
North Macedonia,2013,71.5,99.7,80.352,12.5976,1.5,75.4,12.4586,,96.9781,64.093,29.017,4.37,10.7,58.2,4.0,36.2,5.6,7.4,36.5,22.1,4.1
North Macedonia,2014,72.6,99.8,80.3637,12.5433,1.5,75.4512,12.9264,,95.9001,64.513,28.215,4.32,11.1,58.59,3.9,35.2,5.8,6.4,32.4,21.5,4.0
North Macedonia,2015,73.5,99.9,80.3782,12.4856,1.49,75.4024,13.4043,,96.8858,63.936,26.395,4.31,11.3,59.0,3.8,35.6,5.6,7.0,30.4,21.9,4.0
North Macedonia,2016,75.1,100.0,80.3958,12.4242,1.5,75.4,13.9041,,,63.614,24.312,4.29,10.8,59.4,3.5,34.5,5.6,5.7,27.0,22.2,3.6
North Macedonia,2017,75.7,100.0,80.4164,12.359,1.43,75.9537,14.4581,,95.2024,63.937,22.857,4.2,9.7,59.8,3.2,34.2,5.7,5.6,24.7,21.9,3.6
North Macedonia,2018,76.8,99.8,80.3238,12.2057,1.42,76.6488,15.085,,95.5604,63.797,21.208,4.14,8.3,60.2,2.9,33.0,6.1,4.3,22.7,21.6,3.1
North Macedonia,2019,78.2,100.0,80.3507,12.1923,1.34,76.6024,15.7588,,93.6538,64.791,17.414,4.19,7.0,60.6,3.1,33.5,5.8,3.9,20.5,21.8,2.9
North Macedonia,2020,79.6,100.0,80.3805,12.2049,1.31,74.3951,16.3463,,93.4353,64.132,16.575,4.22,5.9,61.0,3.0,,,,,,
Malta,2012,100.0,100.0,99.9488,91.592,1.42,80.7463,16.5766,13.3912,100.938,64.021,6.197,4.6,6.8,64.66,2.5,29.4,8.4,0.2,0.5,15.8,0.9
Malta,2013,100.0,100.0,99.9311,90.7381,1.36,81.7463,17.352,13.6162,101.2325,66.326,6.106,4.65,6.7,64.65,2.5,28.8,8.6,0.0,0.3,15.8,0.8
Malta,2014,100.0,100.0,99.9135,89.8843,1.38,82.0463,17.9436,13.3271,100.6733,67.845,5.725,4.47,6.7,64.64,2.5,29.0,8.6,0.0,0.2,16.6,0.8
Malta,2015,100.0,100.0,99.8959,89.0304,1.37,81.8976,18.3273,13.2296,100.3055,68.828,5.389,4.47,6.6,64.63,2.5,29.4,8.5,0.1,0.4,16.5,0.8
Malta,2016,100.0,100.0,99.8782,88.1765,1.37,82.4537,18.6556,14.1111,99.9405,70.575,4.687,4.55,6.5,64.64,2.5,29.1,8.6,0.1,0.3,16.7,0.8
Malta,2017,100.0,100.0,99.8606,88.1765,1.26,82.3463,18.8131,13.5024,99.61,72.13,4.002,4.38,6.4,64.65,2.5,29.2,8.5,0.2,0.4,16.8,0.8
Malta,2018,100.0,100.0,99.843,88.1764,1.23,82.2488,18.7497,13.8489,99.5983,74.665,3.658,4.25,6.3,64.65,2.5,28.7,8.6,0.2,0.4,17.1,0.7
Malta,2019,100.0,100.0,99.8253,88.1764,1.14,82.6585,18.5816,14.0758,98.1749,75.846,3.616,4.11,6.1,64.65,2.5,31.0,8.2,0.3,0.7,16.9,0.8
Malta,2020,100.0,100.0,99.8077,88.1764,1.13,82.0976,18.4998,12.5418,96.8025,77.05,4.347,4.38,6.0,64.66,2.5,31.4,8.0,0.4,1.0,16.9,0.7
Montenegro,2012,62.2,99.3,84.4436,37.4641,1.72,76.3,13.4747,,99.0703,58.596,19.808,3.9,5.4,47.02,2.5,41.2,4.5,5.6,29.5,25.2,3.8
Montenegro,2013,61.9,99.7,84.5334,39.623,1.73,76.4902,13.694,,,58.861,19.585,3.81,4.9,47.32,2.5,39.0,5.2,5.2,28.2,24.1,3.2
Montenegro,2014,61.8,97.7,84.623,41.7548,1.75,76.339,14.0036,,,61.538,18.054,3.86,4.5,47.62,2.5,38.8,5.1,3.9,25.9,24.4,3.0
Montenegro,2015,61.4,99.5,84.7121,43.8596,1.7,76.6024,14.4205,,101.2036,62.348,17.555,3.86,4.1,47.92,2.5,39.0,5.2,3.6,24.6,24.0,2.8
Montenegro,2016,61.6,99.6,84.8008,45.9371,1.8,76.5415,14.8258,,100.1746,63.066,17.732,3.86,3.8,48.22,2.5,38.5,5.2,3.3,20.1,23.6,3.6
Montenegro,2017,61.6,100.0,84.8891,47.9874,1.8,76.6854,15.2379,,100.9433,63.162,16.082,3.8,3.6,48.51,2.5,36.9,5.2,4.6,19.2,23.8,3.8
Montenegro,2018,61.75,100.0,84.9536,50.0074,1.8,77.8854,15.7081,,103.2645,64.406,15.19,3.86,3.3,48.8,2.5,36.8,5.3,3.9,21.1,24.5,3.0
Montenegro,2019,61.85,100.0,85.0132,51.7309,1.8,76.6829,16.2013,,103.6517,65.909,15.128,3.81,3.2,49.09,2.5,35.7,5.9,2.5,17.6,22.6,2.6
Montenegro,2020,62.1,99.9,85.0722,53.4151,1.75,75.9317,16.6407,,103.8466,61.239,17.878,3.81,3.0,49.38,2.5,35.4,6.1,2.2,17.6,21.2,2.8
Netherlands,2012,100.0,100.0,99.9797,97.4732,1.72,81.1049,16.34,11.7369,107.0482,81.603,5.821,3.77,4.2,47.34,2.5,27.6,9.1,0.1,0.3,,0.6
Netherlands,2013,100.0,100.0,99.9785,97.4766,1.68,81.3049,16.8802,11.5622,,81.912,7.241,3.68,4.2,47.2,2.5,28.1,8.9,0.1,0.3,,0.6
Netherlands,2014,100.0,100.0,99.9773,97.48,1.71,81.7073,17.3524,11.797,,81.562,7.419,3.53,4.1,47.05,2.5,28.6,8.8,0.1,0.4,,0.6
Netherlands,2015,100.0,100.0,99.9762,97.4834,1.66,81.5098,17.7567,11.8186,106.0594,82.184,6.872,3.47,4.1,46.91,2.5,28.2,8.9,0.1,0.4,12.7,0.6
Netherlands,2016,100.0,100.0,99.975,97.4868,1.66,81.561,18.0944,12.0879,105.6804,82.188,6.007,3.39,4.1,46.77,2.5,28.2,8.8,0.1,0.4,13.2,0.6
Netherlands,2017,100.0,100.0,99.9738,97.4902,1.62,81.761,18.4202,12.074,105.0394,82.222,4.837,3.26,4.0,46.63,2.5,28.5,8.8,0.2,0.4,13.3,0.6
Netherlands,2018,100.0,100.0,99.9726,97.4937,1.59,81.8122,18.751,11.9595,104.5611,82.768,3.832,3.17,4.0,46.49,2.5,28.1,8.9,0.1,0.4,13.2,0.6
Netherlands,2019,100.0,100.0,99.9714,97.4971,1.57,82.1122,19.0649,11.8349,104.5789,83.393,3.379,3.02,4.0,46.35,2.5,29.2,8.6,0.1,0.4,13.4,0.6
Netherlands,2020,100.0,100.0,99.9703,97.4975,1.54,81.3585,19.3704,10.9443,104.3388,83.414,3.82,2.91,4.0,46.21,2.5,26.0,9.2,0.0,0.3,14.4,0.5
Norway,2012,100.0,100.0,99.366,77.3214,1.85,81.4512,15.5275,11.2805,99.6305,79.127,3.129,3.97,3.0,54.75,2.5,25.7,9.4,0.1,0.4,,0.5
Norway,2013,100.0,100.0,99.3117,77.393,1.78,81.7512,15.7789,11.0503,99.6446,79.168,3.425,3.86,2.9,55.04,2.5,26.4,9.3,0.2,0.4,,0.5
Norway,2014,100.0,100.0,99.2574,77.4654,1.75,82.1,16.0284,11.0784,99.4922,78.837,3.486,3.84,2.8,55.32,2.5,26.8,9.1,0.1,0.4,,0.5
Norway,2015,100.0,100.0,99.2031,77.5384,1.72,82.3049,16.2748,11.0947,99.374,79.181,4.296,3.76,2.7,55.6,2.5,27.5,9.0,0.2,0.4,,0.5
Norway,2016,100.0,100.0,99.1488,77.6121,1.71,82.4073,16.5173,10.9677,99.2261,79.021,4.68,3.68,2.6,55.88,2.5,28.5,8.6,0.3,0.7,,0.6
Norway,2017,100.0,100.0,99.0945,77.6866,1.62,82.6098,16.7812,11.0532,99.2715,78.385,4.164,3.6,2.5,56.15,2.5,27.0,8.9,0.3,0.6,,0.6
Norway,2018,100.0,100.0,99.0402,77.7618,1.56,82.7585,17.0854,11.0504,99.1744,78.889,3.801,3.53,2.5,56.41,2.5,27.6,8.9,0.3,0.5,,0.6
Norway,2019,100.0,100.0,98.986,77.8377,1.53,82.9585,17.3949,10.8744,99.0807,79.333,3.684,3.47,2.4,56.67,2.5,27.7,8.8,0.2,0.5,,0.6
Norway,2020,100.0,100.0,98.9317,77.9143,1.48,83.2098,17.7282,10.1225,98.8857,79.391,4.424,3.4,2.4,56.94,2.5,28.4,8.6,0.3,0.5,12.6,0.7
Poland,2012,100.0,100.0,92.657,94.193,1.33,76.7463,14.0246,12.4845,100.6808,66.655,10.031,6.53,5.4,57.08,2.5,33.0,7.3,0.4,5.1,,1.6
Poland,2013,100.0,100.0,92.3521,94.9008,1.29,77.0,14.4308,12.3381,100.0735,67.159,10.293,6.51,5.2,57.66,2.5,33.1,7.2,0.6,4.9,,1.5
Poland,2014,100.0,100.0,92.0369,95.6128,1.32,77.6024,14.8828,12.3902,99.5637,68.036,8.971,6.53,5.0,58.25,2.5,32.8,7.3,0.6,4.7,,1.5
Poland,2015,100.0,100.0,91.7114,96.3292,1.32,77.4512,15.3775,12.6555,,68.363,7.475,6.54,4.9,58.83,2.5,31.8,7.4,0.5,3.9,,1.4
Poland,2016,100.0,100.0,91.3784,97.0497,1.39,77.8512,15.9129,12.0719,,69.057,6.141,6.54,4.8,59.42,2.5,31.2,8.0,0.4,2.7,,1.3
Poland,2017,100.0,100.0,91.0381,97.4989,1.48,77.7537,16.4659,11.8687,97.6803,69.775,4.867,6.53,4.6,59.99,2.5,29.7,8.3,0.4,2.1,,1.3
Poland,2018,100.0,100.0,90.6906,97.6994,1.46,77.6024,17.0146,12.0274,94.4898,70.316,3.835,6.44,4.5,60.55,2.5,30.2,8.2,0.3,1.8,,1.2
Poland,2019,100.0,100.0,90.336,97.7478,1.44,77.9049,17.5584,11.9878,94.945,70.76,3.267,6.09,4.4,61.11,2.5,28.8,8.6,0.1,1.0,,1.0
Poland,2020,100.0,100.0,89.6192,97.8032,1.39,76.4,18.076,10.6045,82.2115,71.124,3.155,6.11,4.4,61.66,2.5,28.5,8.6,0.2,1.2,11.8,1.0
Portugal,2012,100.0,100.0,94.3637,74.5791,1.28,80.3732,19.2004,11.0158,108.9218,73.406,15.531,3.4,3.7,54.64,2.5,36.0,6.5,0.9,6.5,18.7,1.6
Portugal,2013,100.0,100.0,94.4524,77.185,1.21,80.722,19.6277,10.974,110.0405,73.024,16.188,3.39,3.6,54.63,2.5,36.2,6.2,1.0,6.9,19.5,1.6
Portugal,2014,100.0,100.0,94.5389,79.8493,1.24,81.122,20.1141,10.2732,108.553,73.213,13.897,3.32,3.6,54.61,2.5,35.6,6.5,0.8,5.9,19.5,1.5
Portugal,2015,100.0,100.0,94.6233,82.5703,1.31,81.1244,20.5743,10.5435,107.0116,73.386,12.447,3.37,3.6,54.61,2.5,35.5,6.7,0.7,4.4,19.0,1.4
Portugal,2016,100.0,100.0,94.7057,85.3466,1.37,81.1244,21.027,10.6469,105.8053,73.71,11.068,3.39,3.6,54.61,2.5,35.2,6.9,0.4,4.4,18.3,1.4
Portugal,2017,100.0,100.0,94.786,88.1767,1.38,81.4244,21.4883,10.1069,104.9138,74.653,8.869,3.39,3.6,54.61,2.5,33.8,7.4,0.4,3.0,17.3,1.3
Portugal,2018,100.0,100.0,94.8641,90.8383,1.42,81.3244,21.9324,10.2643,104.9795,75.123,6.994,3.44,3.5,54.6,2.5,33.5,7.4,0.4,2.7,17.2,1.2
Portugal,2019,100.0,100.0,94.9403,91.3155,1.44,81.6756,22.3901,10.5293,105.1829,75.529,6.464,3.51,3.5,54.6,2.5,32.8,7.6,0.2,1.9,16.2,1.1
Portugal,2020,100.0,100.0,95.0144,91.7683,1.42,81.3293,22.8627,9.6072,105.5899,74.177,6.801,3.53,3.4,54.62,2.5,34.7,6.9,0.6,2.9,18.4,1.2
Romania,2012,100.0,97.8,81.9266,64.0429,1.52,74.4122,16.2664,7.8875,96.2415,57.526,6.794,6.57,11.2,54.94,2.5,36.5,5.3,8.4,36.9,23.0,4.4
Romania,2013,100.0,98.1,81.9161,66.4124,1.46,75.0634,16.4583,7.8434,,57.825,7.096,6.65,10.5,55.96,2.5,36.9,5.0,8.7,36.4,25.1,4.6
Romania,2014,100.0,98.4,81.9056,68.8624,1.56,74.9098,16.7939,8.4298,,58.815,6.802,6.68,9.9,56.99,2.5,36.0,4.9,8.9,32.7,25.4,4.5
Romania,2015,100.0,98.8,81.9019,71.4004,1.62,74.9122,17.2096,8.5013,89.0534,59.937,6.812,6.76,9.2,58.02,2.5,35.9,5.1,7.6,30.9,25.3,3.9
Romania,2016,100.0,99.1,81.9056,74.0277,1.69,75.2098,17.5742,9.5961,87.5896,60.302,5.901,6.81,8.5,59.06,2.5,34.4,5.6,5.2,24.0,23.6,3.2
Romania,2017,100.0,100.0,81.9158,76.7443,1.78,75.2098,17.9121,8.5062,87.2724,62.01,4.927,6.85,7.9,60.09,2.5,36.0,5.3,4.9,17.9,23.5,3.0
Romania,2018,100.0,99.8,81.9334,79.5517,1.76,75.3585,18.2497,9.0986,91.3751,62.541,4.187,6.92,7.3,61.1,2.5,35.8,5.4,3.7,14.3,23.8,2.6
Romania,2019,100.0,100.0,81.9577,82.11,1.77,75.6073,18.6042,10.0886,92.614,63.43,3.912,7.0,6.8,62.11,2.5,34.8,5.7,3.1,11.9,23.4,2.3
Romania,2020,100.0,100.0,81.9888,84.5194,1.8,74.2537,19.0167,8.8029,91.9047,64.141,5.035,7.06,6.6,63.11,2.5,34.6,5.6,2.4,10.8,22.5,2.2
Russian Federation,2012,99.5,100.0,75.3987,58.7252,1.691,70.0722,12.713,9.5043,97.2622,73.133,5.484,8.37,9.9,54.44,2.5,40.7,6.3,0.1,6.4,10.7,1.6
Russian Federation,2013,99.5,100.0,75.4665,59.0098,1.707,70.5788,12.8838,10.0021,96.9484,73.231,5.513,8.11,9.5,54.88,2.5,40.9,6.4,0.1,5.7,10.8,1.6
Russian Federation,2014,99.6,100.0,75.5383,59.2971,1.75,70.7437,13.1684,9.1654,97.4963,73.542,5.212,7.89,8.9,55.32,2.5,36.9,6.2,0.4,3.2,11.2,1.2
Russian Federation,2015,99.5,95.5,75.6135,59.5865,1.777,71.1834,13.5345,2.196,98.3828,73.809,5.615,7.58,8.2,55.75,2.5,36.5,6.2,0.4,3.9,13.3,1.2
Russian Federation,2016,99.5,99.4,75.6922,59.8781,1.762,71.6512,13.8715,9.5941,98.3341,74.389,5.591,7.4,7.5,56.19,2.5,36.7,6.2,0.4,4.0,13.3,1.3
Russian Federation,2017,99.5,100.0,75.7746,60.1718,1.621,72.4515,14.2409,9.5012,100.7676,74.327,5.238,7.25,6.9,56.62,2.5,35.5,6.5,0.4,3.7,13.2,1.3
Russian Federation,2018,99.5,100.0,75.8601,60.4673,1.579,72.6622,14.6303,10.0499,102.0686,74.607,4.871,7.17,6.3,57.05,2.5,35.3,6.7,0.2,2.8,12.6,1.2
Russian Federation,2019,99.5,99.8,75.9488,60.7645,1.504,73.0839,15.0633,9.2857,101.8323,74.027,4.513,7.07,5.8,57.48,2.5,35.7,6.7,0.3,3.0,12.3,1.2
Russian Federation,2020,99.4,99.9,76.0406,60.9109,1.505,71.3388,15.4721,8.935,102.763,74.117,5.62,7.08,5.4,57.9,2.5,33.7,7.4,0.1,2.0,12.1,1.1
Serbia,2012,69.45,99.8,74.7986,27.8581,1.45,74.8366,17.5892,,100.9048,61.641,24.0,5.16,7.1,51.32,2.5,39.9,4.7,7.1,29.2,24.5,5.1
Serbia,2013,70.3,99.9,74.821,27.6214,1.43,75.1854,17.95,,101.6048,62.721,22.154,5.21,6.8,51.59,2.5,39.4,4.7,7.8,33.0,25.0,5.5
Serbia,2014,71.6,99.7,74.8437,27.3803,1.46,75.3366,18.3903,,102.1858,63.268,19.223,5.22,6.6,51.87,2.5,40.4,4.3,8.9,32.9,26.7,6.3
Serbia,2015,72.9,99.9,74.8662,27.1351,1.46,75.2878,18.884,,102.1822,63.467,17.66,5.27,6.3,52.16,2.5,40.5,4.4,8.4,31.8,25.9,6.1
Serbia,2016,74.0,99.9,74.8888,26.8856,1.46,75.6878,19.3854,8.693,101.1082,65.413,15.257,5.27,6.1,52.45,2.5,38.8,4.5,8.1,29.0,25.7,6.2
Serbia,2017,75.8,100.0,74.914,26.6308,1.49,75.539,19.9074,9.2565,100.7224,66.484,13.477,5.27,5.9,52.75,2.5,36.1,5.2,6.6,26.2,24.3,5.3
Serbia,2018,77.1,100.0,74.942,26.3717,1.49,75.8902,20.4864,8.8043,100.4576,67.571,12.733,5.3,5.8,53.04,2.5,35.0,5.9,4.2,20.7,23.2,3.6
Serbia,2019,78.7,99.8,74.9726,26.1084,1.52,75.9366,21.0644,8.6046,99.6346,67.824,10.395,5.34,5.7,53.34,2.5,34.5,6.4,2.7,15.1,21.7,3.1
Serbia,2020,80.4,100.0,75.0059,25.8242,1.48,74.478,21.5709,,98.0835,67.36,9.011,5.35,5.5,53.64,2.5,35.0,6.6,2.0,12.6,21.2,2.5
Slovak Republic,2012,100.0,100.0,98.8287,82.9047,1.34,76.1098,12.9098,9.7705,99.1329,69.517,13.966,5.91,6.6,55.62,5.8,26.1,8.6,0.5,5.0,12.8,1.6
Slovak Republic,2013,100.0,100.0,98.8643,82.7224,1.34,76.4122,13.2843,9.7139,98.6928,69.955,14.226,5.8,6.4,56.1,5.6,28.1,8.3,0.4,5.0,12.6,1.6
Slovak Republic,2014,100.0,100.0,98.8999,82.5397,1.37,76.8122,13.695,9.3318,98.5119,70.841,11.536,5.78,6.3,56.6,5.7,26.1,8.4,0.9,5.2,12.3,1.9
Slovak Republic,2015,100.0,100.0,98.9355,82.5256,1.4,76.5634,14.1488,9.1263,98.3121,71.069,11.492,5.75,6.2,57.1,5.7,26.5,8.5,0.8,5.0,12.7,1.6
Slovak Republic,2016,100.0,100.0,98.9711,82.5151,1.48,77.1659,14.6624,9.0546,97.621,72.029,9.679,5.78,6.1,57.6,5.3,25.2,8.7,1.5,4.8,12.4,2.4
Slovak Republic,2017,100.0,100.0,99.0067,82.5083,1.52,77.1659,15.2001,9.8208,98.266,72.253,8.142,5.82,6.0,58.11,4.1,23.2,9.4,0.6,3.0,12.2,1.4
Slovak Republic,2018,100.0,100.0,99.0423,82.498,1.54,77.2659,15.7269,9.8833,97.0244,72.508,6.544,5.7,6.0,58.6,3.3,25.0,8.8,0.5,3.8,11.9,1.4
Slovak Republic,2019,100.0,100.0,99.0779,82.4913,1.57,77.6659,16.2592,10.471,97.9946,72.715,5.761,5.76,5.9,59.09,2.8,23.2,9.5,0.2,2.5,11.4,1.2
Slovak Republic,2020,100.0,100.0,99.1135,82.4882,1.59,76.8659,16.7641,9.9396,99.9172,72.444,6.719,5.68,5.9,59.58,2.8,24.2,9.1,0.3,2.3,12.3,1.3
Slovenia,2012,100.0,100.0,93.1454,70.0821,1.58,80.1244,16.7905,12.9351,98.2143,70.735,8.841,4.52,2.9,53.77,2.5,25.6,9.4,0.0,0.5,14.5,0.9
Slovenia,2013,100.0,100.0,93.8254,73.0735,1.55,80.322,17.148,10.6639,98.6007,70.847,10.103,4.52,2.8,53.81,2.5,26.2,9.2,0.0,0.6,14.5,0.9
Slovenia,2014,100.0,100.0,94.5054,76.1272,1.58,81.078,17.5469,11.7385,98.5872,71.105,9.668,4.51,2.7,53.85,2.5,25.7,9.4,0.0,0.3,14.3,0.8
Slovenia,2015,100.0,100.0,95.1855,79.2437,1.57,80.7756,18.0184,11.459,98.3816,71.912,8.962,4.48,2.6,53.92,2.5,25.4,9.6,0.0,0.4,13.9,0.8
Slovenia,2016,100.0,100.0,95.8655,80.9741,1.58,81.1756,18.5121,11.9989,97.9816,71.753,8.0,4.43,2.6,54.02,2.5,24.8,9.7,0.0,0.3,13.3,0.8
Slovenia,2017,100.0,100.0,96.5456,82.0133,1.62,81.0293,19.001,12.3342,98.1781,74.28,6.564,4.43,2.5,54.14,2.5,24.2,10.0,0.0,0.1,13.3,0.8
Slovenia,2018,100.0,100.0,97.2256,83.0565,1.6,81.378,19.4618,12.3712,99.4631,75.098,5.108,4.36,2.4,54.26,2.5,24.6,10.1,0.0,0.2,12.0,0.7
Slovenia,2019,100.0,100.0,97.9057,83.4595,1.61,81.5293,19.8517,12.5715,99.8418,75.274,4.446,4.38,2.4,54.4,2.5,24.4,10.1,0.0,0.1,12.4,0.7
Slovenia,2020,100.0,100.0,98.2743,83.6457,1.59,80.5317,20.1214,11.1256,100.2315,74.794,4.971,4.25,2.4,54.55,2.5,24.0,10.3,0.0,0.1,11.7,0.7
Sweden,2012,100.0,100.0,99.5693,95.2905,1.91,81.7049,18.9776,12.6309,99.5537,80.303,7.976,2.65,3.0,49.56,2.5,27.6,8.5,0.5,1.2,16.0,1.0
Sweden,2013,100.0,100.0,99.5903,95.3205,1.89,81.9561,19.2744,12.5421,118.1354,81.1,8.052,2.58,2.9,49.65,2.5,28.8,8.1,0.7,1.4,15.6,1.1
Sweden,2014,100.0,100.0,99.611,95.3501,1.88,82.2537,19.5211,12.8346,118.0299,81.498,7.954,2.52,2.9,49.75,2.5,28.4,8.4,0.5,1.2,16.3,0.9
Sweden,2015,100.0,100.0,99.6314,95.3793,1.85,82.2049,19.6983,13.0132,119.6242,81.753,7.432,2.43,2.9,49.84,2.5,29.2,8.2,0.6,1.2,16.2,0.9
Sweden,2016,100.0,100.0,99.6514,95.4081,1.85,82.3073,19.7738,13.333,121.4488,82.066,6.99,2.33,2.8,49.94,2.5,29.6,8.1,0.4,1.0,15.8,0.9
Sweden,2017,100.0,100.0,99.6711,95.4365,1.78,82.4098,19.8018,13.6095,122.8961,82.518,6.718,2.21,2.8,50.04,2.5,28.8,8.3,0.3,0.8,16.4,0.7
Sweden,2018,100.0,100.0,99.6905,95.4644,1.76,82.5585,19.8625,13.8211,123.7547,82.736,6.365,2.14,2.7,50.15,2.5,30.0,7.8,0.9,1.5,17.1,1.2
Sweden,2019,100.0,100.0,99.7096,95.4918,1.71,83.1098,19.9507,14.0753,120.5968,82.928,6.833,2.07,2.6,50.24,2.5,29.3,8.1,0.4,1.0,16.1,0.8
Sweden,2020,100.0,100.0,99.7281,95.5188,1.67,82.3561,20.06,13.4384,119.5001,82.519,8.291,2.05,2.6,50.34,2.5,28.9,8.2,0.5,1.0,15.7,0.9
Turkiye,2012,94.6,100.0,,58.9593,2.11,75.552,7.3408,12.1359,104.7084,54.03,9.21,2.66,15.8,64.8,2.5,40.2,5.8,1.7,22.3,15.0,2.6
Turkiye,2013,94.7,100.0,,60.7616,2.11,76.171,7.4331,10.9223,114.7243,55.036,9.713,2.64,14.9,65.1,2.5,40.2,5.8,1.5,20.6,15.0,2.5
Turkiye,2014,94.8,100.0,,62.6176,2.19,76.452,7.5252,11.8141,111.9357,54.824,9.901,2.65,14.0,65.4,2.5,41.2,5.8,1.0,20.3,14.7,2.4
Turkiye,2015,94.8,100.0,,64.5275,2.16,76.539,7.6184,11.8485,107.2942,55.684,10.304,2.63,13.3,65.71,2.5,42.9,5.6,1.3,21.0,14.3,2.5
Turkiye,2016,95.0,100.0,,66.4911,2.11,76.595,7.7597,11.4074,105.2833,56.554,10.899,2.69,12.6,66.03,2.5,41.9,5.7,0.9,18.6,13.5,2.3
Turkiye,2017,95.0,100.0,,68.5085,2.08,77.037,7.9464,10.8092,97.4919,57.545,10.919,2.75,12.0,66.32,2.5,43.5,5.4,1.1,16.7,13.9,2.2
Turkiye,2018,95.1,100.0,,70.5795,2.0,77.454,8.1719,10.7428,100.9313,58.068,10.956,2.8,11.5,66.59,2.5,42.4,5.4,1.0,15.6,14.4,2.1
Turkiye,2019,95.2,100.0,,72.7042,1.89,77.737,8.5226,11.173,103.963,58.056,13.73,2.84,11.0,66.84,2.5,43.8,5.2,1.3,15.9,15.0,2.2
Turkiye,2020,95.3,100.0,,74.8801,1.77,76.525,8.9639,9.3112,103.2964,54.506,13.148,2.99,10.5,67.09,2.5,43.0,5.3,1.1,15.0,14.4,2.1
Ukraine,2012,94.9,99.9,89.5565,56.9366,1.528,71.09,14.6092,14.929,97.142,66.352,7.529,8.91,10.7,52.33,2.5,24.7,10.2,0.1,16.5,,2.4
Ukraine,2013,95.0,100.0,89.5572,59.673,1.515,71.474,14.6216,15.1412,96.3141,66.392,7.17,8.79,10.2,52.69,2.5,24.6,10.3,0.1,12.5,,2.3
Ukraine,2014,95.1,100.0,89.0136,62.3357,1.466,71.803,14.7632,14.0883,95.472,66.539,9.27,7.44,9.8,53.05,2.5,24.0,10.5,0.0,13.8,,2.4
Ukraine,2015,95.3,100.0,88.841,64.7399,1.387,72.686,15.1545,13.4801,87.851,66.89,9.14,7.4,9.4,53.41,2.5,25.5,10.0,0.3,22.7,,2.7
Ukraine,2016,95.2,100.0,88.6683,67.1505,1.391,73.389,15.5292,13.4316,87.4092,67.224,9.35,7.03,9.1,53.79,2.5,25.0,10.1,0.2,21.6,,2.7
Ukraine,2017,95.1,100.0,88.4955,69.5676,1.3,73.993,15.9569,14.3961,88.2141,67.598,9.5,6.92,8.9,54.17,2.6,26.0,9.8,0.1,17.0,,2.5
Ukraine,2018,95.3,100.0,88.3226,71.9859,1.233,73.569,16.3479,14.2296,88.5729,67.926,8.799,6.79,8.7,54.55,3.0,26.1,9.9,0.2,14.7,,2.4
Ukraine,2019,95.2,100.0,88.1499,71.9773,1.218,73.92,16.7163,14.5581,90.681,68.222,8.194,6.67,8.5,54.93,3.7,26.6,9.7,0.2,10.6,,2.2
Ukraine,2020,95.1,100.0,87.9775,71.9638,1.208,73.283,17.0963,13.273,91.1122,67.084,9.475,6.26,8.4,55.31,4.3,25.6,10.0,0.0,11.3,1.6,2.2
