Economy,Year,Access to clean fuels and technologies for cooking  (% of population),People using safely managed drinking water services (% of population),People using safely managed sanitation services (% of population),"Fertility rate, total (births per woman)","Life expectancy at birth, total (years)","Government expenditure on education, total (% of government expenditure)","School enrollment, primary (% gross)","Labor force participation rate, total (% of total population ages 15-64) (modeled ILO estimate)","Share of youth not in education, employment or training, total (% of youth population)  (modeled ILO estimate)","Unemployment, total (% of total labor force) (modeled ILO estimate)","Wage and salaried workers, total (% of total employment) (modeled ILO estimate)","Hospital beds (per 1,000 people)","Mortality rate, under-5 (per 1,000 live births)",Prevalence of overweight (% of adults),Prevalence of undernourishment (% of population),Gini index,Poverty headcount ratio at $3.00 a day (2021 PPP) (% of population),Poverty headcount ratio at $8.30 a day (2021 PPP) (% of population),Poverty headcount ratio at national poverty lines (% of population)
Albania,2012,70.8,66.3809,30.9176,1.719,78.084,11.5099,102.0674,64.417,27.654,13.376,36.94,2.89,11.2,58.02,4.6,29.0,1.8,45.9,14.3
Albania,2013,72.8,68.4598,34.3284,1.741,77.995,12.1239,101.475,59.711,30.978,15.866,40.4818,2.9,10.5,58.44,4.6,,,,
Albania,2014,74.7,70.5633,37.7491,1.721,78.029,10.9182,105.7706,61.319,31.392,18.055,42.0739,2.88,9.9,58.85,4.6,34.6,3.7,46.5,
Albania,2015,76.5,70.592,41.1794,1.631,78.358,11.1776,105.6887,64.087,29.816,17.193,41.1876,2.85,9.6,59.27,4.5,32.8,1.1,32.8,
Albania,2016,78.0,70.6165,44.6181,1.555,78.643,13.597,105.3248,66.179,27.391,15.418,41.3958,2.84,9.4,59.7,4.4,33.7,1.1,32.9,23.7
Albania,2017,79.7,70.6369,48.0646,1.486,78.9,12.3852,105.415,66.919,26.228,13.616,44.1784,2.84,9.3,60.11,4.3,33.1,1.4,32.7,23.4
Albania,2018,80.9,70.6534,51.5183,1.415,79.238,10.8817,104.568,68.305,26.614,12.304,44.5191,2.84,9.3,60.52,4.3,30.1,1.0,24.1,23.0
Albania,2019,82.1,70.6659,54.8133,1.395,79.467,13.4334,102.5895,69.661,25.824,11.466,45.7318,2.85,9.4,60.93,4.3,30.1,0.3,21.5,21.8
Albania,2020,83.4,70.6745,58.037,1.371,77.824,10.2674,100.021,67.153,26.236,11.69,46.2943,2.91,9.4,61.33,5.4,29.4,0.3,19.9,22.0
Armenia,2012,96.8,83.018,12.291,1.6,74.1195,12.369,97.0881,69.795,30.49,17.511,35.1524,4.2,17.0,50.75,2.5,29.6,2.5,59.6,
Armenia,2013,97.1,82.9526,12.0311,1.6,74.622,11.1368,95.8743,69.986,30.559,16.576,35.3501,4.23,16.2,51.26,2.5,30.6,2.9,57.4,
Armenia,2014,97.4,82.8875,11.7641,1.7,74.8732,9.3671,94.4178,70.215,30.321,17.498,35.5076,4.33,15.4,51.75,2.5,31.5,3.4,55.2,
Armenia,2015,97.6,82.8226,11.4897,1.6,74.8707,10.6564,93.0881,70.518,30.251,18.261,35.9335,4.35,14.6,52.24,2.5,32.4,2.9,50.7,
Armenia,2016,97.8,82.7578,11.2078,1.6,74.8683,10.1972,93.1108,70.9,29.599,17.617,36.2268,4.36,14.0,52.71,2.5,32.5,2.5,45.9,
Armenia,2017,98.1,82.6929,10.9183,1.6,75.2171,10.4031,93.099,71.183,29.536,17.704,36.4208,4.37,13.3,53.17,2.5,33.6,2.4,52.7,
Armenia,2018,98.2,82.5794,10.7734,1.6,75.6195,8.6786,92.1345,71.429,29.522,18.966,36.6596,4.28,12.7,53.62,2.5,34.4,2.9,52.8,
Armenia,2019,98.4,82.4279,10.7647,1.6,76.222,8.5752,92.3228,73.142,26.037,18.304,39.1321,4.18,12.1,54.07,2.5,30.0,2.4,57.1,26.4
Armenia,2020,98.5,82.2768,10.749,1.7,73.3756,8.8278,92.8693,72.624,26.084,18.175,38.866,4.59,11.6,54.52,2.5,25.1,1.5,58.2,27.0
Austria,2012,100.0,98.7049,99.9823,1.44,80.9366,10.6585,100.3351,74.898,10.158,4.909,82.5372,7.67,4.0,44.55,2.5,30.5,0.7,1.1,14.4
Austria,2013,100.0,98.8576,99.9805,1.44,81.1366,10.6701,100.7461,75.291,10.341,5.367,82.5359,7.64,3.9,44.54,2.5,30.8,0.3,0.7,14.1
Austria,2014,100.0,98.911,99.9786,1.46,81.4902,10.4925,100.9703,75.182,10.759,5.674,82.4455,7.58,3.8,44.55,2.5,30.5,0.2,0.7,13.9
Austria,2015,100.0,98.9094,99.9767,1.49,81.1902,10.7222,101.1044,75.31,11.038,5.802,82.8327,7.54,3.7,44.59,2.5,30.5,0.7,1.2,14.1
Austria,2016,100.0,98.9078,99.9748,1.53,81.6415,10.8799,100.4281,76.04,10.914,6.064,83.17,7.42,3.6,44.65,2.5,30.8,0.7,1.3,14.4
Austria,2017,100.0,98.9062,99.8791,1.52,81.6439,10.8425,101.1046,76.185,10.454,5.561,83.5142,7.37,3.6,44.7,2.5,29.7,0.3,0.7,14.3
Austria,2018,100.0,98.9045,99.6749,1.47,81.6927,10.6812,101.3703,76.647,10.422,4.933,83.8631,7.27,3.5,44.75,2.5,30.8,0.6,1.2,13.3
Austria,2019,100.0,98.9026,99.4728,1.46,81.8951,10.6712,101.7763,76.889,11.008,4.56,83.8697,7.19,3.5,44.8,2.5,30.2,0.6,0.9,13.9
Austria,2020,100.0,98.9006,99.2731,1.44,81.1927,9.7354,101.5609,76.493,11.419,5.201,83.7767,7.06,3.4,44.85,2.5,29.8,0.7,1.1,14.7
Belgium,2012,100.0,99.7126,81.7546,1.8,80.3854,11.6744,101.5204,66.938,12.345,7.542,85.6542,6.03,4.3,50.96,2.5,27.5,0.2,0.5,
Belgium,2013,100.0,99.6988,83.1035,1.76,80.5878,11.8088,103.1911,67.536,12.68,8.425,84.9206,5.96,4.2,50.96,2.5,27.7,0.1,0.5,
Belgium,2014,100.0,99.685,84.4615,1.74,81.2878,11.8352,103.1049,67.734,12.045,8.523,85.3867,5.87,4.2,50.95,2.5,28.1,0.1,0.3,
Belgium,2015,100.0,99.6712,85.8287,1.7,80.9927,12.0073,102.2438,67.596,12.182,8.482,84.8209,5.85,4.1,50.96,2.5,27.7,0.1,0.2,
Belgium,2016,100.0,99.6574,87.205,1.68,81.439,12.1512,102.0559,67.62,9.886,7.83,85.1692,5.77,4.1,50.97,2.5,27.6,0.1,0.3,
Belgium,2017,100.0,99.6436,88.5905,1.65,81.4927,12.3419,102.7529,67.987,9.855,7.09,85.5132,5.66,4.0,50.98,2.5,27.4,0.2,0.4,
Belgium,2018,100.0,99.6299,89.9852,1.62,81.5951,12.1806,102.5004,68.585,9.801,5.941,85.4219,5.61,4.0,51.0,2.5,27.2,0.1,0.2,14.8
Belgium,2019,100.0,99.6161,91.389,1.6,81.9951,12.2196,102.1486,69.018,9.25,5.364,85.216,5.56,3.9,51.01,2.5,27.2,0.1,0.2,14.1
Belgium,2020,100.0,99.6023,92.802,1.55,80.6951,11.5558,102.0643,68.558,9.994,5.545,84.5433,5.52,3.9,51.02,2.5,26.0,0.1,0.3,12.7
Bosnia and Herzegovina,2012,43.0,88.5083,36.5742,1.252,77.037,,89.2094,60.778,28.923,28.01,72.608,2.33,6.7,53.62,2.5,,,,
Bosnia and Herzegovina,2013,42.7,88.5909,39.6403,1.278,77.129,,89.487,60.801,26.634,27.49,74.571,2.26,6.7,53.93,2.5,,,,
Bosnia and Herzegovina,2014,42.1,88.6728,42.7721,1.262,77.089,,91.2244,60.774,27.097,27.517,76.9553,2.34,6.7,54.24,2.5,,,,
Bosnia and Herzegovina,2015,41.7,88.7433,46.0505,1.322,77.073,,94.6954,60.877,28.348,27.695,75.7778,2.36,6.7,54.57,2.5,,,,16.9
Bosnia and Herzegovina,2016,41.6,88.7625,49.4512,1.36,77.124,10.2866,96.1386,60.975,27.09,25.408,75.6007,2.39,6.8,54.9,2.5,,,,
Bosnia and Herzegovina,2017,41.3,88.8557,52.9758,1.419,77.385,,98.2436,61.092,25.506,20.527,75.4435,2.39,6.8,55.22,2.5,,,,
Bosnia and Herzegovina,2018,40.85,88.8646,56.6267,1.504,77.942,9.6308,99.7166,61.206,22.605,18.4,78.6428,2.38,6.8,55.55,2.5,,,,
Bosnia and Herzegovina,2019,40.3,88.7368,,1.509,77.394,10.1332,100.9297,61.259,22.598,15.692,75.1024,2.34,6.7,55.87,2.5,,,,
Bosnia and Herzegovina,2020,40.2,88.1527,,1.515,76.04,,100.2639,61.053,21.805,15.868,75.6821,,6.6,56.19,2.5,,,,
Bulgaria,2012,,95.9796,62.6293,1.5,74.3146,10.6909,100.3631,67.315,21.592,12.27,88.4123,6.45,9.9,49.95,4.8,36.0,3.0,16.8,
Bulgaria,2013,,96.5132,63.6662,1.54,74.861,11.4398,98.7912,68.537,20.954,12.941,88.267,6.66,9.3,50.18,4.2,36.6,3.3,15.2,
Bulgaria,2014,,97.0368,64.8251,1.62,74.4659,,99.2496,68.856,20.194,11.424,87.2523,6.99,8.7,50.4,4.2,37.4,2.7,13.2,
Bulgaria,2015,,96.9512,66.0574,1.64,74.6146,,99.1272,69.518,18.474,9.143,87.711,7.11,8.2,50.62,4.1,38.6,4.6,15.6,22.9
Bulgaria,2016,,96.8662,67.3129,1.67,74.8122,,98.0772,68.73,18.198,7.575,88.4402,7.15,7.7,50.83,4.2,40.6,3.1,11.6,23.4
Bulgaria,2017,,96.7818,68.5913,1.71,74.8146,12.731,97.5943,71.457,15.848,6.164,88.1119,7.34,7.3,51.03,3.4,40.4,2.0,11.7,22.0
Bulgaria,2018,,96.698,69.5913,1.73,74.9634,11.79,96.7923,71.511,13.844,5.211,88.0039,7.47,7.0,51.22,3.1,41.3,1.5,9.1,22.6
Bulgaria,2019,,96.6147,70.5974,1.79,75.1122,11.7067,96.4399,73.283,13.598,4.23,88.5641,7.66,6.7,51.39,3.0,40.3,1.6,8.2,23.8
Bulgaria,2020,,96.5321,71.6096,1.77,73.3561,11.915,96.5438,72.296,14.777,5.125,89.3254,7.77,6.5,51.57,2.8,40.5,0.7,5.8,22.1
Croatia,2012,100.0,86.4239,76.4827,1.52,77.1683,,98.7156,63.894,16.589,15.935,81.2074,5.8,5.2,58.11,2.5,32.5,1.1,10.3,19.5
Croatia,2013,100.0,86.5414,76.1395,1.46,77.5707,9.3971,98.5738,63.707,19.634,17.251,82.3303,5.79,5.1,58.72,2.5,32.0,1.2,9.4,19.4
Croatia,2014,100.0,86.5901,75.8013,1.46,77.7244,,98.9083,66.124,19.326,17.29,82.86,5.84,5.0,59.32,2.5,32.1,1.2,7.9,20.0
Croatia,2015,100.0,86.6422,75.6406,1.41,77.2756,,99.4908,66.999,18.119,16.175,82.7867,5.5,4.9,59.93,2.5,31.1,0.7,7.5,19.5
Croatia,2016,100.0,86.6978,75.4829,1.43,77.922,,98.7909,65.642,16.901,13.103,83.8346,5.43,4.9,60.55,2.5,30.9,0.9,6.0,20.0
Croatia,2017,100.0,86.7571,75.3284,1.42,77.7268,8.7888,99.2321,66.497,15.354,11.208,84.3999,5.46,4.8,61.16,2.5,30.4,0.6,5.6,19.3
Croatia,2018,100.0,86.8199,75.1756,1.47,77.9195,8.7395,98.8812,66.402,13.571,8.432,84.9087,5.52,4.8,61.77,2.5,29.7,0.5,3.5,18.3
Croatia,2019,100.0,86.8861,75.0254,1.47,78.2244,8.9088,99.0015,66.662,11.776,6.617,85.2485,5.58,4.7,62.38,2.5,28.9,0.4,3.1,18.3
Croatia,2020,100.0,86.9559,74.8778,1.48,77.5244,8.2154,99.4887,67.236,12.242,7.507,85.589,5.6,4.7,62.99,2.5,29.5,0.4,2.7,19.2
Czechia,2012,100.0,97.6356,89.8566,1.45,78.0756,9.4449,99.3586,71.581,9.23,6.979,81.5845,6.93,3.2,55.83,2.5,26.1,0.1,1.1,8.6
Czechia,2013,100.0,97.9071,89.9851,1.46,78.1756,9.4883,98.7805,72.848,9.453,6.953,82.4364,6.7,3.1,56.16,2.5,26.5,0.0,0.8,9.7
Czechia,2014,100.0,98.1117,90.1037,1.53,78.8244,9.3032,97.6822,73.476,8.416,6.108,82.0069,6.68,3.1,56.51,2.5,25.9,0.0,1.1,9.7
Czechia,2015,100.0,98.1442,90.2257,1.57,78.578,13.7159,96.9615,73.95,7.718,5.048,82.6614,6.68,3.2,56.88,2.5,25.9,0.0,0.7,9.7
Czechia,2016,100.0,98.1507,90.3477,1.63,79.0268,13.9705,96.9098,74.907,7.15,3.952,82.8404,6.69,3.2,57.26,2.5,25.4,0.0,0.8,9.1
Czechia,2017,100.0,98.1502,90.4713,1.69,78.978,9.7634,97.2325,75.76,6.405,2.893,82.8796,6.67,3.2,57.64,2.5,24.9,0.0,0.5,9.6
Czechia,2018,100.0,98.1496,90.5964,1.71,79.0293,10.5082,98.2728,76.431,5.738,2.246,83.0558,6.68,3.1,58.02,2.5,25.0,0.0,0.4,10.1
Czechia,2019,100.0,98.1489,90.723,1.71,79.2293,11.0654,99.2833,76.561,5.824,2.015,83.1991,6.66,3.0,58.4,2.5,25.3,0.0,0.3,9.5
Czechia,2020,100.0,98.1482,90.8512,1.74,78.2268,9.9995,99.7845,76.198,6.682,2.55,83.1139,6.6,2.9,58.77,2.5,26.2,0.0,0.5,8.6
Denmark,2012,100.0,97.5126,96.3274,1.73,80.0512,12.513,101.5107,77.17,7.346,7.798,90.7276,,4.1,44.71,2.5,27.8,0.0,0.9,
Denmark,2013,100.0,97.8358,96.6285,1.67,80.3,15.2368,101.2993,76.504,6.633,7.384,90.8721,3.06,4.1,44.72,2.5,28.5,0.3,0.8,
Denmark,2014,100.0,98.159,96.9276,1.69,80.7,13.8623,101.1769,76.522,6.394,6.925,91.0296,2.69,4.1,44.74,2.5,28.4,0.2,0.9,
Denmark,2015,100.0,98.4822,97.2245,1.71,80.7024,,100.8821,76.895,7.032,6.278,91.1332,2.53,4.1,44.76,2.5,28.2,0.2,0.5,
Denmark,2016,100.0,98.8054,97.5192,1.79,80.8537,14.7375,101.0415,77.414,6.72,5.989,91.2118,2.61,4.0,44.78,2.5,28.2,0.3,0.5,
Denmark,2017,100.0,99.1286,97.8119,1.75,81.1024,14.5648,100.778,77.866,7.582,5.833,91.6596,2.62,4.0,44.81,2.5,28.7,0.1,0.3,
Denmark,2018,100.0,99.4518,98.1024,1.73,80.9537,14.4371,100.749,78.197,7.683,5.131,91.8634,2.62,3.9,44.83,2.5,28.2,0.2,0.3,
Denmark,2019,100.0,99.775,98.3909,1.7,81.4512,14.608,100.551,79.043,7.722,5.018,91.6612,2.6,3.8,44.85,2.5,27.7,0.3,0.5,12.1
Denmark,2020,100.0,99.9188,98.6023,1.68,81.6024,13.8467,100.4596,78.921,7.444,5.637,91.476,2.59,3.7,44.87,2.5,27.5,0.2,0.5,12.3
Estonia,2012,100.0,95.8422,90.5699,1.56,76.3268,11.8633,98.3196,74.845,12.2,10.021,90.9811,5.53,3.9,53.53,2.5,32.9,1.0,5.2,18.6
Estonia,2013,100.0,96.2281,90.5019,1.52,77.1415,12.4781,97.6795,75.201,11.319,8.631,90.7499,4.9,3.6,53.9,2.5,35.1,1.1,5.3,21.8
Estonia,2014,100.0,96.613,90.4359,1.54,77.0341,11.5192,97.5923,75.32,11.75,7.352,90.6392,4.9,3.4,54.27,2.5,34.6,1.0,5.0,21.6
Estonia,2015,100.0,96.9968,90.4264,1.58,77.5902,12.8676,97.1191,76.324,11.482,6.412,90.4582,4.82,3.2,54.65,2.5,32.7,0.7,2.9,21.7
Estonia,2016,100.0,97.3796,90.4192,1.6,77.6415,12.9944,97.2923,77.216,9.569,6.882,90.1193,4.69,3.0,55.02,2.5,31.2,0.6,2.4,21.0
Estonia,2017,100.0,97.6947,90.4156,1.59,78.0927,12.5142,97.2501,78.324,10.026,5.807,89.8417,4.61,2.8,55.4,2.5,30.4,0.5,1.8,21.9
Estonia,2018,100.0,97.8881,90.4163,1.67,78.2439,13.2389,97.4559,78.665,10.348,5.412,89.6372,4.53,2.7,55.78,2.5,30.3,0.4,1.3,21.7
Estonia,2019,100.0,98.078,90.4212,1.66,78.6463,13.2011,98.1577,78.338,7.86,4.514,89.5863,4.53,2.5,56.15,2.5,30.8,0.7,1.7,20.7
Estonia,2020,100.0,98.2682,90.438,1.58,78.5951,12.1634,98.3467,78.626,9.204,6.956,89.2851,4.46,2.4,56.51,2.5,30.7,0.4,1.6,20.6
Finland,2012,100.0,98.387,88.343,1.8,80.6268,12.8808,99.7071,74.965,7.713,7.689,86.7738,5.29,2.8,54.24,2.5,27.1,0.1,0.2,11.8
Finland,2013,100.0,98.7213,88.4909,1.75,80.9756,12.5302,99.6918,75.028,9.406,8.193,86.4149,4.86,2.6,54.31,2.5,27.2,0.1,0.2,12.8
Finland,2014,100.0,99.0556,88.6387,1.71,81.1805,12.3926,99.6617,75.133,9.857,8.663,86.9609,4.53,2.6,54.38,2.5,26.8,0.1,0.2,12.4
Finland,2015,100.0,99.3898,88.7866,1.65,81.4805,12.6923,99.5672,75.543,10.59,9.376,85.7199,4.28,2.5,54.48,2.5,27.1,0.1,0.2,11.6
Finland,2016,100.0,99.6319,88.9344,1.57,81.4293,12.5433,99.508,75.667,9.239,8.818,86.2063,3.97,2.4,54.59,2.5,27.1,0.0,0.2,11.5
Finland,2017,100.0,99.6331,89.0823,1.49,81.6317,12.1305,99.4682,76.48,8.888,8.64,86.9881,3.75,2.4,54.71,2.5,27.4,0.1,0.2,12.0
Finland,2018,100.0,99.6345,89.2302,1.41,81.7341,11.9418,99.7032,77.74,7.746,7.361,87.1308,3.61,2.4,54.82,2.5,27.3,0.1,0.2,11.6
Finland,2019,100.0,99.6361,89.378,1.35,81.9829,12.274,99.5557,77.947,7.386,6.695,86.8232,3.35,2.3,54.93,2.5,27.7,0.0,0.2,12.2
Finland,2020,100.0,99.6379,89.5259,1.37,81.9317,11.8403,99.8176,78.079,9.365,7.759,86.5624,2.83,2.3,55.04,2.5,27.1,0.0,0.1,10.8
France,2012,100.0,98.4615,88.7947,2.01,81.9683,,102.5232,70.739,12.843,9.841,88.517,6.58,4.1,39.24,2.5,33.1,0.1,0.3,
France,2013,100.0,98.5896,88.8977,1.99,82.2195,,102.2764,71.239,13.434,9.913,88.7271,6.52,4.1,38.75,2.5,32.5,0.1,0.2,
France,2014,100.0,98.7184,89.0002,2.0,82.7195,,101.2803,70.999,13.5,10.273,88.3893,6.46,4.1,38.26,2.5,32.3,0.0,0.2,
France,2015,100.0,98.8482,89.102,1.96,82.322,,101.9896,71.223,13.967,10.354,88.41,6.4,4.2,37.76,2.5,32.7,0.1,0.4,
France,2016,100.0,98.9788,89.2033,1.92,82.5732,,102.2604,71.285,13.94,10.057,88.1862,6.32,4.2,37.26,2.5,31.9,0.1,0.3,
France,2017,100.0,99.1102,89.3039,1.89,82.5756,9.4768,102.4172,71.435,13.425,9.409,88.3979,6.23,4.2,36.76,2.5,31.6,0.0,0.1,
France,2018,100.0,99.2426,89.404,1.87,82.6756,9.6248,102.4644,71.871,13.082,9.018,88.354,6.16,4.2,36.26,2.5,32.4,0.0,0.1,
France,2019,100.0,99.3757,89.5035,1.86,82.8268,9.6963,102.4476,71.665,12.618,8.415,87.907,6.1,4.2,35.76,2.5,31.2,0.1,0.4,13.8
France,2020,100.0,99.5098,89.6024,1.83,82.1756,9.1718,102.6516,71.091,12.701,8.009,87.5955,6.0,4.2,35.26,2.5,30.7,0.1,0.4,
Germany,2012,100.0,99.8877,96.4623,1.41,80.539,10.7169,104.1405,77.15,7.231,5.372,88.3938,8.22,4.0,54.76,2.5,31.1,0.0,0.2,
Germany,2013,100.0,99.8907,96.491,1.42,80.4902,10.7177,103.6387,77.605,6.41,5.316,88.8422,8.17,4.0,54.69,2.5,31.5,0.0,0.2,
Germany,2014,100.0,99.8938,96.5196,1.47,81.0902,10.8451,102.6218,77.752,6.365,4.979,89.0874,8.14,4.0,54.6,2.5,30.8,0.0,0.5,
Germany,2015,100.0,99.8968,96.5483,1.5,80.6415,10.6988,102.7025,77.575,6.239,4.612,89.291,8.09,3.9,54.51,2.5,31.7,0.0,0.2,
Germany,2016,100.0,99.8998,96.578,1.6,80.9902,10.6137,101.4061,77.781,6.701,4.104,89.4732,8.06,3.9,54.43,2.5,31.4,0.0,0.2,
Germany,2017,100.0,99.9029,96.6086,1.57,80.9927,10.7218,101.7387,78.178,6.266,3.781,89.7129,8.01,3.8,54.34,2.5,31.3,0.2,0.5,
Germany,2018,100.0,99.9061,96.6401,1.57,80.8927,10.929,102.6454,78.511,6.011,3.384,90.0808,7.98,3.8,54.24,2.5,31.9,0.0,0.5,
Germany,2019,100.0,99.9093,96.6726,1.54,81.2927,11.0342,102.5475,79.208,5.607,3.163,90.4245,7.91,3.7,54.13,2.5,31.8,0.2,0.5,16.1
Germany,2020,100.0,99.9126,96.706,1.53,81.0415,10.7882,101.9967,78.535,7.295,3.881,91.1248,7.8,3.7,54.02,2.5,32.4,0.2,0.5,16.0
Greece,2012,100.0,98.9829,85.3685,1.34,80.6341,,99.5018,66.846,21.135,24.731,63.3564,4.48,4.0,59.44,2.5,36.3,2.1,9.0,23.1
Greece,2013,100.0,98.801,85.9816,1.29,81.2854,,98.7325,66.842,21.244,27.686,63.011,4.26,4.1,59.64,2.5,36.1,1.5,10.3,22.1
Greece,2014,100.0,98.6186,86.5922,1.3,81.3854,,97.9593,66.725,19.869,26.708,64.0329,4.25,4.2,59.84,2.5,35.8,2.0,9.5,21.4
Greece,2015,100.0,98.4359,87.2005,1.33,81.0366,7.1014,99.8291,66.982,17.896,24.981,65.0437,4.25,4.3,60.04,2.5,36.0,2.0,9.2,21.2
Greece,2016,100.0,98.2515,87.8065,1.38,81.3878,,99.3707,67.179,16.239,23.514,65.9096,4.21,4.3,60.24,2.5,35.0,1.4,8.0,20.2
Greece,2017,100.0,98.0558,88.4421,1.35,81.2878,7.1448,98.8267,67.181,15.885,21.413,65.9303,4.23,4.3,60.44,2.5,34.4,1.1,6.9,18.5
Greece,2018,100.0,97.8602,89.0849,1.35,81.7878,7.3631,97.8011,67.027,14.688,19.179,66.5163,4.24,4.2,60.63,2.5,32.9,0.2,5.1,17.9
Greece,2019,100.0,97.6645,89.7249,1.34,81.639,7.4594,97.6438,67.176,12.977,17.045,68.1028,4.24,4.1,60.82,2.5,33.1,1.0,4.8,17.7
Greece,2020,100.0,97.4688,90.3625,1.39,81.2878,,97.2832,66.197,13.53,15.899,68.1425,,4.0,61.02,2.5,33.6,1.1,5.1,19.6
Hungary,2012,100.0,86.3654,75.0569,1.34,75.0634,8.4341,101.07,65.547,14.785,11.003,88.2658,7.0,5.7,57.49,2.5,30.8,0.5,11.6,15.0
Hungary,2013,100.0,87.7143,77.1328,1.35,75.5659,8.3675,100.7059,66.606,15.466,10.177,88.7242,7.04,5.6,57.93,2.5,31.5,0.5,10.6,15.0
Hungary,2014,100.0,89.0651,79.2487,1.44,75.7634,9.1947,101.3144,68.705,13.619,7.725,88.6747,6.98,5.3,58.38,2.5,30.9,1.0,8.3,14.9
Hungary,2015,100.0,90.4176,81.4042,1.45,75.5683,8.9226,100.8277,70.461,11.581,6.813,88.9919,6.99,5.1,58.85,2.5,30.4,1.0,6.4,14.5
Hungary,2016,100.0,91.7722,83.5998,1.53,76.0634,9.8624,99.0286,72.071,11.047,5.115,89.183,7.0,4.7,59.32,2.5,30.3,1.6,4.3,13.4
Hungary,2017,100.0,93.1285,85.8349,1.54,75.8171,9.9477,98.4313,73.058,11.039,4.156,89.665,7.02,4.5,59.8,2.5,30.6,0.9,4.9,12.8
Hungary,2018,100.0,94.4863,87.8967,1.55,76.0659,10.0293,96.7522,74.011,10.73,3.708,89.5834,6.95,4.3,60.28,2.5,,,,12.3
Hungary,2019,100.0,95.8452,88.5378,1.55,76.3195,9.1641,96.6209,74.648,11.002,3.419,89.1721,6.91,4.1,60.76,2.5,,,,12.3
Hungary,2020,100.0,97.2051,89.1767,1.59,75.4195,8.0787,97.1749,75.021,11.713,4.25,87.9557,6.76,4.0,61.24,2.5,,,,12.6
Iceland,2012,100.0,96.578,,2.04,82.9171,15.8849,98.833,84.684,6.644,6.0,85.9468,3.24,2.6,55.17,2.5,26.8,0.0,0.4,9.3
Iceland,2013,100.0,97.1132,,1.93,82.061,16.2047,98.7876,85.647,6.474,5.376,86.0692,3.22,2.6,55.36,2.5,25.4,0.1,0.2,7.9
Iceland,2014,100.0,97.6484,,1.93,82.861,16.6743,98.7708,87.168,5.721,4.897,86.1289,3.16,2.6,55.55,2.5,27.8,0.0,0.2,9.2
Iceland,2015,100.0,98.1836,,1.8,82.4683,17.1551,98.6862,88.207,4.751,3.979,86.2024,3.12,2.6,55.76,2.5,26.8,0.0,0.2,8.8
Iceland,2016,100.0,98.7188,,1.74,82.2049,16.0048,98.9532,89.202,4.286,2.978,86.4706,3.13,2.6,56.02,2.5,27.2,0.0,0.2,10.1
Iceland,2017,100.0,99.254,,1.71,82.661,17.0772,98.8624,88.528,4.066,2.742,86.6694,3.06,2.6,56.3,2.5,26.1,0.0,0.1,8.8
Iceland,2018,100.0,99.7891,,1.71,82.861,17.2492,98.8867,87.356,5.305,2.704,86.978,2.87,2.7,56.58,2.5,26.6,0.3,0.6,
Iceland,2019,100.0,100.0,,1.74,83.1634,17.4432,98.8134,87.095,5.237,3.507,87.1814,2.8,2.7,56.81,2.5,26.8,0.1,0.4,
Iceland,2020,100.0,100.0,,1.72,83.0634,16.798,98.5561,84.88,6.655,5.478,87.205,2.83,2.7,56.99,2.5,,,,
Ireland,2012,100.0,85.0395,71.6968,1.98,80.8463,13.5225,102.1183,71.128,19.201,15.451,83.1714,2.56,4.0,62.85,2.5,33.2,0.5,1.6,
Ireland,2013,100.0,86.1441,73.0523,1.93,80.9488,13.1516,101.9583,71.795,16.44,13.735,82.9809,2.58,3.9,63.03,2.5,33.5,0.7,1.9,
Ireland,2014,100.0,87.2383,74.4251,1.89,81.3488,12.97,101.5422,71.84,15.287,11.858,83.1954,2.59,3.8,63.21,2.5,31.9,0.4,1.3,
Ireland,2015,100.0,88.322,75.815,1.85,81.4537,12.9243,101.1846,72.061,14.293,9.908,83.5346,2.94,3.7,63.4,2.5,31.8,0.4,0.9,
Ireland,2016,100.0,89.927,77.2222,1.81,81.6537,13.3105,101.3415,72.663,12.629,8.374,83.7699,2.98,3.6,63.61,2.5,32.8,0.3,0.9,
Ireland,2017,100.0,91.5246,78.648,1.77,82.1561,13.3672,100.8528,72.633,10.979,6.713,84.5589,2.99,3.5,63.81,2.5,31.4,0.3,0.6,
Ireland,2018,100.0,93.114,79.9907,1.75,82.2049,13.3402,101.0329,72.939,10.113,5.741,84.9843,2.99,3.4,64.0,2.5,30.6,0.1,0.1,
Ireland,2019,100.0,93.6872,80.1886,1.71,82.7024,13.5307,100.9809,73.251,10.182,4.95,85.6014,2.9,3.4,64.19,2.5,30.3,0.1,0.2,13.8
Ireland,2020,100.0,94.1646,80.3905,1.63,82.4561,11.9695,101.3688,71.883,12.103,5.623,85.4782,2.91,3.5,64.37,2.5,29.2,0.2,0.2,12.9
Italy,2012,100.0,96.1269,78.7558,1.42,82.239,7.9928,100.029,63.464,20.971,10.655,75.2599,3.38,3.8,49.34,2.5,35.2,1.4,3.2,19.3
Italy,2013,100.0,96.2001,78.7002,1.39,82.6902,8.098,101.1119,63.316,22.166,12.149,75.3484,3.31,3.7,49.31,2.5,34.9,1.6,3.4,19.4
Italy,2014,100.0,96.2734,78.6445,1.38,83.0902,7.9666,100.7523,63.892,22.183,12.683,75.5327,3.24,3.6,49.28,2.5,34.7,1.4,3.3,19.9
Italy,2015,100.0,96.3219,78.5888,1.36,82.5439,8.0691,100.3719,63.976,21.457,11.896,75.8336,3.22,3.5,49.25,2.5,35.4,2.1,4.0,20.6
Italy,2016,100.0,96.3704,78.5331,1.36,83.2439,7.7491,99.8128,64.881,19.974,11.688,76.3061,3.2,3.4,49.23,2.5,35.2,1.8,3.5,20.3
Italy,2017,100.0,96.4189,78.4774,1.34,82.9463,8.2542,102.8031,65.381,20.2,11.211,77.0211,3.21,3.3,49.22,2.5,35.9,1.5,3.5,20.3
Italy,2018,100.0,96.4674,78.4217,1.31,83.3463,8.7766,102.895,65.581,19.356,10.61,77.3023,3.17,3.2,49.21,2.5,35.2,1.7,3.3,20.1
Italy,2019,100.0,96.5159,78.366,1.27,83.4976,8.4224,102.9594,65.69,18.242,9.951,77.5025,3.16,3.1,49.18,2.5,34.6,1.0,2.9,20.0
Italy,2020,100.0,96.5644,78.3104,1.24,82.1951,7.7804,102.6367,64.086,19.019,9.164,77.7091,3.18,3.0,49.16,2.5,35.2,0.9,2.4,20.1
Latvia,2012,100.0,94.2517,84.8462,1.44,73.778,17.7365,101.0487,74.487,14.895,15.047,86.2482,5.83,6.6,54.51,2.5,35.2,1.4,12.5,19.4
Latvia,2013,100.0,94.5171,85.5135,1.52,73.9829,18.744,100.3863,74.037,13.03,11.867,86.1385,5.75,6.0,55.0,2.5,35.5,1.5,10.0,21.2
Latvia,2014,100.0,94.7823,86.1805,1.65,74.1244,13.9724,99.8528,74.484,12.024,10.846,86.2542,5.61,5.5,55.48,2.5,35.1,1.1,8.4,22.5
Latvia,2015,100.0,95.0477,87.0263,1.7,74.4805,14.1274,99.3933,75.692,10.518,9.873,86.0604,5.65,5.1,55.97,2.5,34.2,1.0,5.7,21.8
Latvia,2016,100.0,95.3144,87.8769,1.74,74.5805,12.8933,99.1985,76.241,11.205,9.643,85.9272,5.68,4.7,56.46,2.5,34.3,1.0,5.5,22.1
Latvia,2017,100.0,95.5822,88.7323,1.69,74.6293,11.9713,99.3678,77.028,11.956,8.715,86.6666,5.53,4.5,56.95,2.5,35.6,1.0,5.4,23.3
Latvia,2018,100.0,95.8509,89.5923,1.6,74.7829,11.1525,99.6144,77.489,7.897,7.412,86.6574,5.47,4.2,57.43,2.5,35.1,0.6,3.6,22.9
Latvia,2019,100.0,96.1201,90.4568,1.61,75.3878,11.7682,99.9834,77.551,9.24,6.312,86.8597,5.42,4.0,57.91,2.5,34.5,0.3,3.3,21.6
Latvia,2020,100.0,96.3897,91.3257,1.55,75.1854,11.7195,99.8328,78.187,8.547,8.098,86.3234,5.3,3.7,58.39,2.5,35.7,0.5,2.9,23.4
Lithuania,2012,100.0,85.8757,88.5925,1.6,73.8634,13.536,101.8544,71.826,11.171,13.365,88.9463,7.26,5.3,55.89,2.5,35.1,1.1,8.7,20.6
Lithuania,2013,100.0,87.6146,89.3577,1.59,73.9146,13.288,101.7546,72.427,11.144,11.77,88.2275,7.14,5.1,56.15,2.5,35.3,1.2,7.0,19.1
Lithuania,2014,100.0,89.3646,90.1312,1.57,74.5171,13.1901,100.9779,73.735,9.911,10.698,87.896,7.11,5.1,56.41,2.5,37.7,1.7,7.8,22.2
Lithuania,2015,100.0,91.1256,90.905,1.63,74.322,12.2883,101.5423,74.144,9.196,9.12,87.7294,6.83,5.0,56.68,2.5,37.4,1.0,6.8,21.9
Lithuania,2016,100.0,92.8984,91.6807,1.63,74.6707,12.0252,104.2231,75.466,9.405,7.862,87.6656,6.54,4.9,56.97,2.5,38.4,1.5,5.6,22.9
Lithuania,2017,100.0,94.4845,92.458,1.57,75.4805,11.7656,106.4109,75.968,9.149,7.073,87.9937,6.39,4.6,57.25,2.5,37.3,1.2,5.0,22.9
Lithuania,2018,100.0,94.9357,93.2364,1.53,75.6805,11.7427,106.0574,77.339,8.039,6.147,88.3338,6.27,4.2,57.54,2.5,35.7,1.0,3.4,20.6
Lithuania,2019,100.0,95.3858,94.0153,1.43,76.2829,11.7495,104.7061,78.022,8.649,6.255,88.343,6.22,3.9,57.83,2.5,35.3,0.6,2.3,20.9
Lithuania,2020,100.0,95.7255,94.7744,1.36,75.0293,10.769,103.4682,78.533,10.76,8.487,88.2403,5.96,3.7,58.11,2.5,36.0,0.5,1.8,20.0
Luxembourg,2012,100.0,99.7892,92.599,1.57,81.3927,9.2746,98.7364,69.289,5.736,5.03,91.0042,5.16,2.7,51.75,2.5,34.3,0.0,0.3,
Luxembourg,2013,100.0,99.7583,92.9112,1.55,81.8,,97.7293,69.627,5.364,6.045,90.7926,5.17,2.6,51.73,2.5,32.0,0.1,0.3,
Luxembourg,2014,100.0,99.7292,93.2229,1.5,82.2293,9.4937,97.3061,70.224,6.344,6.044,91.2984,5.06,2.6,51.7,2.5,31.2,0.2,0.3,
Luxembourg,2015,100.0,99.7018,93.5342,1.47,82.2927,9.3344,97.4023,71.309,5.808,6.796,88.7868,4.96,2.6,51.67,2.5,32.9,0.3,0.8,
Luxembourg,2016,100.0,99.676,93.8452,1.41,82.6854,,97.4096,70.625,6.219,6.669,88.5382,4.81,2.5,51.66,2.5,31.7,0.1,0.6,
Luxembourg,2017,100.0,99.6516,94.1557,1.39,82.0951,8.4463,96.7352,70.107,6.195,5.523,89.8277,4.66,2.5,51.64,2.5,34.5,0.3,1.1,
Luxembourg,2018,100.0,99.6286,94.4659,1.38,82.2951,8.6433,97.3428,71.006,5.599,5.589,90.886,4.51,2.5,51.62,2.5,35.4,0.3,0.8,
Luxembourg,2019,100.0,99.6332,94.7759,1.34,82.639,8.6764,98.3345,71.916,4.775,5.592,89.6913,4.26,2.5,51.59,2.5,34.2,0.1,0.3,17.4
Luxembourg,2020,100.0,99.6376,95.0855,1.36,82.1439,8.195,98.6442,72.112,6.712,6.766,90.5118,4.19,2.5,51.56,2.5,33.4,0.0,0.0,
Moldova,2012,94.3,67.2929,,1.661,70.344,20.742,93.798,65.988,19.282,2.151,42.9791,6.32,16.3,56.87,5.7,29.2,0.5,27.3,
Moldova,2013,95.1,69.8222,,1.622,70.291,18.2765,93.7649,66.441,18.627,1.873,42.1782,6.08,16.0,57.29,4.4,28.5,0.1,22.5,
Moldova,2014,95.8,72.3828,,1.82,70.241,18.7651,107.4314,70.966,16.564,1.425,40.4352,6.03,15.8,57.72,3.8,26.8,0.0,21.4,
Moldova,2015,96.3,72.6987,,1.87,70.118,18.2387,105.7277,72.21,15.899,1.742,39.1425,5.74,15.5,58.16,3.3,27.0,0.1,19.0,
Moldova,2016,96.8,73.0217,,1.89,70.179,18.6216,104.47,71.926,16.272,1.557,38.0941,5.83,15.3,58.6,2.5,26.3,0.2,19.1,
Moldova,2017,97.2,73.3511,,1.81,70.375,18.4328,103.6858,70.446,16.922,1.586,39.6453,5.78,15.2,59.05,2.5,25.9,0.1,18.8,
Moldova,2018,97.5,73.6867,,1.81,70.236,17.5677,103.3374,68.737,17.83,1.196,40.185,5.77,15.1,59.49,2.5,25.7,0.0,15.5,
Moldova,2019,97.7,74.0282,,1.78,70.181,19.4644,105.0749,71.473,17.479,1.466,40.4401,5.8,15.0,59.92,2.5,26.0,0.0,16.1,25.2
Moldova,2020,97.9,74.3754,,1.77,69.914,17.9938,106.52,71.839,15.592,1.186,40.5374,5.57,14.9,60.35,2.5,25.0,0.0,16.7,26.8
Montenegro,2012,62.4,84.6268,37.4641,1.72,76.3,,99.0703,58.596,16.94,19.808,83.7606,3.9,5.4,47.02,2.5,41.2,5.6,29.5,25.2
Montenegro,2013,62.3,84.7469,38.7064,1.73,76.4902,,,58.861,17.874,19.585,84.01,3.81,4.9,47.32,2.5,39.0,5.2,28.2,24.1
Montenegro,2014,62.0,84.866,39.9349,1.75,76.339,,,61.538,17.72,18.054,81.1495,3.86,4.5,47.62,2.5,38.8,3.9,25.9,24.4
Montenegro,2015,61.9,84.9843,41.1497,1.7,76.6024,,101.2036,62.348,19.154,17.555,79.1185,3.86,4.1,47.92,2.5,39.0,3.6,24.6,24.0
Montenegro,2016,61.6,85.0908,42.3507,1.8,76.5415,,100.1746,63.066,18.398,17.732,78.5259,3.86,3.8,48.22,2.5,38.5,3.3,20.1,23.6
Montenegro,2017,61.8,85.1754,43.5378,1.8,76.6854,,100.9433,63.162,16.687,16.082,78.025,3.8,3.6,48.51,2.5,36.9,4.6,19.2,23.8
Montenegro,2018,61.6,85.2588,44.7082,1.8,77.8854,,103.2645,64.406,16.298,15.19,78.138,3.86,3.3,48.8,2.5,36.8,3.9,21.1,24.5
Montenegro,2019,61.5,85.341,45.5965,1.8,76.6829,,103.6517,65.909,17.345,15.128,79.4093,3.81,3.2,49.09,2.5,35.7,2.5,17.6,22.6
Montenegro,2020,61.5,85.422,46.4597,1.75,75.9317,,103.8466,61.239,21.094,17.878,78.4762,3.81,3.0,49.38,2.5,35.4,2.2,17.6,21.2
Netherlands,2012,100.0,99.9784,97.4728,1.72,81.1049,11.265,107.0482,81.603,5.036,5.821,85.0706,3.77,4.2,47.34,2.5,27.6,0.1,0.3,
Netherlands,2013,100.0,99.9768,97.4759,1.68,81.3049,11.5354,,81.912,5.969,7.241,84.1829,3.68,4.2,47.2,2.5,28.1,0.1,0.3,
Netherlands,2014,100.0,99.9753,97.4791,1.71,81.7073,11.5578,,81.562,5.829,7.419,83.9687,3.53,4.1,47.05,2.5,28.6,0.1,0.4,
Netherlands,2015,100.0,99.9737,97.4822,1.66,81.5098,11.6637,106.0594,82.184,4.22,6.872,83.8378,3.47,4.1,46.91,2.5,28.2,0.1,0.4,12.7
Netherlands,2016,100.0,99.9721,97.4853,1.66,81.561,12.2721,105.6804,82.188,4.594,6.007,83.8964,3.39,4.1,46.77,2.5,28.2,0.1,0.4,13.2
Netherlands,2017,100.0,99.9705,97.4884,1.62,81.761,11.8981,105.0394,82.222,4.182,4.837,84.0645,3.26,4.0,46.63,2.5,28.5,0.2,0.4,13.3
Netherlands,2018,100.0,99.969,97.4916,1.59,81.8122,12.4101,104.5611,82.768,4.027,3.832,84.0372,3.17,4.0,46.49,2.5,28.1,0.1,0.4,13.2
Netherlands,2019,100.0,99.9674,97.4947,1.57,82.1122,12.0098,104.5789,83.393,4.256,3.379,84.1993,3.02,4.0,46.35,2.5,29.2,0.1,0.4,13.4
Netherlands,2020,100.0,99.9658,97.4975,1.54,81.3585,11.0668,104.3388,83.414,4.673,3.82,82.9267,2.91,4.0,46.21,2.5,26.0,0.0,0.3,14.4
North Macedonia,2012,70.7,80.4008,12.6486,1.5,74.9024,,92.9667,63.202,25.05,31.096,73.2032,4.32,10.2,57.81,3.8,38.1,9.1,37.8,24.2
North Macedonia,2013,71.7,80.429,12.5976,1.5,75.4,,96.9781,64.093,24.315,29.017,71.9039,4.37,10.7,58.2,3.8,36.2,7.4,36.5,22.1
North Macedonia,2014,72.7,80.4603,12.5433,1.5,75.4512,,95.9001,64.513,25.495,28.215,73.3315,4.32,11.1,58.59,3.6,35.2,6.4,32.4,21.5
North Macedonia,2015,73.6,80.4943,12.4856,1.49,75.4024,,96.8858,63.936,24.907,26.395,73.9365,4.31,11.3,59.0,3.5,35.6,7.0,30.4,21.9
North Macedonia,2016,75.0,80.5313,12.4242,1.5,75.4,,,63.614,24.807,24.312,76.1354,4.29,10.8,59.4,3.2,34.5,5.7,27.0,22.2
North Macedonia,2017,75.9,80.5711,12.359,1.43,75.9537,,95.2024,63.937,25.344,22.857,76.836,4.2,9.7,59.8,2.9,34.2,5.6,24.7,21.9
North Macedonia,2018,76.45,80.4972,12.2057,1.42,76.6488,,95.5604,63.797,24.496,21.208,77.3703,4.14,8.3,60.2,2.6,33.0,4.3,22.7,21.6
North Macedonia,2019,77.6,80.543,12.1923,1.34,76.6024,,93.6538,64.791,18.669,17.414,79.3954,4.19,7.0,60.6,2.8,33.5,3.9,20.5,21.8
North Macedonia,2020,78.9,80.5915,12.2049,1.31,74.3951,,93.4353,64.132,19.844,16.575,82.4008,4.22,5.9,61.0,2.8,,,,23.0
Norway,2012,100.0,99.3982,77.2572,1.85,81.4512,17.2821,99.6305,79.127,6.235,3.129,93.0696,3.97,3.0,54.75,2.5,25.7,0.1,0.4,10.9
Norway,2013,100.0,99.3702,77.3102,1.78,81.7512,17.1192,99.6446,79.168,6.152,3.425,93.0912,3.86,2.9,55.04,2.5,26.4,0.2,0.4,10.9
Norway,2014,100.0,99.3423,77.3638,1.75,82.1,16.9021,99.4922,78.837,6.43,3.486,92.6123,3.84,2.8,55.32,2.5,26.8,0.1,0.4,11.9
Norway,2015,100.0,99.3143,77.4179,1.72,82.3049,15.6076,99.374,79.181,6.239,4.296,92.8742,3.76,2.7,55.6,2.5,27.5,0.2,0.4,12.2
Norway,2016,100.0,99.2863,77.4726,1.71,82.4073,15.8407,99.2261,79.021,6.435,4.68,93.0104,3.68,2.6,55.88,2.5,28.5,0.3,0.7,12.3
Norway,2017,100.0,99.2583,77.5278,1.62,82.6098,15.9397,99.2715,78.385,5.905,4.164,93.3342,3.6,2.5,56.15,2.5,27.0,0.3,0.6,12.9
Norway,2018,100.0,99.2304,77.5836,1.56,82.7585,15.9257,99.1744,78.889,5.566,3.801,93.4956,3.53,2.5,56.41,2.5,27.6,0.3,0.5,12.7
Norway,2019,100.0,99.2024,77.64,1.53,82.9585,15.6655,99.0807,79.333,5.443,3.684,93.6424,3.47,2.4,56.67,2.5,27.7,0.2,0.5,12.7
Norway,2020,100.0,99.1744,77.697,1.48,83.2098,14.7643,98.8857,79.391,6.152,4.424,93.8751,3.4,2.4,56.94,2.5,28.4,0.3,0.5,12.6
Poland,2012,100.0,92.3181,94.4347,1.33,76.7463,11.1955,100.6808,66.655,13.531,10.031,77.6056,6.53,5.4,57.08,2.5,33.0,0.4,5.1,17.3
Poland,2013,100.0,92.1882,95.1587,1.29,77.0,11.5664,100.0735,67.159,14.085,10.293,78.1702,6.51,5.2,57.66,2.5,33.1,0.6,4.9,17.0
Poland,2014,100.0,92.0511,95.8873,1.32,77.6024,11.5705,99.5637,68.036,13.716,8.971,78.647,6.53,5.0,58.25,2.5,32.8,0.6,4.7,17.6
Poland,2015,100.0,91.907,96.6135,1.32,77.4512,11.5372,,68.363,11.841,7.475,78.7676,6.54,4.9,58.83,2.5,31.8,0.5,3.9,17.3
Poland,2016,100.0,91.7584,97.2859,1.39,77.8512,11.2716,,69.057,11.544,6.141,79.2835,6.54,4.8,59.42,2.5,31.2,0.4,2.7,15.0
Poland,2017,100.0,91.6054,97.6851,1.48,77.7537,11.044,97.6803,69.775,10.585,4.867,79.5846,6.53,4.6,59.99,2.5,29.7,0.4,2.1,14.8
Poland,2018,100.0,91.448,97.834,1.46,77.6024,11.1106,94.4898,70.316,9.974,3.835,79.7257,6.44,4.5,60.55,2.5,30.2,0.3,1.8,15.4
Poland,2019,100.0,91.286,97.829,1.44,77.9049,11.1712,94.945,70.76,9.573,3.267,79.9915,6.09,4.4,61.11,2.5,28.8,0.1,1.0,14.8
Poland,2020,100.0,90.7561,97.8296,1.39,76.4,10.0572,82.2115,71.124,10.136,3.155,79.4437,6.11,4.4,61.66,2.5,28.5,0.2,1.2,11.8
Portugal,2012,100.0,94.3903,74.6036,1.28,80.3732,10.1238,108.3954,73.406,13.909,15.531,77.9333,3.4,3.7,54.64,2.5,36.0,0.9,6.5,18.7
Portugal,2013,100.0,94.4711,77.2073,1.21,80.722,10.5585,109.3736,73.024,14.071,16.188,78.0854,3.39,3.6,54.63,2.5,36.2,1.0,6.9,19.5
Portugal,2014,100.0,94.5497,79.8698,1.24,81.122,9.9133,107.8133,73.213,12.282,13.897,80.2759,3.32,3.6,54.61,2.5,35.6,0.8,5.9,19.5
Portugal,2015,100.0,94.6263,82.5894,1.31,81.1244,10.1475,106.2294,73.386,11.269,12.447,81.5977,3.37,3.6,54.61,2.5,35.5,0.7,4.4,19.0
Portugal,2016,100.0,94.7008,85.3649,1.37,81.1244,,105.0359,73.71,10.552,11.068,82.2504,3.39,3.6,54.61,2.5,35.2,0.4,4.4,18.3
Portugal,2017,100.0,94.7732,88.1946,1.38,81.4244,11.0554,104.2097,74.653,9.337,8.869,83.0335,3.39,3.6,54.61,2.5,33.8,0.4,3.0,17.3
Portugal,2018,100.0,94.8435,90.8684,1.42,81.3244,10.8121,104.3786,75.123,8.373,6.994,83.3621,3.44,3.5,54.6,2.5,33.5,0.4,2.7,17.2
Portugal,2019,100.0,94.9118,91.4071,1.44,81.6756,10.9092,104.8977,75.529,8.02,6.464,83.158,3.51,3.5,54.6,2.5,32.8,0.2,1.9,16.2
Portugal,2020,100.0,94.9781,91.8817,1.42,81.3293,9.9047,105.7535,74.177,9.143,6.801,83.3431,3.53,3.4,54.62,2.5,34.7,0.6,2.9,18.4
Romania,2012,100.0,81.9266,63.6735,1.52,74.4122,8.4358,96.2415,57.526,16.807,6.794,66.641,6.57,11.2,54.94,2.5,36.5,8.4,36.9,23.0
Romania,2013,100.0,81.9161,65.8634,1.46,75.0634,8.9641,,57.825,16.959,7.096,67.1822,6.65,10.5,55.96,2.5,36.9,8.7,36.4,25.1
Romania,2014,100.0,81.9056,68.1259,1.56,74.9098,9.257,,58.815,17.013,6.802,67.9177,6.68,9.9,56.99,2.5,36.0,8.9,32.7,25.4
Romania,2015,100.0,81.9019,70.468,1.62,74.9122,9.0945,89.0534,59.937,18.084,6.812,71.0248,6.76,9.2,58.02,2.5,35.9,7.6,30.9,25.3
Romania,2016,100.0,81.9056,72.8908,1.69,75.2098,9.5106,87.5896,60.302,17.382,5.901,73.391,6.81,8.5,59.06,2.5,34.4,5.2,24.0,23.6
Romania,2017,100.0,81.9158,75.3941,1.78,75.2098,10.0527,87.2724,62.01,15.154,4.927,73.6946,6.85,7.9,60.09,2.5,36.0,4.9,17.9,23.5
Romania,2018,100.0,81.9334,77.9791,1.76,75.3585,10.461,91.3751,62.541,14.517,4.187,74.7788,6.92,7.3,61.1,2.5,35.8,3.7,14.3,23.8
Romania,2019,100.0,81.9577,80.6459,1.77,75.6073,10.7055,92.614,63.43,14.657,3.912,75.7719,7.0,6.8,62.11,2.5,34.8,3.1,11.9,23.4
Romania,2020,100.0,81.9888,83.1414,1.8,74.2537,9.3997,91.9047,64.141,14.754,5.035,76.2329,7.06,6.6,63.11,2.5,34.6,2.4,10.8,22.5
Serbia,2012,69.7,74.7285,27.7401,1.45,74.8366,,100.5713,61.641,21.651,24.0,69.6071,5.16,7.1,51.32,2.5,39.9,7.1,29.2,24.5
Serbia,2013,70.8,74.7394,27.4851,1.43,75.1854,,100.8955,62.721,19.787,22.154,67.5582,5.21,6.8,51.59,2.5,39.4,7.8,33.0,25.0
Serbia,2014,71.8,74.7506,27.2245,1.46,75.3366,,101.1312,63.268,20.997,19.223,68.2891,5.22,6.6,51.87,2.5,40.4,8.9,32.9,26.7
Serbia,2015,73.2,74.7617,26.9582,1.46,75.2878,,101.3429,63.467,20.363,17.66,69.8408,5.27,6.3,52.16,2.5,40.5,8.4,31.8,25.9
Serbia,2016,74.3,74.7731,26.6862,1.46,75.6878,8.693,100.5713,65.413,18.076,15.257,68.5769,5.27,6.1,52.45,2.5,38.8,8.1,29.0,25.7
Serbia,2017,75.7,74.7872,26.407,1.49,75.539,9.2565,100.3129,66.484,17.583,13.477,69.4269,5.27,5.9,52.75,2.5,36.1,6.6,26.2,24.3
Serbia,2018,76.9,74.8043,26.1205,1.49,75.8902,8.8043,100.3019,67.571,16.98,12.733,71.7423,5.3,5.8,53.04,2.5,35.0,4.2,20.7,23.0
Serbia,2019,78.5,74.8241,25.7981,1.52,75.9366,8.6046,99.6447,67.824,15.663,10.395,72.3005,5.34,5.7,53.34,2.5,34.5,2.7,15.1,22.4
Serbia,2020,79.5,74.8469,25.453,1.48,74.478,,97.7058,67.36,16.177,9.011,73.0106,5.35,5.5,53.64,2.5,35.0,2.0,12.6,21.4
Slovak Republic,2012,100.0,98.8778,82.893,1.34,76.1098,9.3874,99.1329,69.517,14.372,13.966,84.5234,5.91,6.6,55.62,5.8,26.1,0.5,5.0,12.8
Slovak Republic,2013,100.0,98.9356,82.7639,1.34,76.4122,9.5799,98.6928,69.955,14.256,14.226,84.4236,5.8,6.4,56.1,5.6,28.1,0.4,5.0,12.6
Slovak Republic,2014,100.0,98.9935,82.6341,1.37,76.8122,9.7461,98.5119,70.841,14.071,11.536,84.872,5.78,6.3,56.6,5.7,26.1,0.9,5.2,12.3
Slovak Republic,2015,100.0,99.0513,82.7015,1.4,76.5634,10.0485,98.3121,71.069,13.973,11.492,84.8428,5.75,6.2,57.1,5.7,26.5,0.8,5.0,12.7
Slovak Republic,2016,100.0,99.1091,82.7725,1.48,77.1659,9.1684,97.621,72.029,12.688,9.679,84.5593,5.78,6.1,57.6,5.3,25.2,1.5,4.8,12.4
Slovak Republic,2017,100.0,99.1669,82.8473,1.52,77.1659,9.9563,98.266,72.253,12.326,8.142,84.7329,5.82,6.0,58.11,4.1,23.2,0.6,3.0,12.2
Slovak Republic,2018,100.0,99.2247,82.9185,1.54,77.2659,9.9646,97.0244,72.508,10.405,6.544,85.1598,5.7,6.0,58.6,3.3,25.0,0.5,3.8,11.9
Slovak Republic,2019,100.0,99.2825,82.9935,1.57,77.6659,10.5454,97.9946,72.715,10.479,5.761,84.946,5.76,5.9,59.09,2.8,23.2,0.2,2.5,11.4
Slovak Republic,2020,100.0,99.3403,83.0721,1.59,76.8659,10.6499,99.9172,72.444,10.748,6.719,85.0551,5.68,5.9,59.58,2.7,24.2,0.3,2.3,12.3
Slovenia,2012,100.0,93.4997,68.5953,1.58,80.1244,11.3391,98.2143,70.735,9.277,8.841,83.0811,4.52,2.9,53.77,2.5,25.6,0.0,0.5,14.5
Slovenia,2013,100.0,94.068,71.2406,1.55,80.322,9.4719,98.6007,70.847,9.239,10.103,82.318,4.52,2.8,53.81,2.5,26.2,0.0,0.6,14.5
Slovenia,2014,100.0,94.6363,73.9391,1.58,81.078,10.5689,98.5872,71.105,9.417,9.668,81.2571,4.51,2.7,53.85,2.5,25.7,0.0,0.3,14.3
Slovenia,2015,100.0,95.2045,76.6915,1.57,80.7756,10.012,98.3816,71.912,9.506,8.962,83.0826,4.48,2.6,53.92,2.5,25.4,0.0,0.4,13.9
Slovenia,2016,100.0,95.7727,79.498,1.58,81.1756,10.3266,97.9816,71.753,8.032,8.0,84.8297,4.43,2.6,54.02,2.5,24.8,0.0,0.3,13.3
Slovenia,2017,100.0,96.3408,81.4642,1.62,81.0293,10.8129,98.1781,74.28,6.518,6.564,84.4353,4.43,2.5,54.14,2.5,24.2,0.0,0.1,13.3
Slovenia,2018,100.0,96.9089,82.4431,1.6,81.378,11.302,99.4631,75.098,6.619,5.108,84.6533,4.36,2.4,54.26,2.5,24.6,0.0,0.2,12.0
Slovenia,2019,100.0,97.4769,83.4265,1.61,81.5293,11.2712,99.8418,75.274,7.029,4.446,85.7253,4.38,2.4,54.4,2.5,24.4,0.0,0.1,12.4
Slovenia,2020,100.0,98.0448,83.7379,1.59,80.5317,10.4621,100.2315,74.794,7.683,4.971,85.8789,4.25,2.4,54.55,2.5,24.0,0.0,0.1,11.7
Spain,2012,100.0,99.6499,90.982,1.32,82.4268,9.0582,100.4734,74.255,16.836,24.789,82.9387,2.99,3.6,54.65,2.5,35.4,1.0,3.7,20.4
Spain,2013,100.0,99.6233,90.7525,1.27,83.078,9.3767,103.1076,74.326,17.903,26.094,82.5172,2.96,3.5,54.2,2.5,36.2,1.3,4.2,22.2
Spain,2014,100.0,99.5966,90.5205,1.32,83.2293,9.4887,102.5385,74.279,15.749,24.441,82.0611,2.97,3.4,53.73,2.5,36.1,0.9,4.3,22.1
Spain,2015,100.0,99.5994,90.2857,1.33,82.8317,9.727,102.1442,74.404,14.603,22.057,82.5966,2.98,3.3,53.25,2.5,36.2,1.1,3.8,22.3
Spain,2016,100.0,99.5839,90.0486,1.33,83.3293,9.951,102.1301,74.342,13.793,19.635,83.3247,2.97,3.3,52.76,2.5,35.8,1.3,4.0,21.6
Spain,2017,100.0,99.5684,89.804,1.31,83.2829,10.1796,102.5051,74.092,12.151,17.224,83.3068,2.97,3.2,52.27,2.5,34.7,0.8,2.9,21.5
Spain,2018,100.0,99.5528,89.556,1.26,83.4317,9.9958,102.6387,73.74,11.841,15.255,83.8995,2.97,3.2,51.78,2.5,34.7,1.0,3.2,20.7
Spain,2019,100.0,99.5372,89.3056,1.23,83.8317,10.0043,103.1853,73.764,11.584,14.104,84.2558,2.95,3.2,51.29,2.5,34.3,0.9,2.9,21.0
Spain,2020,100.0,99.5216,89.053,1.18,82.2317,9.4323,103.4104,72.267,13.682,15.532,83.8651,2.95,3.2,50.82,2.5,34.9,1.1,3.4,21.7
Sweden,2012,100.0,99.5711,95.2281,1.91,81.7049,15.0751,99.5537,80.303,7.898,7.976,89.5475,2.65,3.0,49.56,2.5,27.6,0.5,1.2,16.0
Sweden,2013,100.0,99.5909,95.2401,1.89,81.9561,14.8873,118.1354,81.1,7.517,8.052,89.4088,2.58,2.9,49.65,2.5,28.8,0.7,1.4,15.6
Sweden,2014,100.0,99.6103,95.2517,1.88,82.2537,15.045,118.0299,81.498,7.254,7.954,89.6638,2.52,2.9,49.75,2.5,28.4,0.5,1.2,16.3
Sweden,2015,100.0,99.6295,95.263,1.85,82.2049,15.1867,119.6242,81.753,6.809,7.432,89.7405,2.43,2.9,49.84,2.5,29.2,0.6,1.2,16.2
Sweden,2016,100.0,99.6485,95.2739,1.85,82.3073,15.4642,121.4488,82.066,6.589,6.99,90.0083,2.33,2.8,49.94,2.5,29.6,0.4,1.0,15.8
Sweden,2017,100.0,99.6671,95.2844,1.78,82.4098,15.537,122.8961,82.518,6.273,6.718,90.14,2.21,2.8,50.04,2.5,28.8,0.3,0.8,16.4
Sweden,2018,100.0,99.6855,95.2945,1.76,82.5585,15.515,123.7547,82.736,6.174,6.365,90.2815,2.14,2.7,50.15,2.5,30.0,0.9,1.5,17.1
Sweden,2019,100.0,99.7037,95.304,1.71,83.1098,15.7452,120.5968,82.928,5.527,6.833,90.1503,2.07,2.6,50.24,2.5,29.3,0.4,1.0,16.1
Sweden,2020,100.0,99.7216,95.3131,1.67,82.3561,15.3117,119.5001,82.519,6.517,8.291,90.0763,2.05,2.6,50.34,2.5,28.9,0.5,1.0,15.7
Switzerland,2012,100.0,96.7,98.2387,1.52,82.6976,15.4746,102.1306,82.281,8.799,4.491,84.667,4.98,4.4,41.59,2.5,31.6,0.0,0.0,14.5
Switzerland,2013,100.0,96.7,98.3935,1.52,82.7976,15.0943,102.4378,82.398,9.585,4.747,84.5909,4.85,4.4,41.48,2.5,32.5,0.0,0.1,13.8
Switzerland,2014,100.0,96.7,98.5708,1.54,83.1976,15.3217,102.4708,82.895,9.108,4.826,84.7567,4.73,4.3,41.37,2.5,32.5,0.0,0.1,15.6
Switzerland,2015,100.0,96.7,98.7481,1.54,82.8976,15.3884,102.1559,83.287,9.351,4.801,85.0249,4.73,4.3,41.27,2.5,32.3,0.0,0.1,14.7
Switzerland,2016,100.0,96.7,98.9254,1.54,83.6024,15.3605,101.9025,83.867,8.672,4.918,84.994,4.69,4.2,41.18,2.5,33.0,0.0,0.2,15.5
Switzerland,2017,100.0,96.7,99.1016,1.52,83.5512,15.4611,101.8333,83.953,8.133,4.797,84.9965,4.65,4.1,41.09,2.5,32.7,0.0,0.1,14.6
Switzerland,2018,100.0,96.7,99.2763,1.52,83.7537,15.526,101.8372,84.181,7.925,4.713,85.2632,4.63,4.1,40.99,2.5,33.1,0.0,0.2,16.0
Switzerland,2019,100.0,96.7,99.4511,1.48,83.9049,15.6767,101.593,84.292,7.707,4.394,85.6717,4.59,4.0,40.88,2.5,34.0,0.0,0.2,15.5
Switzerland,2020,100.0,96.7,99.6253,1.46,83.0,14.2746,101.7317,84.088,8.621,4.817,85.7109,4.48,4.0,40.78,2.5,33.7,0.1,0.1,14.7
Ukraine,2012,94.8,89.3866,90.9716,1.528,71.09,13.6655,97.142,66.352,19.087,7.529,80.7253,8.91,10.7,52.33,2.5,24.7,0.1,16.5,
Ukraine,2013,95.0,89.0512,91.2362,1.515,71.474,13.8676,96.3141,66.392,18.967,7.17,80.6729,8.79,10.2,52.69,2.5,24.6,0.1,12.5,
Ukraine,2014,95.1,88.6131,91.4298,1.466,71.803,13.1214,95.472,66.539,19.98,9.27,80.8143,7.44,9.8,53.05,2.5,24.0,0.0,13.8,
Ukraine,2015,95.1,88.5461,91.5435,1.387,72.686,12.4049,87.851,66.89,17.63,9.14,80.9782,7.4,9.4,53.41,2.5,25.5,0.3,22.7,51.9
Ukraine,2016,95.1,88.4789,91.6568,1.391,73.389,12.2833,87.4092,67.224,18.26,9.35,81.0967,7.03,9.1,53.79,2.5,25.0,0.2,21.6,51.1
Ukraine,2017,95.1,88.4116,91.7697,1.3,73.993,12.9999,88.2141,67.598,16.47,9.5,81.0939,6.92,8.9,54.17,2.6,26.0,0.1,17.0,34.9
Ukraine,2018,95.1,88.3442,91.8825,1.233,73.569,12.6902,88.5729,67.926,15.916,8.799,81.1382,6.79,8.7,54.55,3.0,26.1,0.2,14.7,27.6
Ukraine,2019,95.1,88.2768,91.9949,1.218,73.92,13.1106,90.681,68.222,14.896,8.194,80.5919,6.67,8.5,54.93,3.8,26.6,0.2,10.6,23.1
Ukraine,2020,95.3,88.2094,92.0809,1.208,73.283,11.8033,91.1122,67.084,16.95,9.475,80.535,6.26,8.4,55.31,4.3,25.6,0.0,11.3,23.2
United Kingdom,2012,100.0,99.9312,97.612,1.92,80.9049,,105.796,75.69,16.193,8.25,85.3377,2.8,4.8,60.58,2.5,33.1,0.5,0.7,
United Kingdom,2013,100.0,99.9221,97.6376,1.83,81.0049,12.6864,105.337,75.858,15.399,7.704,85.5789,2.75,4.6,60.64,2.5,32.7,0.2,0.5,
United Kingdom,2014,100.0,99.9131,97.657,1.81,81.3049,13.3876,99.9967,76.219,13.992,6.363,84.7529,2.72,4.5,60.71,2.5,33.1,0.2,0.7,
United Kingdom,2015,100.0,99.9041,97.6762,1.8,80.9561,13.487,100.204,76.473,12.895,5.517,85.0168,2.61,4.5,60.79,2.5,33.3,0.2,0.7,
United Kingdom,2016,100.0,99.8951,97.6953,1.79,81.1561,13.4272,100.3816,76.776,12.692,4.867,84.7451,2.57,4.4,60.88,2.5,33.1,0.2,0.7,17.0
United Kingdom,2017,100.0,99.8861,97.7142,1.74,81.2561,13.7579,100.7811,77.114,12.261,4.452,84.6471,2.54,4.4,60.98,2.5,32.6,0.2,0.7,18.6
United Kingdom,2018,100.0,99.8771,97.733,1.68,81.2561,13.2918,101.327,77.499,12.333,4.12,84.9093,2.5,4.4,61.07,2.5,33.7,0.5,0.7,
United Kingdom,2019,100.0,99.868,97.7517,1.632,81.3691,13.5349,101.9094,77.473,12.336,3.613,84.9861,2.45,4.4,61.16,2.5,32.8,0.5,0.7,
United Kingdom,2020,100.0,99.859,97.7702,1.571,80.3318,14.0323,102.224,77.656,12.607,4.472,85.4829,2.43,4.4,61.25,2.5,32.6,0.5,1.0,
