Economy,Year,"PM2.5 air pollution, mean annual exposure (micrograms per cubic meter)",Carbon dioxide (CO2) emissions (total) excluding LULUCF (Mt CO2e),Carbon dioxide (CO2) emissions excluding LULUCF per capita (t CO2e/capita),Carbon dioxide (CO2) net fluxes from LULUCF - Total excluding non-tropical fires (Mt CO2e),Methane (CH4) emissions (total) excluding LULUCF (Mt CO2e),Nitrous oxide (N2O) emissions (total) excluding LULUCF (Mt CO2e),Total greenhouse gas emissions excluding LULUCF (Mt CO2e),Total greenhouse gas emissions per capita excluding LULUCF (t CO2e/capita),Electricity production from coal sources (% of total),"Energy imports, net (% of energy use)",Energy intensity level of primary energy (MJ/$2021 PPP GDP),Energy use (kg of oil equivalent per capita),Fossil fuel energy consumption (% of total),Renewable electricity output (% of total electricity output),Renewable energy consumption (% of total final energy consumption),Coastal protection,Cooling Degree Days,Heat Index 35,Heating Degree Days,Land Surface Temperature,Level of water stress: freshwater withdrawal as a proportion of available freshwater resources,Population density (people per sq. km of land area),Proportion of bodies of water with good ambient water quality,Standardised Precipitation-Evapotranspiration Index,Agricultural land (% of land area),"Agriculture, forestry, and fishing, value added (% of GDP)",Food production index (2014-2016 = 100),"Adjusted savings, natural resources depletion (% of GNI)","Adjusted savings, net forest depletion (% of GNI)","Annual freshwater withdrawals, total (% of internal resources)",Forest area (% of land area),"Mammal species, threatened",Terrestrial and marine protected areas (% of total territorial area),Tree Cover Loss
Albania,2012,20.9627,4.5385,1.5865,5.3536,2.6032,0.9459,8.1772,2.8585,0.0,15.7173,2.51,699.4449,57.5886,,39.9,73.96,969.69,0.0,4552.5,19.8123,6.7569,104.4054,,-1.0177,43.8431,17.5914,95.06,1.9636,0.1839,4.1797,28.6466,,,5395.4743
Albania,2013,19.4075,4.7703,1.6935,1.3449,2.6766,0.8989,8.4377,2.9954,0.0,25.2004,2.89,826.0184,56.2284,,41.1,73.96,692.98,0.0,4167.62,19.812,6.6085,102.8066,,-0.5017,43.3321,18.9248,95.64,2.2245,0.1624,4.088,28.6986,,7.7,2569.968
Albania,2014,19.3679,5.1022,1.8394,1.2246,2.7464,0.9708,8.9188,3.2154,0.0,28.912,2.86,844.5901,61.2387,,38.6,73.96,521.28,0.0,4026.05,19.3167,6.4602,101.2324,,1.5296,42.8573,19.2378,96.84,2.436,0.1677,3.9962,28.7505,,1.8,1051.6486
Albania,2015,19.1216,4.8756,1.7851,1.2718,2.787,0.9918,8.7633,3.2085,0.0,12.6965,2.62,803.9874,47.3534,,38.5,73.96,885.16,0.04,4324.21,19.9393,5.5288,99.6822,,-0.6564,42.8577,18.7472,100.07,1.2323,0.1891,3.4201,28.8025,,2.2,283.5747
Albania,2016,17.6022,4.5382,1.6874,1.3456,2.7356,0.9786,8.3754,3.1141,0.0,20.2724,2.61,840.6194,0.0,,39.4,73.96,685.89,0.0,4198.41,19.0618,6.5625,98.1558,,-0.0694,43.1277,19.1672,103.09,0.7267,0.1545,4.0595,28.8022,,13.1,928.3912
Albania,2017,18.5552,5.3613,2.0244,1.3456,2.7294,0.967,9.1947,3.4719,0.0,38.8336,2.64,894.4664,0.0,,36.9,73.96,877.65,0.01,4399.74,20.3115,6.5565,96.6527,,-1.0242,42.857,18.0791,103.88,0.892,0.183,4.0558,28.7921,,13.5,1686.8241
Albania,2018,19.0462,5.3341,2.0455,1.3456,2.7526,0.9504,9.1911,3.5246,0.0,21.2695,2.53,904.7398,0.0,,37.8,73.96,723.39,0.0,3854.27,19.6874,5.7572,95.1727,,-1.3465,42.8497,17.9156,106.02,1.0635,0.1402,3.5613,28.792,3.0,13.5,2048.2932
Albania,2019,15.7047,4.984,1.941,1.3456,2.5424,0.9709,8.6662,3.375,0.0,32.2318,2.45,908.3173,0.0,,40.1,73.96,841.74,0.01,4082.72,19.9359,6.7969,93.7154,,0.3625,42.8467,18.1604,104.0,1.0756,0.1399,4.2045,28.792,,14.2,1073.5003
Albania,2020,15.707,4.5676,1.8065,1.3456,2.3584,0.8868,7.9972,3.1628,0.0,36.47,2.34,855.1856,0.0,,44.4,73.96,776.43,0.0,4152.69,20.315,4.7236,92.2803,,-1.0306,42.5385,18.8061,105.72,0.4984,0.1365,2.9219,28.792,,14.2,1116.9702
Armenia,2012,43.2896,5.6696,1.8748,-0.4643,2.3007,0.4042,8.5676,2.8331,0.0,74.3404,4.16,982.4424,77.3222,28.8091,6.6,,235.82,0.0,7725.12,14.1877,59.3302,106.2206,,-0.4054,59.1149,17.9127,88.2,0.9759,0.3395,42.878,11.5962,,,197.6782
Armenia,2013,41.0505,5.4929,1.8176,-0.4769,2.4663,0.456,8.6111,2.8495,0.0,73.6823,3.92,959.8017,75.4887,28.2387,6.8,,168.08,0.0,7823.84,14.689,59.6127,106.1468,,-0.6832,59.1149,18.4348,92.49,0.6953,0.2192,43.0821,11.5889,,23.3,41.8413
Armenia,2014,38.6392,5.7607,1.9114,-0.4802,2.5239,0.4793,8.9685,2.9758,0.0,71.6592,4.12,1045.9751,69.9822,25.7659,7.1,,286.29,0.0,7436.37,16.1272,57.6962,105.8588,,-0.8997,59.0341,18.072,97.4,0.2657,0.2305,41.697,11.5816,,23.1,38.1276
Armenia,2015,38.1149,5.6172,1.8695,-0.4789,2.5755,0.4881,8.8965,2.961,0.0,67.6293,4.12,1084.5206,63.4819,28.328,10.7,,330.28,0.0,7518.49,15.4398,65.9875,105.5357,,0.1819,58.8936,17.2231,106.65,0.513,0.2539,47.6892,11.5743,,23.1,1.9901
Armenia,2016,35.8609,5.3749,1.7962,-0.4857,2.6365,0.4878,8.7313,2.9179,0.0,68.2448,3.93,1043.098,0.0,32.1718,13.2,,224.94,0.0,8009.69,13.9415,64.1719,105.1036,,1.1197,58.8971,16.3905,95.95,0.2168,0.2168,46.377,11.5669,,23.1,30.0476
Armenia,2017,34.0154,5.6892,1.9095,-0.4706,2.5129,0.4848,8.9353,2.999,0.0,68.9606,3.86,1105.967,0.0,29.2531,12.6,,352.86,0.0,7926.8,15.5668,57.8979,104.6505,,-1.6766,58.8725,14.9943,95.24,0.2375,0.2375,41.8428,11.5595,,23.1,41.7473
Armenia,2018,34.2014,5.9516,2.0046,-0.4706,2.3761,0.4836,9.0795,3.0581,0.0,72.7318,3.51,1072.3368,0.0,30.0282,11.1,,312.85,0.0,6894.05,16.3095,54.7509,104.2852,,-0.0345,58.9146,13.9423,83.48,0.6814,0.268,39.5685,11.5522,9.0,23.1,5.9025
Armenia,2019,32.6618,6.4247,2.1687,-0.4706,2.3417,0.508,9.5603,3.2271,0.0,74.1708,3.52,1163.0928,0.0,31.2254,10.3,,285.56,0.0,7437.64,16.5653,57.7971,104.0569,,-1.6376,58.9041,11.5256,81.27,1.1944,0.2499,41.7699,11.5448,,24.3,0.7064
Armenia,2020,30.5796,6.9145,2.3348,-0.4706,2.5666,0.4969,10.2818,3.4718,0.0,74.1473,4.01,1233.3046,0.0,23.4345,8.4,,229.79,0.0,7559.67,16.4365,57.091,105.0274,,-0.1426,59.4381,11.3498,85.28,1.1162,0.2745,41.2597,11.6489,,24.3,18.543
Austria,2012,14.7199,69.0207,8.1875,-9.3784,9.5123,3.4462,83.9774,9.9617,8.5754,65.5206,3.04,3899.1648,67.0885,76.0603,34.4,,202.99,0.0,7576.21,11.6875,9.4286,102.1569,,-0.586,33.1459,1.4177,95.95,0.1687,0.0419,6.204,46.9025,,,11165.7592
Austria,2013,14.6599,69.6088,8.2088,-5.2398,9.3395,3.4591,84.4903,9.9637,8.9604,62.8836,3.08,3924.8214,66.1563,79.3682,34.6,,216.33,0.0,7683.78,12.3768,9.3212,102.7608,,0.1777,32.9181,1.2778,96.23,0.1492,0.0405,6.1333,46.9461,,24.0,7655.3314
Austria,2014,12.9541,65.9262,7.714,-10.046,9.1436,3.5553,80.8206,9.4567,7.4391,67.4889,2.95,3750.3448,65.0375,82.5402,35.7,,111.59,0.0,6842.49,13.9394,9.2137,103.5671,,0.7949,32.8914,1.2756,102.03,0.1356,0.0403,6.0626,46.9897,,28.3,9876.061
Austria,2015,13.6,67.3632,7.7942,-4.3028,9.0679,3.5289,82.2617,9.5181,7.749,62.1474,2.99,3795.5104,65.7447,78.1279,34.8,,303.85,0.0,7087.62,13.562,9.1063,104.7346,,-1.2206,32.9429,1.1436,97.36,0.0923,0.0407,5.9919,47.0333,,28.4,7941.0671
Austria,2016,12.5144,67.7745,7.7575,-8.341,9.0026,3.5522,82.7008,9.4659,5.8104,64.1138,2.96,3797.168,0.0,79.2285,34.6,,152.52,0.0,7314.52,12.8142,8.9988,105.8733,,1.3329,32.3579,1.1493,100.61,0.0678,0.0348,5.9212,47.077,,27.6,17218.0551
Austria,2017,12.1558,70.0851,7.9664,-4.6461,8.9185,3.4674,84.8577,9.6456,5.4876,65.9464,2.95,3839.9481,0.0,77.0242,34.0,,229.01,0.0,7474.74,12.5621,8.8913,106.6113,80.44,0.3634,32.1694,1.1999,98.48,0.0776,0.0332,5.8505,47.1205,,28.4,18402.4732
Austria,2018,12.5862,67.2508,7.6071,1.6166,8.7145,3.4067,81.7926,9.252,5.2742,66.5258,2.8,3717.6253,0.0,78.1654,34.1,,234.25,0.0,6881.01,13.0632,8.7839,107.1319,,-1.2749,32.1477,1.1091,100.51,0.1007,0.045,5.7798,47.164,3.0,28.4,26335.0669
Austria,2019,11.4646,68.7767,7.7452,5.7884,8.5907,3.444,83.1342,9.362,4.5976,74.4763,2.81,3765.9801,0.0,78.1471,34.0,,263.23,0.0,7000.78,13.3131,8.6764,107.6093,,-0.2886,32.1281,1.0446,99.96,0.077,0.0333,5.7091,47.1037,,28.4,33659.5104
Austria,2020,10.9335,62.9162,7.0559,-1.1623,8.4636,3.3681,76.9727,8.6323,3.2471,59.7669,2.84,3546.5045,0.0,80.9966,35.8,,143.75,0.0,7123.64,13.0636,8.6764,108.057,81.77,0.3651,31.5398,1.0714,101.84,0.0421,0.0228,5.7091,47.1379,,29.1,25940.4082
Belgium,2012,15.215,103.0142,9.2748,-0.543,13.2523,8.7423,128.0589,11.5296,6.5804,86.3428,4.17,4822.6888,71.4519,14.2367,7.7,61.58,122.94,0.0,5605.64,14.0938,65.1106,366.1666,,0.5467,43.9126,0.8446,91.38,0.049,0.0149,44.1667,22.7357,,,5635.0188
Belgium,2013,14.3698,104.3595,9.3517,-0.971,13.0273,8.772,129.2315,11.5805,6.179,87.3156,4.33,5000.3462,70.7795,15.6365,8.3,61.58,177.59,0.0,5975.35,14.3436,59.3243,367.8966,,-0.2416,44.0609,0.7646,95.83,0.0446,0.0141,40.2417,22.7319,,24.3,3314.9997
Belgium,2014,12.9004,97.7801,8.7233,-1.0161,12.8937,8.6399,122.512,10.9297,5.8736,89.7059,4.02,4701.2577,72.7601,18.4604,9.1,61.58,105.47,0.0,4757.4,15.6556,55.9705,369.5334,,-0.456,43.8895,0.7165,101.8,0.0501,0.0129,37.9667,22.7282,,24.2,4239.217
Belgium,2015,13.339,102.4165,9.0842,-0.9043,12.9878,8.6155,127.1924,11.2817,5.8963,95.2723,3.93,4661.6638,76.296,22.3222,9.4,61.58,195.06,0.0,5242.51,15.6556,49.0663,371.6809,,-0.9886,43.7807,0.7506,101.32,0.0233,0.011,33.2833,22.7244,,24.2,3420.2739
Belgium,2016,12.3939,101.3516,8.9443,-0.8317,12.9821,8.4227,126.1031,11.1286,3.0827,86.2542,4.11,4904.1577,0.0,17.9651,9.2,61.58,169.69,0.0,5433.28,14.9672,51.5116,373.5675,,0.1652,44.5324,0.6732,96.87,0.0196,0.0107,34.942,22.7244,,24.6,4512.2428
Belgium,2017,12.7692,99.7694,8.7708,-0.7137,12.6912,8.4056,124.0806,10.908,2.7996,86.938,4.02,4863.6328,0.0,19.5541,9.7,61.58,188.4,0.0,5186.49,15.8428,53.9568,375.0093,20.59,-0.5727,43.7477,0.7295,102.61,0.0253,0.0095,36.6007,22.7244,,24.7,4137.3227
Belgium,2018,12.4926,100.4585,8.7913,-0.6777,12.7423,8.4231,124.6967,10.9124,3.1237,99.699,3.8,4660.2069,0.0,24.2594,10.7,61.58,331.69,0.0,4996.99,16.9679,51.2899,374.7435,,-1.6353,44.4036,0.6646,98.91,0.0334,0.0106,34.7917,22.6052,2.0,24.6,4630.8045
Belgium,2019,11.2144,100.3135,8.7313,-0.4425,12.7111,8.4381,124.3926,10.8271,2.6857,90.9302,3.83,4775.9575,0.0,21.7448,10.2,61.58,229.18,0.0,5097.44,16.0934,51.5848,376.762,,-1.0189,44.4678,0.7188,101.26,0.0293,0.0083,34.9917,22.6044,,26.1,5577.1182
Belgium,2020,11.2161,91.9274,7.9669,-0.4546,12.6112,8.4279,115.6721,10.0248,2.0983,89.0758,3.71,4386.4305,0.0,27.4043,12.3,61.58,249.04,0.0,4730.82,17.2813,52.1698,378.3893,21.25,-1.2724,44.7501,0.7128,101.9,0.0188,0.0076,35.3885,22.6044,,17.6,5408.5821
Bosnia and Herzegovina,2012,35.5047,23.3108,6.3515,-7.5463,4.7167,0.9246,29.6393,8.0759,69.5001,33.2945,6.85,1821.2122,91.9474,29.9404,15.3,,701.47,0.0,5643.58,16.8131,2.9064,71.6819,,-1.2991,42.1094,6.1377,91.82,0.2662,0.0,1.233,41.5195,,,2433.6472
Bosnia and Herzegovina,2013,33.7419,23.2132,6.4287,-6.141,4.661,0.9804,29.4029,8.1429,58.0769,29.7224,6.46,1787.3925,92.5037,41.4781,19.5,,420.56,0.0,5348.83,16.0633,2.8938,70.5246,,0.6689,42.207,6.8414,104.99,0.204,0.0001,1.2276,41.7454,,1.6,2573.8976
Bosnia and Herzegovina,2014,32.4818,20.7957,5.8336,-6.398,5.5401,0.9778,27.886,7.8225,62.8032,28.2127,5.94,1682.3129,,36.7829,23.6,,245.59,0.0,4830.72,16.9381,2.7384,69.6256,,1.9666,42.1289,5.9511,88.85,0.1674,0.0368,1.1617,41.9713,,1.1,1789.5445
Bosnia and Herzegovina,2015,33.8055,20.8309,5.9203,-6.398,5.6036,0.9789,27.8464,7.9142,63.9452,33.7089,5.86,1755.0438,85.3255,35.5831,25.2,,594.1,0.0,5438.09,16.9395,2.7789,68.7215,,-1.0013,42.5,6.0376,99.16,0.2194,0.1337,1.1789,42.1973,,1.5,580.5049
Bosnia and Herzegovina,2016,30.3847,23.5062,6.7683,-6.398,5.8936,1.4056,31.2525,8.9987,67.6591,31.56,6.21,1945.2548,0.0,31.8909,23.0,,360.53,0.0,5403.66,15.8136,2.7862,67.8321,,0.0896,43.1445,6.1656,111.99,0.1982,0.0873,1.182,42.51,,1.4,2307.9795
Bosnia and Herzegovina,2017,30.9018,23.9898,6.9968,-6.398,5.9458,1.4112,31.8522,9.2899,75.0639,34.0764,6.0,1966.743,0.0,24.4239,18.5,,557.54,0.0,5653.66,16.6889,2.662,66.9664,5.79,-1.4686,43.5156,5.431,94.61,0.1654,0.0146,1.1293,42.7326,,1.4,1339.3148
Bosnia and Herzegovina,2018,32.499,24.0642,7.1049,-6.398,6.2162,1.4516,32.2559,9.5234,64.9113,24.2811,6.41,2205.4002,0.0,34.7129,35.4,,385.78,0.0,5088.32,16.1911,2.0717,66.1523,,-0.752,43.1836,5.7188,114.96,0.126,0.0,0.8789,42.7326,4.0,1.4,2673.232
Bosnia and Herzegovina,2019,26.7158,22.5975,6.7545,-6.398,5.9748,1.3951,30.553,9.1325,62.6708,27.3941,6.02,2157.7163,0.0,36.9519,36.8,,505.27,0.0,5104.54,17.0646,2.0286,65.3424,,0.0867,43.2812,5.45,105.39,0.0557,0.0,0.8606,42.7326,,1.4,1232.2104
Bosnia and Herzegovina,2020,26.602,22.5364,6.8306,-6.398,5.9363,1.441,30.4749,9.2366,70.2086,25.3934,6.1,2152.7302,0.0,29.5306,37.7,,386.4,0.0,5182.29,16.8127,2.0005,64.4404,30.58,-1.0435,43.7891,5.9144,115.06,0.0469,0.0,0.8487,42.7326,,3.6,1842.1803
Bulgaria,2012,23.0864,49.9165,6.8324,-7.9393,8.8509,3.0992,62.4353,8.5459,48.3698,37.354,5.5,2493.0781,72.7741,12.7739,15.6,74.93,1022.33,0.0,5209.32,19.6865,42.2396,67.2982,,-0.9123,47.1905,4.4301,83.86,0.7467,0.0,27.2124,34.7771,,,9977.5057
Bulgaria,2013,21.4901,44.452,6.2084,-6.9319,8.4803,3.3146,57.0464,7.9674,44.2588,39.0539,5.12,2353.3076,70.507,17.5078,18.2,74.93,706.77,0.0,4794.75,19.8123,40.4169,65.9544,,-0.939,46.0114,4.5154,102.69,0.5049,0.0,26.0381,34.9539,,35.0,3692.7615
Bulgaria,2014,21.9922,47.315,6.689,-8.1906,8.4285,3.8231,60.5257,8.5566,44.8621,35.7152,5.32,2499.707,71.9161,16.7401,17.1,74.93,558.35,0.0,4796.53,20.0625,39.7369,65.1582,,2.2212,45.8456,4.5587,100.74,0.3158,0.0,25.6,35.1308,,31.5,6688.4507
Bulgaria,2015,20.7937,49.8572,7.1385,-7.7694,8.5777,3.5186,62.7186,8.98,45.7513,37.1318,5.36,2637.5035,36.0045,18.794,17.9,74.93,738.4,0.0,4857.24,19.5626,41.6099,64.3352,,0.4252,46.1671,4.062,97.47,0.2323,0.0,26.8067,35.3077,,32.8,7293.0669
Bulgaria,2016,19.9792,47.1301,6.8363,-9.5771,8.4585,3.9333,60.3089,8.7479,42.766,39.3294,5.07,2606.6105,0.0,17.0803,17.7,74.93,774.68,0.0,4952.14,18.9372,42.0504,63.5053,,-0.2804,46.2509,4.0549,101.79,0.1872,0.0,27.0905,35.3814,,28.3,7394.7091
Bulgaria,2017,20.0338,49.2832,7.2438,-9.5484,8.6168,3.8836,62.5683,9.1965,45.852,40.2668,5.11,2732.2224,0.0,14.8995,17.1,74.93,778.88,0.0,5169.81,19.1855,41.8213,62.6701,35.56,0.3132,46.3294,4.0432,106.22,0.3094,0.0,26.9429,35.5011,,28.3,7687.6226
Bulgaria,2018,19.716,46.3135,6.9013,-9.6156,8.3952,3.8609,59.3596,8.8454,39.8382,37.3715,4.97,2764.2751,0.0,20.6175,19.6,74.93,676.27,0.0,4798.08,19.4381,40.099,61.8165,,-0.0412,46.3338,3.4046,105.22,0.2839,0.0,25.8333,35.6209,8.0,28.3,9753.9215
Bulgaria,2019,17.538,44.6358,6.7459,-9.3461,8.2081,3.933,57.7936,8.7345,38.9014,39.3232,4.72,2771.1242,0.0,17.9281,19.3,74.93,735.32,0.0,4477.51,20.5615,40.0769,60.9499,,-1.6319,46.3983,3.2021,107.09,0.2463,0.0,25.819,35.7406,,32.8,4125.0189
Bulgaria,2020,17.1474,39.4151,6.0169,-9.3876,8.1197,3.9866,52.5825,8.027,33.2041,38.9217,4.68,2664.5515,0.0,19.5452,21.1,74.93,754.83,0.0,4722.99,20.937,36.7285,60.3417,33.73,-1.0222,46.4904,3.436,90.38,0.2954,0.0,23.6619,35.8604,,33.1,4795.2148
Croatia,2012,20.9195,18.7872,4.4098,-5.4004,4.1557,2.3515,25.9947,6.1015,20.8089,50.6393,3.5,2020.4842,72.3693,50.431,29.4,65.07,981.11,0.0,4659.95,17.687,1.4512,76.1269,,-1.3589,23.7831,3.2839,89.06,1.0874,0.2643,1.7314,34.3221,,,5004.4285
Croatia,2013,20.264,18.3813,4.3414,-6.3045,4.0905,2.3532,25.5867,6.0433,17.2289,48.2824,3.44,1990.5414,71.4295,66.7575,32.8,65.07,704.13,0.0,4593.07,17.3436,1.3982,75.6544,,0.5976,28.0055,3.4377,96.39,0.9029,0.2488,1.6682,34.3292,,8.0,2997.7527
Croatia,2014,19.8289,17.6771,4.2072,-6.1595,4.1741,2.2477,24.9453,5.9371,17.4709,45.0191,3.29,1909.8358,70.8748,74.1793,33.6,65.07,494.11,0.0,3891.98,18.0927,1.2893,75.0768,,1.8037,26.9548,2.9388,94.25,0.6931,0.2092,1.5382,34.3364,,23.7,4559.4857
Croatia,2015,20.1719,18.0245,4.3414,-5.8747,4.2642,2.3524,25.5777,6.1607,20.2578,49.6289,3.35,2018.5426,28.9492,67.306,33.1,65.07,903.8,0.01,4461.1,18.0315,1.3803,74.1856,,-0.7807,27.4677,2.9638,96.59,0.5687,0.2087,1.6468,34.3435,,23.7,2669.0481
Croatia,2016,18.1778,18.2746,4.4498,-5.8747,4.3185,2.4452,26.1126,6.3583,20.2496,49.3077,3.26,2057.1887,0.0,66.8353,31.8,65.07,692.94,0.0,4523.36,17.2189,1.4153,73.3841,,0.166,27.6249,3.0598,109.16,0.4194,0.191,1.6886,34.3814,,23.5,5372.9631
Croatia,2017,18.7614,18.7971,4.6511,-5.1676,4.3642,2.4067,26.788,6.6284,11.4078,54.2576,3.26,2159.9695,0.0,61.0532,29.8,65.07,866.58,0.0,4614.77,17.9363,1.5028,72.2144,92.31,-1.1721,26.7493,2.8902,93.43,0.5217,0.2254,1.793,34.5152,,23.6,5846.6453
Croatia,2018,20.0014,17.7661,4.454,-5.6561,4.1733,2.4246,25.7117,6.446,10.6522,54.123,3.08,2127.6388,0.0,72.374,32.8,65.07,858.62,0.0,4225.78,17.9069,1.4867,71.2739,,-0.7839,26.517,2.9509,102.04,0.5981,0.1982,1.7738,34.5599,9.0,23.6,8285.3402
Croatia,2019,15.9149,17.9722,4.5506,-5.8919,4.1524,2.4239,26.0109,6.5861,12.8448,57.7963,3.01,2173.1984,0.0,66.2484,31.6,65.07,847.82,0.0,4153.09,18.2185,1.494,70.5702,,0.2339,26.8744,2.8569,99.35,0.4629,0.18,1.7825,34.6046,,23.6,5977.6268
Croatia,2020,16.1209,17.1915,4.3921,-5.8773,4.1319,2.5436,25.435,6.4981,9.0773,54.1708,3.16,2104.8453,0.0,64.9877,32.4,65.07,691.57,0.0,4244.77,18.1568,1.4629,69.9465,93.33,-0.6525,26.8942,3.1286,108.55,0.3057,0.1746,1.7454,34.6517,,23.9,6051.7226
Czechia,2012,19.2883,114.029,10.8488,-9.2699,14.7473,6.4991,138.2693,13.155,53.2693,25.4296,5.09,4109.5446,76.159,10.0615,12.8,,271.87,0.0,6649.05,13.3433,27.9866,136.0972,,-0.8678,45.6544,2.2316,85.84,0.1838,0.0155,13.9954,34.4657,,,14006.6854
Czechia,2013,18.9336,109.5328,10.4175,-8.5876,14.3306,6.8011,133.7778,12.7234,50.2928,27.7106,5.09,4110.9917,74.9101,11.7516,13.9,,254.49,0.0,6856.17,14.0626,25.0958,136.16,,0.2334,45.597,2.3476,93.01,0.1094,0.0187,12.5498,34.4987,,21.9,7658.9912
Czechia,2014,18.3617,107.2391,10.1887,-8.4771,14.2124,7.1718,131.9113,12.5327,50.5305,30.2869,4.83,3984.1541,73.974,11.867,14.8,,194.17,0.0,5812.35,15.5623,25.0912,136.3034,,-0.1962,45.5322,2.3927,101.46,0.0966,0.0206,12.5475,34.5272,,21.8,13942.7428
Czechia,2015,17.8128,108.2916,10.2684,-8.5334,14.2667,7.4341,133.526,12.6612,52.2541,32.1173,4.59,3982.1884,75.3495,12.7512,14.8,,432.52,0.0,6083.82,15.406,24.3826,136.5893,,-1.9117,45.2532,2.2589,97.07,0.0818,0.0286,12.1932,34.5602,,21.7,8047.2074
Czechia,2016,16.9929,109.8148,10.3929,-7.6496,14.2086,6.9121,134.6853,12.7466,53.5848,32.8779,4.43,3927.7252,0.0,12.7075,14.8,,211.42,0.0,6394.56,14.8116,24.8601,136.8519,,-0.1921,45.1755,2.1481,101.47,0.0898,0.0422,12.4319,34.5791,,22.1,22813.3622
Czechia,2017,16.9433,110.3808,10.4187,-6.2332,14.1879,6.9515,135.4786,12.7877,50.456,37.288,4.39,4089.5134,0.0,12.4026,14.5,,261.77,0.0,6485.07,14.0932,24.7871,137.2159,24.22,-0.581,45.6029,2.1055,94.94,0.1239,0.0681,12.3954,34.6025,,22.2,26518.1156
Czechia,2018,17.3467,109.3448,10.2865,-1.2856,13.8771,6.6338,133.859,12.5927,49.4906,37.0867,4.26,4081.4187,0.0,11.9061,14.7,,391.78,0.0,5898.96,16.1882,24.1788,137.6755,,-2.1456,45.6288,1.9686,92.9,0.1767,0.1182,12.0913,34.626,3.0,22.2,39194.8738
Czechia,2019,14.2337,103.7793,9.7246,4.7443,13.9279,6.4586,128.1939,12.0123,45.3254,41.0173,4.07,4002.2461,0.0,12.9178,15.9,,356.25,0.0,5914.11,15.3443,22.9015,138.2268,,-1.5681,45.64,1.8915,92.92,0.2238,0.1841,11.4525,34.6514,,22.2,73288.6802
Czechia,2020,14.1111,94.8596,8.8672,7.4412,13.4838,5.9627,118.2477,11.0534,40.0937,38.785,4.06,3764.4716,0.0,14.3377,17.0,,193.88,0.0,6046.17,14.5617,20.7725,138.5759,20.5,-0.8997,45.6469,1.944,96.91,0.2462,0.2224,10.3878,34.678,,22.2,100267.3712
Denmark,2012,10.8115,38.5966,6.9026,0.548,8.7554,4.694,52.9598,9.4714,34.329,-3.473,2.5,3072.0872,71.312,48.3304,26.9,61.92,27.3,0.0,6535.71,10.6877,19.6998,139.7893,,0.3584,65.6,1.6176,98.74,1.2652,0.0063,12.1417,15.0442,,,4451.9524
Denmark,2013,10.3963,40.3352,7.1836,0.1729,8.7129,4.6272,54.5542,9.7159,41.1375,13.3346,2.49,3075.5514,71.3967,45.9609,27.0,61.92,45.14,0.0,6487.93,11.8437,27.285,140.3733,,-0.9572,65.7,1.2566,97.3,0.9549,0.0089,16.8167,15.2351,,17.6,2015.3666
Denmark,2014,10.8105,36.1972,6.414,0.4805,8.6542,4.7057,50.385,8.928,34.3773,13.4604,2.31,2881.0525,67.5053,55.8777,30.2,61.92,123.46,0.0,5478.51,13.719,26.7496,141.0869,,-0.1013,66.3158,1.3534,99.93,0.7977,0.0106,16.4867,15.426,,20.5,5320.7705
Denmark,2015,10.2267,34.0712,5.9948,-0.4672,8.7353,4.7785,48.2385,8.4875,24.5646,14.4191,2.25,2847.9879,64.2119,65.4356,32.5,61.92,27.48,0.0,5936.09,12.0938,21.9524,142.0871,,0.8855,65.8475,0.9083,101.24,0.4393,0.011,13.53,15.617,,20.5,2583.2304
Denmark,2016,9.2343,35.6784,6.2288,0.4141,8.7873,4.818,49.984,8.7262,29.0294,14.9737,2.23,2891.0269,0.0,60.2201,32.0,61.92,63.82,0.0,6032.02,12.3436,23.9858,143.2002,,-0.8799,65.6275,0.9288,98.83,0.2875,0.0083,14.7832,15.6165,,17.9,4656.3405
Denmark,2017,10.0946,33.5457,5.8189,0.2731,8.7547,4.8198,47.703,8.2746,20.0019,12.4713,2.18,2896.5707,0.0,70.266,35.0,61.92,4.22,0.0,6017.76,11.4687,24.2239,144.1245,37.56,2.0049,65.7825,1.2599,102.11,0.3958,0.0072,14.93,15.64,,20.7,4360.354
Denmark,2018,10.3539,33.5379,5.7887,2.0733,8.7584,4.7264,47.6681,8.2277,21.6339,25.1646,2.13,2870.4163,0.0,68.3574,34.6,61.92,164.33,0.0,5800.29,13.9692,29.9031,144.8409,,-2.1774,65.8125,0.997,92.87,0.477,0.008,18.4303,15.664,2.0,17.9,3161.6253
Denmark,2019,9.612,30.0794,5.1732,1.0592,8.642,4.8132,44.0304,7.5726,11.2176,43.7676,2.03,2757.2499,0.0,78.1718,37.2,61.92,83.41,0.0,5738.86,12.5936,25.5704,145.3606,,0.4938,65.6491,1.2412,100.59,0.3518,0.0063,15.7599,15.6875,,17.7,9180.3336
Denmark,2020,9.0698,27.7879,4.7652,0.8057,8.6918,4.9239,41.8742,7.1808,10.6551,48.3343,1.99,2637.043,0.0,81.6168,39.5,61.92,90.86,0.0,5513.46,13.0938,25.6159,145.7851,38.3,-1.1133,65.4997,1.3375,102.64,0.1136,0.0053,15.788,15.711,,17.9,3193.5935
Estonia,2012,7.9901,21.2301,16.0506,-1.9973,2.7955,1.63,25.853,19.5457,86.1202,22.4673,5.74,3984.0634,20.4941,12.3417,25.0,62.83,57.72,0.0,8605.65,6.2191,17.6515,31.203,,2.038,22.5501,3.2843,89.2,0.8242,0.0,12.8324,55.9098,,,17685.1527
Estonia,2013,8.0812,23.6366,17.9337,-0.901,2.8757,1.6796,28.4031,21.5502,88.693,15.8496,6.27,4435.5669,17.9265,9.1973,24.5,62.83,117.84,0.0,7774.46,8.781,18.9177,30.3197,,-0.7051,22.1992,3.0474,92.45,0.7317,0.0,13.753,54.9118,,19.4,17088.7434
Estonia,2014,8.7077,22.7514,17.3074,-0.2133,2.9628,1.6963,27.6318,21.02,87.3534,12.4657,5.79,4226.2012,15.7466,11.1825,25.3,62.83,218.88,0.0,7734.58,9.1568,18.6147,30.2403,,-0.4325,22.4063,3.115,97.32,0.7859,0.0,13.5327,55.3028,,19.4,23576.6088
Estonia,2015,7.185,21.0222,15.9815,0.361,2.9101,1.7517,25.9106,19.6978,82.7651,12.0087,4.97,3695.1192,14.7459,15.4272,28.2,62.83,39.6,0.0,7193.32,9.7801,17.4821,30.2601,,-0.9746,22.8433,2.8064,111.23,0.4655,0.0,12.7092,55.6938,,19.4,25420.2907
Estonia,2016,6.8784,20.5878,15.6467,1.2973,2.7981,1.6773,25.299,19.2272,83.7209,8.5862,5.98,4579.4211,0.0,13.047,27.2,62.83,70.36,0.0,7883.36,8.6565,18.9545,30.2689,,0.6924,23.0734,2.0716,91.45,0.3148,0.0,13.7797,55.6993,,19.5,36334.8572
Estonia,2017,6.1549,21.9647,16.673,1.2094,2.872,1.7091,26.7821,20.3298,83.8526,4.8111,5.49,4444.8467,0.0,14.1225,27.5,62.83,14.41,0.0,7869.96,8.5938,19.3171,30.816,100.0,1.727,22.9708,2.3389,99.56,0.5195,0.0,14.0433,57.0386,,19.5,38856.6937
Estonia,2018,7.7967,23.6488,17.889,2.9541,2.9373,1.7217,28.5447,21.5924,81.988,1.4647,5.21,4282.7151,0.0,16.0854,28.6,62.83,243.6,0.0,7617.02,9.9688,17.4084,30.9234,,-1.7811,23.0409,2.0494,84.71,0.7988,0.0,12.6557,57.0386,1.0,19.5,40037.8772
Estonia,2019,6.8448,15.4629,11.6534,2.7782,2.3965,1.7851,19.8753,14.9788,70.151,5.1177,4.22,3661.4993,0.0,28.1355,31.3,62.83,103.04,0.0,7275.11,9.8443,10.8923,31.0385,,0.2045,23.1205,2.2656,106.79,0.7336,0.0,7.9186,57.0386,,19.7,45917.2458
Estonia,2020,6.1457,12.1329,9.1258,0.7951,1.883,1.8069,16.0162,12.0466,49.1115,11.4816,3.92,3368.2373,0.0,48.8761,40.4,62.83,85.51,0.0,6717.25,10.0621,9.2311,31.0999,75.65,-0.1461,23.0409,1.9318,107.74,0.3748,0.0,6.7109,57.0386,,20.1,36805.569
Finland,2012,6.2312,52.3267,9.6651,-25.3717,7.9135,7.076,68.6419,12.6787,16.0074,47.4849,5.71,6265.7723,43.102,40.5621,38.7,62.71,14.61,0.0,10723.33,1.3122,9.4968,17.8156,,2.1152,7.5195,2.1884,94.73,0.1695,0.0,3.7428,73.4108,,,160310.4093
Finland,2013,5.8529,53.3313,9.8054,-18.5726,7.8345,7.086,69.564,12.7899,20.1678,50.0732,5.67,6138.3141,42.4733,35.968,38.5,62.71,56.36,0.0,9637.64,4.3134,8.4861,17.8978,,-0.5947,7.432,2.2118,99.5,0.1097,0.0,3.3445,73.5207,,13.9,148660.9706
Finland,2014,6.1186,49.4416,9.0527,-19.3948,7.7142,7.1253,65.5626,12.0045,17.3554,50.2608,5.81,6246.0415,41.9618,38.5804,41.2,62.71,143.39,0.0,9613.09,4.4374,7.4755,17.972,,-0.4294,7.4603,2.2176,101.04,0.089,0.0,2.9462,73.6306,,14.2,186629.0141
Finland,2015,5.625,45.9758,8.3905,-14.1892,7.5638,7.0334,61.7912,11.2767,12.8092,48.5425,5.5,5921.5968,40.2291,44.5012,43.2,62.71,6.19,0.0,9298.22,4.4383,6.4648,18.0301,,1.2093,7.4805,2.0605,99.53,0.0503,0.0,2.5479,73.7356,,14.2,172639.5803
Finland,2016,5.2781,48.8071,8.8816,-9.5057,7.517,7.1223,64.6074,11.7568,15.2843,46.6828,5.54,6120.633,0.0,44.2315,42.4,62.71,22.77,0.0,9827.94,3.9376,5.4541,18.082,,1.1139,7.4858,2.0898,99.43,0.0276,0.0,2.1495,73.7356,,14.3,240428.4632
Finland,2017,5.1267,46.0759,8.3649,-5.9387,7.3287,7.049,61.5473,11.1737,13.6457,45.2672,5.34,6070.1575,0.0,46.614,44.4,62.71,1.71,0.0,10127.52,2.1876,5.4541,18.1239,60.59,1.2527,7.4691,2.068,98.01,0.0795,0.0,2.1495,73.7332,,14.1,336198.5406
Finland,2018,5.497,47.4392,8.601,4.3632,7.2461,7.249,62.9803,11.4187,14.3304,46.7658,5.37,6165.444,0.0,45.741,44.2,62.71,168.92,0.0,9799.61,3.9383,6.6398,18.148,,-1.5896,7.4757,2.1142,92.96,0.0884,0.0,2.6168,73.7332,2.0,14.2,269954.6259
Finland,2019,5.3787,44.1412,7.9943,0.5307,7.172,7.291,59.607,10.7952,11.6038,44.4037,5.19,6024.6537,0.0,46.4434,45.4,62.71,59.43,0.0,10029.18,3.0628,7.1141,18.1674,,1.0067,7.482,2.1898,102.16,0.0424,0.0,2.8037,73.7308,,13.1,289910.434
Finland,2020,4.8952,39.474,7.1387,-0.9844,6.9319,7.0017,54.3465,9.8284,7.4783,43.8669,5.07,5739.2545,0.0,51.8681,47.3,62.71,47.6,0.0,9001.12,4.8137,7.1141,18.1929,57.18,0.742,7.4686,2.2404,98.51,0.0242,0.0,2.8037,73.7284,,13.0,254472.6003
France,2012,12.5586,365.0236,5.5595,-46.3395,76.2243,35.9305,495.3533,7.5445,4.2105,49.9192,3.83,3929.206,47.8592,15.7357,12.3,97.99,323.99,0.0,4928.8,16.3736,24.5671,121.8251,,-0.168,53.5204,1.5259,97.79,0.0118,0.0,14.0315,30.7743,,,67302.6687
France,2013,12.4583,360.1587,5.4571,-52.1844,75.6428,36.1793,490.0011,7.4245,4.5213,49.7187,3.82,3925.8655,47.4024,17.9491,13.4,97.99,343.07,0.0,5213.27,16.625,23.774,122.4565,,0.5481,53.3884,1.3614,96.25,0.0093,0.0,13.5785,30.929,,23.5,30351.842
France,2014,10.6877,326.9509,4.9305,-44.6721,74.7255,36.2786,455.8541,6.8744,2.4141,47.8596,3.63,3755.8324,45.0352,17.4241,13.2,97.99,254.23,0.0,4253.59,17.6249,23.8965,123.0394,,0.0537,53.3751,1.4615,102.48,0.007,0.0,13.6485,31.0838,,23.4,44359.1132
France,2015,11.3443,332.1533,4.9912,-41.5099,75.0006,36.6846,461.6707,6.9374,2.5101,47.584,3.65,3799.1926,45.1766,16.6913,13.3,97.99,431.63,0.0,4537.35,17.8757,24.6135,123.4776,,-1.6831,53.3016,1.5036,102.22,0.0039,0.0,14.058,31.2385,,23.2,37292.5856
France,2016,10.5082,334.7732,5.0173,-37.6674,74.8232,35.7667,462.9622,6.9385,2.1693,49.1471,3.54,3718.1705,0.0,18.3955,14.2,97.81,367.29,0.0,4833.43,17.3743,23.1428,123.8039,,-0.7236,53.2851,1.338,95.29,0.003,0.0,13.218,31.3933,,25.9,60768.5202
France,2017,10.4583,338.709,5.0616,-29.8464,73.9145,36.2148,465.7704,6.9603,2.702,50.6501,3.46,3705.4111,0.0,17.3814,14.1,98.34,439.05,0.0,4726.2,17.6254,23.5892,124.1637,83.53,-1.3891,53.2471,1.435,101.33,0.004,0.0,13.473,31.548,,27.8,69249.0433
France,2018,10.4599,328.5501,4.8922,-39.8144,73.1468,35.2711,452.3491,6.7356,1.8106,48.7406,3.37,3669.3707,0.0,20.4355,15.2,98.34,508.3,0.0,4383.58,18.8742,23.569,124.6096,,-0.8703,53.1777,1.5311,97.17,0.0068,0.0,13.4615,31.7028,9.0,33.2,69201.6634
France,2019,9.8252,322.9043,4.7921,-36.5979,72.3377,35.1911,443.9014,6.5878,1.0276,49.7065,3.26,3605.5319,0.0,20.6287,15.5,98.52,495.78,0.0,4549.42,18.3746,22.9468,125.0247,,-1.0763,52.9156,1.4083,98.0,0.0054,0.0,13.106,31.8575,,35.0,81304.4477
France,2020,9.6004,287.0868,4.2468,-39.2143,71.0009,31.4162,401.5864,5.9405,0.9276,45.791,3.18,3228.4892,0.0,24.3566,16.8,98.34,456.99,0.0,4213.67,18.6246,21.5981,125.4311,78.93,-1.0459,52.7297,1.4604,93.7,0.0256,0.023,12.3358,32.0122,,36.2,77745.7371
Germany,2012,13.9079,800.0321,9.9475,-5.8578,69.8455,37.06,921.4354,11.457,45.5366,63.4092,3.27,3913.4392,79.8734,23.7361,13.6,62.19,180.5,0.0,6144.44,13.1866,46.1172,230.7506,,-0.4612,47.8109,0.9114,96.12,0.0789,0.0,31.4459,32.7452,,,26007.2481
Germany,2013,13.6634,817.8158,10.1409,-8.4696,68.4676,37.7376,938.5372,11.6378,46.8153,64.6342,3.32,3986.1851,80.1392,24.757,13.6,62.19,218.66,0.0,6417.75,14.1868,34.7122,231.1557,,-0.2185,47.8589,0.9271,97.08,0.0598,0.0,23.6692,32.719,,38.9,15498.9546
Germany,2014,12.2822,778.7527,9.6163,2.3407,67.3054,38.4483,899.2232,11.1039,45.3819,64.0352,3.11,3794.4472,79.3957,26.8209,14.0,62.19,178.83,0.0,5328.41,15.1878,42.9113,232.1081,,-0.8022,47.9364,0.9156,102.97,0.0398,0.0,29.2599,32.7228,,38.5,21169.1432
Germany,2015,12.8254,784.9143,9.6088,-2.4594,66.6234,37.6423,904.2443,11.0697,43.7615,64.4354,3.08,3780.8503,79.628,30.0329,14.6,62.19,298.52,0.0,5687.9,14.8117,40.8901,234.153,,-1.3409,47.9591,0.7085,99.27,0.0273,0.0,27.8817,32.7323,,38.5,12929.494
Germany,2016,11.7807,789.2489,9.5842,1.1037,65.4771,36.9322,906.921,11.0132,42.0011,66.3065,3.02,3765.218,0.0,30.0193,14.2,62.19,222.83,0.0,5917.32,14.5624,33.5019,235.7129,,-0.7121,47.6843,0.7305,97.76,0.0185,0.0,22.8439,32.6855,,38.8,26876.854
Germany,2017,11.8978,774.4767,9.3698,-5.1206,64.8481,35.7903,890.4565,10.7729,38.6743,66.6212,2.95,3763.194,0.0,34.0095,15.2,62.19,197.22,0.0,5838.42,14.1873,38.0324,236.5887,73.26,0.358,47.7631,0.86,97.5,0.0236,0.0,25.9331,32.6845,,38.8,32999.1381
Germany,2018,11.6526,746.6974,9.0066,75.8745,63.3601,34.7802,859.3059,10.3648,37.3124,66.2019,2.85,3659.2292,0.0,35.6372,16.0,62.19,400.93,0.0,5428.24,16.6872,36.8985,237.294,,-2.2459,47.6415,0.7425,91.87,0.0279,0.0,25.1599,32.6836,5.0,38.8,52238.958
Germany,2019,10.6378,696.5002,8.3822,64.3793,61.1892,34.5771,806.0433,9.7005,29.9558,69.924,2.76,3570.8816,0.0,40.5775,17.1,62.19,324.37,0.0,5507.27,15.5623,35.3517,237.823,,-1.4329,47.7003,0.8331,94.41,0.0477,0.0,24.1052,32.6827,,38.5,108232.9097
Germany,2020,10.2877,642.0878,7.721,69.0941,59.1435,33.5019,747.0268,8.9829,24.9711,65.3856,2.69,3349.1993,0.0,44.8396,18.5,62.19,239.1,0.0,5368.72,15.8124,35.3517,238.0173,75.81,-1.5461,47.4971,0.7287,95.45,0.0397,0.0,24.1052,32.6827,,38.8,186938.8613
Greece,2012,18.8095,81.555,7.3839,-3.6263,12.6158,4.0964,103.4296,9.3644,51.0491,73.0863,3.57,2408.7558,89.9414,16.9602,14.2,91.88,1488.67,0.01,3416.27,22.4362,20.0991,85.6867,,-0.8739,56.5012,3.4191,103.29,0.1014,0.0107,17.1293,30.27,,,13242.1437
Greece,2013,17.9601,73.8775,6.7374,-2.5903,12.2304,4.0929,95.8496,8.7412,46.2031,69.139,3.22,2133.1284,87.7901,25.1734,16.6,91.88,1249.24,0.0,3030.28,22.1882,20.0789,85.0676,,-1.0485,55.4926,3.3515,93.64,0.0708,0.0126,17.1121,30.27,,8.6,5906.556
Greece,2014,16.8699,71.0085,6.5191,-2.0318,12.155,4.0543,93.0221,8.5401,51.0084,72.9934,3.17,2128.7923,85.8515,24.3841,16.4,91.88,1112.37,0.0,2959.26,21.8124,20.0607,84.5028,,1.7323,48.1071,3.5335,97.19,0.0615,0.0127,17.0966,30.27,,8.6,3803.2117
Greece,2015,17.2372,69.4522,6.4183,-3.4983,12.0573,4.0351,91.4404,8.4504,42.6167,79.0744,3.19,2148.0471,83.8826,28.7273,17.5,91.88,1218.22,0.0,3258.46,21.5626,20.0445,83.9479,,-0.0315,48.0915,3.8215,103.65,0.037,0.0124,17.0828,30.27,,8.6,3840.1217
Greece,2016,15.775,68.1612,6.3253,-4.1013,11.6714,3.9962,89.9567,8.3479,34.6872,81.383,3.13,2109.4166,0.0,27.3987,16.4,91.88,1240.56,0.0,3095.69,21.9366,20.5058,83.5995,,-0.8888,47.6028,3.4581,99.16,0.0518,0.0125,17.4759,30.27,,8.6,6034.1999
Greece,2017,15.6724,68.3839,6.3585,-3.8368,11.9723,3.9795,90.4258,8.408,33.954,81.8523,3.15,2148.0516,0.0,25.1118,16.4,91.88,1242.97,0.0,3290.42,22.063,20.5017,83.4343,17.28,-0.7163,46.9631,3.7523,99.76,0.0592,0.0142,17.4724,30.27,,8.6,8909.1977
Greece,2018,15.584,66.5357,6.1992,-4.6801,11.6946,3.8424,87.9204,8.1917,32.265,82.0229,3.01,2089.3604,0.0,30.3497,17.9,91.88,1234.39,0.0,2889.65,21.9377,20.4774,83.2652,,-0.3455,46.1109,3.5257,98.37,0.0759,0.0132,17.4517,30.27,10.0,11.0,7122.6687
Greece,2019,14.9419,61.4927,5.7354,-5.188,11.3774,3.8054,82.0806,7.6556,24.9311,87.499,2.91,2058.5434,0.0,33.2085,18.5,91.88,1317.47,0.0,3006.17,22.063,20.4633,83.1775,,0.431,45.4893,3.6615,100.63,0.0501,0.0096,17.4397,30.27,,11.0,7604.9472
Greece,2020,14.4089,52.3606,4.8942,-5.1826,11.1187,3.7119,72.2833,6.7563,13.6888,91.2123,2.85,1839.4882,0.0,36.5812,20.1,91.88,1261.32,0.0,3071.31,22.186,20.4774,82.9992,16.89,-1.3513,43.6358,3.9238,101.91,0.0275,0.0091,17.4517,30.27,,11.0,5427.8254
Hungary,2012,18.932,47.6527,4.8035,-4.8308,11.2905,4.9186,65.548,6.6074,18.744,50.1849,4.15,2490.1858,68.1936,7.6392,16.5,,955.37,0.0,5189.72,19.406,8.7237,109.5809,,-1.7249,58.9639,3.8885,79.07,0.4394,0.0,84.1833,22.6683,,,11919.6393
Hungary,2013,17.853,44.7966,4.5374,-4.0962,11.2711,5.1055,62.9559,6.3767,21.0735,50.0908,3.94,2420.1695,65.4247,9.2007,17.2,,708.5,0.0,5119.29,18.6562,9.0674,109.0548,,-0.4014,58.0691,3.9225,88.31,0.3519,0.0,87.5,22.7002,,23.2,8947.1385
Hungary,2014,17.9398,44.8322,4.5593,-5.1319,11.0566,5.2755,63.1669,6.4239,20.7938,59.7317,3.77,2423.515,65.3463,10.7167,15.7,,533.33,0.0,4379.24,19.0926,6.7755,107.7475,,0.7024,57.6813,3.9453,100.22,0.271,0.0,65.3833,22.5502,,22.6,15135.4187
Hungary,2015,17.9803,47.541,4.8522,-5.7259,11.1616,5.2292,66.1078,6.7472,19.4598,53.8369,3.85,2571.1509,66.1102,10.6358,15.6,,893.34,0.0,4918.5,19.7815,6.9603,107.3609,,-1.258,57.6813,3.7614,95.39,0.1682,0.0,67.1667,22.5819,,22.6,10717.8161
Hungary,2016,16.2389,48.2651,4.9453,-4.5734,11.1522,5.3986,66.905,6.8552,18.049,55.8033,3.81,2613.0935,0.0,10.2126,15.3,,657.3,0.0,5124.02,18.4064,6.8377,106.9445,,0.4287,57.8786,3.8677,104.39,0.1185,0.0,65.9833,22.559,,22.6,14018.7685
Hungary,2017,17.0237,51.1346,5.2571,-5.3946,11.187,5.4962,69.8689,7.1832,15.4884,62.7321,3.81,2737.4533,0.0,10.5727,14.6,,774.66,0.0,5195.74,18.3432,8.1805,106.5829,57.66,-1.1074,58.1087,3.7489,98.88,0.1546,0.0,78.942,22.543,,22.6,14115.9745
Hungary,2018,17.5019,51.2595,5.2807,-4.8251,11.1491,5.6293,70.1115,7.2228,15.0747,58.3634,3.61,2738.8273,0.0,11.7442,13.6,,899.18,0.0,4702.17,19.2186,8.4948,106.366,,-1.3093,58.032,3.4716,98.34,0.2284,0.0,81.9744,22.5282,3.0,22.6,13808.8318
Hungary,2019,14.6412,51.5028,5.3124,-5.4148,11.0864,5.6115,70.3185,7.2532,12.2015,69.8127,3.46,2749.2413,0.0,13.6771,13.6,,805.37,0.0,4537.77,19.0925,7.7082,106.233,,-1.0844,57.8348,3.3251,97.08,0.2013,0.0,74.3846,22.5123,,22.6,14401.0124
Hungary,2020,14.1365,49.6521,5.1344,-7.1294,11.1283,5.7406,68.681,7.1022,10.9533,56.4069,3.56,2713.1792,0.0,15.8288,14.8,,642.82,0.0,4826.42,18.8437,7.7399,105.9656,59.33,-0.6095,53.8754,3.3625,93.68,0.113,0.0,74.69,22.4963,,22.6,12016.304
Iceland,2012,6.1102,3.6451,11.3655,6.3956,0.5779,0.3269,4.8583,15.1483,0.0,,15.11,17633.6483,10.3286,99.9862,77.7,62.25,0.08,0.0,10621.45,2.5606,0.3995,3.1992,,0.3651,18.6753,6.4895,93.72,0.0004,0.0004,0.1729,0.4595,,,
Iceland,2013,5.9646,3.7106,11.4608,6.3961,0.5679,0.2988,4.8977,15.1274,0.0,,15.07,18212.7336,10.3844,99.9742,76.8,62.25,0.0,0.0,10847.04,0.8115,0.3956,3.2296,,0.9224,18.6753,5.7944,92.91,0.0004,0.0004,0.1712,0.4665,,2.7,
Iceland,2014,5.7871,3.4639,10.5805,6.3896,0.5854,0.3089,4.6428,14.1814,0.0,,14.77,17947.0382,10.9097,99.9873,77.6,62.25,0.0,0.0,10053.47,1.3124,0.3742,3.2657,,1.4038,18.6753,5.2244,95.52,0.0004,0.0004,0.162,0.4734,,2.3,
Iceland,2015,5.7333,3.6292,10.9705,6.3804,0.5919,0.3092,4.8384,14.6257,0.0,,13.47,16910.7212,11.6682,99.9874,78.0,62.25,0.0,0.0,11046.65,0.3121,0.3798,3.2999,,1.4606,18.6733,5.2502,100.06,0.0003,0.0003,0.1644,0.4804,,2.3,
Iceland,2016,5.2772,3.1789,9.4768,6.3631,0.586,0.2984,4.3577,12.991,0.0,,11.93,15701.473,0.0,99.9936,80.9,62.25,0.0,0.0,10152.03,2.6869,0.3533,3.346,,1.3284,18.6733,4.5396,104.42,0.0003,0.0003,0.1529,0.4854,,2.4,
Iceland,2017,5.84,3.3299,9.6969,6.3353,0.5769,0.3041,4.5079,13.1273,0.0,,12.12,16234.983,0.0,,80.8,62.25,0.0,0.0,10243.6,2.4375,0.3941,3.4254,100.0,1.1004,18.6733,3.748,107.98,0.0002,0.0002,0.1706,0.4926,,2.5,
Iceland,2018,5.5592,3.2946,9.3405,6.3235,0.5684,0.3013,4.4755,12.6885,0.0,,12.68,17346.7503,0.0,,81.4,62.25,0.0,0.0,10579.78,1.4371,0.3941,3.4982,,2.1277,18.5659,4.2466,108.05,0.0002,0.0002,0.1706,0.4963,6.0,2.5,
Iceland,2019,5.4816,3.1768,8.8107,6.3369,0.5422,0.2966,4.3365,12.027,0.0,,12.25,16700.592,0.0,,81.7,62.25,0.0,0.0,10629.63,2.6876,0.3941,3.5759,,0.2522,18.5659,4.3181,107.08,0.0001,0.0001,0.1706,0.5027,,2.7,
Iceland,2020,5.1055,3.0717,8.382,6.3569,0.5472,0.2915,4.2278,11.5368,0.0,,12.92,16083.61,0.0,,82.9,62.25,0.0,0.0,10985.05,1.0618,0.3941,3.6345,75.0,0.9651,18.5659,4.6007,103.55,0.0001,0.0001,0.1706,0.5093,,2.8,
Ireland,2012,9.5889,37.6022,8.1752,-0.6075,19.5117,8.9868,67.2415,14.6192,27.2127,89.7223,2.22,2858.9174,86.6778,19.9411,6.9,63.11,1.93,0.0,5702.51,10.844,4.7177,66.7663,,0.8308,65.8006,0.9863,85.76,0.04,0.0,2.0007,10.6561,,,5829.0577
Ireland,2013,9.1941,36.3338,7.858,0.006,19.78,9.0573,66.3444,14.3484,25.251,94.5991,2.19,2802.6096,86.6588,22.9749,7.7,63.11,33.17,0.0,5692.82,12.0312,5.0759,67.1188,,-0.2911,64.9877,1.07,89.99,0.0142,0.0,2.1526,10.7556,,3.3,4778.0833
Ireland,2014,8.8447,36.1391,7.7589,0.2305,19.7381,9.0813,66.1969,14.2122,24.6542,91.2792,1.97,2726.6053,84.9012,25.4904,8.8,63.11,8.21,0.0,5343.97,11.9062,5.4342,67.6113,,1.2759,64.828,1.2173,96.22,0.0153,0.0,2.3045,10.8552,,3.4,5719.0629
Ireland,2015,8.8116,37.648,8.0069,0.1239,19.7329,9.1701,67.7868,14.4167,25.9396,95.2316,1.65,2825.9812,85.1584,28.599,9.5,63.11,0.98,0.0,5748.47,11.4685,5.7924,68.2531,,1.5562,64.3054,0.8687,100.61,0.0033,0.0,2.4565,10.9547,,4.0,4484.2146
Ireland,2016,8.1102,39.5133,8.2964,-0.742,20.5554,9.4226,70.804,14.8663,22.9086,74.2255,1.7,2932.3042,0.0,25.4968,8.6,63.11,5.9,0.0,5571.78,11.8441,6.1507,69.1352,,-0.3463,64.7554,0.9259,103.17,0.059,0.0,2.6084,11.0662,,4.0,9390.4179
Ireland,2017,8.3843,38.2632,7.9262,0.9645,20.7981,9.6038,69.9073,14.4812,18.7373,71.4047,1.51,2854.8582,0.0,29.3129,10.1,63.11,3.08,0.0,5343.74,11.7188,6.5089,70.0747,61.69,0.2052,65.1619,1.1198,110.85,0.1172,0.0,2.7603,11.1775,,4.0,6125.4823
Ireland,2018,8.2986,38.0252,7.7634,0.1257,19.0219,9.2317,67.2065,13.7212,13.5622,73.3282,1.41,2820.4414,0.0,33.3837,10.8,63.11,26.73,0.0,5479.64,12.4677,6.8672,71.0992,,0.1656,65.5538,0.9282,110.61,0.1322,0.0,2.9122,11.2356,5.0,4.0,8381.4871
Ireland,2019,7.8924,36.369,7.3082,0.289,18.9552,9.0414,65.2785,13.1175,7.8147,75.4138,1.33,2747.9016,0.0,38.706,12.3,63.11,5.36,0.0,5426.68,11.656,7.4013,72.2377,,0.8769,65.6699,0.9539,114.89,0.064,0.0,3.1388,11.2937,,4.0,10354.2201
Ireland,2020,8.1706,34.2933,6.8046,0.9005,18.9124,8.937,62.9056,12.4819,4.9016,74.191,1.21,2633.9769,0.0,42.3895,13.7,63.11,1.74,0.0,5478.76,11.4051,7.4302,73.1564,59.44,1.4113,65.4957,1.009,116.55,0.0308,0.0,3.151,11.3517,,4.0,6212.8905
Italy,2012,18.7657,394.4537,6.5533,-24.9175,50.1825,15.0774,476.6948,7.9197,18.0802,81.839,2.72,2680.4621,82.1863,31.4795,14.4,72.54,1041.15,0.0,4276.49,20.6264,29.8846,203.5427,,-1.4194,46.426,1.9089,103.35,0.1283,0.0,18.5841,30.8931,,,21486.6303
Italy,2013,18.0541,361.7143,5.9974,-40.0641,48.3868,14.9347,442.7417,7.3409,16.7329,79.2945,2.67,2576.4562,79.9549,39.3087,16.3,72.54,787.53,0.0,4222.61,19.8773,29.9441,203.9498,,-0.0853,46.0912,2.0578,101.77,0.1161,0.0,18.6211,31.0751,,11.2,15522.5461
Italy,2014,16.8937,342.9756,5.6859,-40.7342,47.5403,14.8563,423.617,7.0227,16.626,78.3882,2.52,2433.1626,78.5887,43.7427,17.1,72.54,694.73,0.0,3718.96,20.1264,29.9338,203.9805,,0.5627,44.5086,1.9085,95.58,0.0999,0.0,18.6147,31.257,,11.3,19831.9102
Italy,2015,17.76,353.7401,5.8732,-42.3109,48.1119,14.9396,433.5335,7.198,16.0386,79.588,2.6,2533.0235,78.9818,38.994,16.6,72.54,997.46,0.09,3994.31,20.6256,29.9234,203.6724,,-1.8669,43.7748,1.9915,102.55,0.0567,0.0,18.6083,31.439,,11.3,14124.3052
Italy,2016,15.7011,349.1697,5.8083,-44.5666,47.8878,14.9391,429.2273,7.1401,13.2531,80.4851,2.54,2511.4635,0.0,37.9133,16.1,72.54,800.63,0.0,3958.85,20.1276,29.8426,203.2856,,-1.2237,43.3251,1.8492,101.88,0.0271,0.0,18.558,31.621,,13.3,24717.6486
Italy,2017,15.966,345.6817,5.7611,-28.0306,48.129,14.7699,426.1244,7.1018,11.8636,81.178,2.54,2557.3254,0.0,35.7423,16.4,72.54,999.96,0.01,4161.73,21.1259,29.7618,202.9036,,-2.2057,43.3743,1.8934,97.96,0.0405,0.0,18.5078,31.8029,,13.3,34091.5157
Italy,2018,16.3354,340.3734,5.6589,-50.0841,48.6083,14.8964,421.8733,7.0138,10.6849,80.9707,2.47,2503.3499,0.0,40.0899,17.1,72.54,917.48,0.0,3857.79,20.1259,29.681,203.3987,,-1.3137,41.9487,1.8576,99.17,0.0688,0.0,18.4575,31.9849,8.0,13.4,38839.6198
Italy,2019,14.8937,332.562,5.5678,-48.1942,48.3559,14.5446,413.4916,6.9228,7.2322,82.228,2.43,2494.0266,0.0,40.0522,17.3,72.54,1003.52,0.04,4016.81,20.6274,29.822,201.9805,,-0.2091,44.37,1.8187,98.46,0.0581,0.0051,18.5452,32.167,,13.3,59702.1465
Italy,2020,14.6586,295.2134,4.9667,-40.4766,49.0779,14.3642,375.4962,6.3174,5.362,76.8695,2.47,2313.1001,0.0,42.3735,18.7,72.54,879.67,0.0,3928.52,20.8754,29.7982,200.9991,,-1.3144,42.3323,1.928,99.92,0.0452,0.0098,18.5304,32.3489,,14.0,28245.3568
Latvia,2012,14.9825,8.0274,3.946,-4.8945,2.2319,1.9419,12.5754,6.1816,0.0324,60.9111,3.79,2171.0787,58.0287,66.6327,40.4,62.29,90.48,0.0,8177.31,7.9684,1.4626,32.6919,,1.5391,29.5852,3.5329,87.12,0.1081,0.0,1.4652,54.3148,,,34285.4159
Latvia,2013,15.4094,7.7794,3.8653,-3.6158,2.2281,1.9338,12.3292,6.1259,0.0483,60.4801,3.65,2156.5883,58.9126,56.9196,39.6,62.29,139.71,0.0,7638.6,9.0461,1.3907,32.3436,,-0.5302,30.1638,3.2121,84.64,0.0706,0.0,1.3932,54.3769,,17.8,27766.439
Latvia,2014,16.0993,7.5739,3.7988,0.3455,2.2861,1.9489,12.2099,6.124,0.0,43.7074,3.58,2177.0297,56.7126,54.533,40.2,62.29,222.33,0.0,7473.07,10.3591,0.9929,32.0405,,-0.4437,30.0834,3.6164,88.76,0.0702,0.0,0.9947,54.439,,17.8,32203.1645
Latvia,2015,13.6554,7.648,3.8675,-0.9422,2.2854,2.1334,12.4808,6.3113,0.0,55.533,3.39,2155.8522,58.9693,50.1851,38.1,62.29,80.25,0.0,7026.59,10.5933,1.0412,31.7792,,-1.3928,30.2843,3.5545,107.21,0.0274,0.0,1.0431,54.5011,,17.8,30829.6865
Latvia,2016,12.6031,7.4806,3.8175,-2.8055,2.2641,2.2863,12.4655,6.3615,0.0,52.0818,3.3,2172.4388,0.0,54.1842,38.5,62.29,122.33,0.0,7577.52,9.9053,1.0952,31.4901,,0.6077,31.0315,3.3253,104.03,0.0149,0.0,1.0972,54.5633,,17.5,44945.4171
Latvia,2017,11.668,7.4321,3.8265,-4.2994,2.2557,2.2161,12.3325,6.3496,0.0,48.1887,3.31,2265.2169,0.0,72.5229,42.6,62.29,33.61,0.0,7600.81,9.2809,1.0673,31.2123,74.97,1.7845,31.0637,3.6248,106.11,0.0285,0.0,1.0692,54.6255,,17.5,47085.3062
Latvia,2018,14.2076,8.1079,4.2071,-1.891,2.2033,2.176,12.9111,6.6995,0.1041,46.2654,3.35,2403.4998,0.0,52.0315,41.0,62.29,247.49,0.0,7303.24,11.9063,1.0804,30.9701,,-1.8415,31.144,3.661,83.61,0.0635,0.0,1.0823,54.6877,1.0,17.5,46923.5214
Latvia,2019,12.4866,7.9078,4.1319,-3.6043,2.1884,2.2658,12.7841,6.6799,0.0,48.4186,3.16,2343.5158,0.0,49.5823,41.5,62.29,146.48,0.0,6878.36,11.5942,1.0526,30.7555,,-0.6596,31.4976,3.8534,104.75,0.0469,0.0,1.0545,54.7499,,17.5,57402.9306
Latvia,2020,11.602,7.2771,3.8291,-0.8784,2.1616,2.3351,12.1885,6.4135,0.0009,48.6028,3.08,2251.3825,0.0,63.7584,43.8,62.29,123.92,0.0,6499.2,10.9695,1.0678,30.5391,77.48,-0.7413,31.6407,4.0792,110.74,0.0242,0.0,1.0697,54.8094,,17.5,50462.7838
Lithuania,2012,12.3731,14.4911,4.8479,-10.5222,4.5799,5.936,25.4341,8.5088,0.0,80.0964,3.78,2468.1646,72.8845,33.6506,23.9,62.89,141.81,0.0,7751.89,9.5308,3.8702,47.6934,,1.1057,45.3489,4.0001,91.86,0.0762,0.0,3.4722,34.7321,,,17602.9006
Lithuania,2013,12.4132,13.3644,4.5131,-9.8089,4.4434,5.6132,23.9046,8.0725,0.0,78.012,3.44,2352.9134,70.0491,43.5531,26.3,62.89,175.74,0.0,7314.92,10.0935,3.2242,47.2477,,-0.2197,46.1332,3.5344,87.76,0.0552,0.0,2.8926,34.7858,,16.4,13922.7766
Lithuania,2014,12.7577,13.2117,4.498,-8.9107,4.3418,5.8588,23.9487,8.1534,0.0455,76.5302,3.33,2376.2754,68.1949,50.0341,27.7,62.89,248.15,0.0,7092.33,11.4064,2.5782,46.8835,,-0.7296,47.1253,3.4402,95.06,0.0453,0.0,2.3131,34.854,,16.4,15972.1884
Lithuania,2015,11.3029,13.6606,4.6926,-7.8985,4.3806,6.0479,24.7285,8.4945,0.0,77.6835,3.3,2420.6056,-61.3789,47.6992,29.0,62.89,148.15,0.0,6724.32,12.2183,2.7527,46.4662,,-1.658,47.9792,3.4367,105.97,0.0204,0.0,2.4696,34.9082,,16.9,15794.3394
Lithuania,2016,10.2329,13.5202,4.6989,-6.9937,4.2758,5.8938,24.4684,8.5039,0.0,78.0349,3.29,2504.9838,0.0,62.9395,31.5,62.89,167.13,0.0,7238.94,11.344,2.2199,45.9328,,0.4289,47.1553,3.1206,98.97,0.0123,0.0,1.9916,34.9606,,17.3,25531.6871
Lithuania,2017,9.7999,13.9642,4.9124,-6.3464,4.2196,5.9483,24.9035,8.7607,0.0,75.1292,3.3,2653.3998,0.0,74.4411,33.8,62.89,61.7,0.0,7151.46,11.2183,1.8673,45.3798,29.85,1.5615,46.8591,3.5493,100.73,0.0148,0.0,1.6753,35.0569,,17.7,25803.6042
Lithuania,2018,11.0839,14.0184,4.9725,-5.269,3.9307,5.8868,24.4549,8.6744,0.0,77.7376,3.22,2711.1619,0.0,77.8468,33.7,62.89,291.49,0.0,6975.86,13.7811,1.8341,45.0136,,-1.8865,47.0541,2.8869,83.76,0.0159,0.0,1.6455,35.095,2.0,17.8,19749.8444
Lithuania,2019,10.2465,14.2965,5.0858,-5.5909,3.8391,5.9005,24.6564,8.7711,0.0,79.0929,3.06,2707.6076,0.0,77.3458,33.5,62.89,227.59,0.0,6476.98,13.218,2.3633,44.8912,,-1.4926,47.5088,3.124,94.43,0.0083,0.0,2.1202,35.1325,,17.8,24565.2046
Lithuania,2020,9.2189,14.2541,5.072,-5.6327,3.7302,5.8714,24.4498,8.6999,0.0,78.0218,3.0,2674.0684,0.0,60.8066,31.7,62.89,187.82,0.0,6248.4,12.2815,2.8924,44.8797,29.56,-1.1067,46.9946,3.5324,107.57,0.0041,0.0,2.595,35.1485,,17.8,22970.5278
Luxembourg,2012,11.3765,10.8679,20.4689,-0.4131,0.6273,0.2615,11.8226,22.267,0.0,106.3583,2.87,7723.7843,87.1976,35.88,4.2,,106.02,0.0,6127.33,13.4102,3.6982,206.2359,,0.3102,51.0476,0.288,89.21,0.0551,0.0164,4.46,34.4538,,,444.2895
Luxembourg,2013,11.7081,10.3236,18.9996,-0.5768,0.637,0.2637,11.2916,20.7811,0.0,106.2291,2.7,7320.7217,84.4071,48.7757,5.7,,170.27,0.0,6535.79,14.3897,3.5738,211.0579,,0.0318,50.8378,0.2619,91.92,0.0332,0.0123,4.31,34.4538,,37.3,347.8876
Luxembourg,2014,9.9978,9.8199,17.6516,-0.5079,0.6435,0.262,10.798,19.4097,0.0,106.8875,2.53,6878.6815,83.1188,49.1977,6.8,,111.31,0.0,5309.67,15.6688,3.8143,216.0915,,-0.5458,50.8806,0.2896,96.69,0.0295,0.015,4.6,34.4538,,34.9,429.601
Luxembourg,2015,10.3915,9.3094,16.3436,-0.4613,0.6583,0.2559,10.2964,18.0764,0.0,107.7451,2.41,6548.7596,80.5579,67.3232,9.1,,263.11,0.0,5791.16,16.2828,3.7148,221.2518,,-1.1447,50.9893,0.2237,102.08,0.0177,0.0177,4.48,34.4538,,32.5,327.4653
Luxembourg,2016,9.6132,9.0415,15.5348,-0.5652,0.6686,0.2543,10.0361,17.2437,0.0,109.5551,2.27,6342.6834,0.0,85.1138,13.5,,156.5,0.0,6069.17,14.5943,3.6816,226.0723,,0.1485,50.7489,0.2142,101.23,0.0141,0.0141,4.44,34.4538,,42.0,520.7798
Luxembourg,2017,9.6085,9.1884,15.4081,-0.4799,0.6786,0.2559,10.1941,17.0946,0.0,110.1727,2.29,6313.3537,0.0,86.6532,15.3,,204.08,0.0,5853.09,15.7161,3.7811,231.6354,,-0.5785,50.9458,0.2346,104.67,0.0126,0.0126,4.56,34.4538,,40.9,412.7166
Luxembourg,2018,9.2918,9.5448,15.7,-0.3425,0.6637,0.2555,10.5294,17.3195,0.0,110.1924,2.34,6414.3648,0.0,87.6417,16.0,,310.9,0.0,5433.81,16.9092,4.3284,236.1466,,-1.6019,51.1016,0.2337,111.03,0.0175,0.0175,5.22,34.4538,0.0,40.9,457.7823
Luxembourg,2019,8.4591,9.6917,15.6317,-0.4625,0.6491,0.2564,10.6599,17.1934,0.0,109.5148,2.31,6376.867,0.0,85.9067,16.4,,247.05,0.0,5655.2,16.0767,4.0879,240.8276,,-1.0007,51.1107,0.2148,110.4,0.0124,0.0124,4.93,34.4538,,51.2,509.1977
Luxembourg,2020,8.6748,7.9929,12.6787,-0.5471,0.6353,0.2384,8.9246,14.1566,0.0,107.1755,2.02,5435.8157,0.0,88.5748,20.8,,241.04,0.0,5262.48,16.1547,3.9635,244.8743,,-1.2847,51.3219,0.2004,113.62,0.009,0.009,4.78,34.4538,,51.2,654.5192
Moldova,2012,20.3836,8.3528,2.9202,-1.4337,2.227,0.6264,11.3366,3.9634,0.0,84.0162,6.2,1316.7686,82.1328,4.6835,22.1,,1160.6,0.0,5954.45,19.781,12.6225,99.6733,,-0.8161,74.8631,10.4482,72.01,0.034,0.0,52.4691,11.5417,,,1771.5844
Moldova,2013,19.9795,7.4941,2.6207,-1.2892,2.2754,0.8543,10.7709,3.7666,0.0,82.4263,5.11,1184.7502,78.2269,7.0155,23.8,,654.81,0.0,5432.67,18.5931,12.4592,99.5772,,0.0725,74.8479,11.5504,96.62,0.026,0.0,51.7901,11.6071,,4.2,167.3453
Moldova,2014,18.7371,8.0409,2.8137,-0.9273,2.302,0.8287,11.3315,3.9651,0.0,81.7847,5.25,1277.1394,80.2246,6.2401,24.3,,710.27,0.0,5656.99,19.9693,12.4146,99.5165,,0.4181,70.4075,14.071,102.1,0.0197,0.0,51.6049,11.6794,,4.2,363.1332
Moldova,2015,18.1479,8.2992,2.9264,-1.3729,2.3098,0.8408,11.6174,4.0964,0.0,82.5739,5.35,1307.9946,81.5491,4.7371,24.7,,1001.29,0.0,5283.06,20.7806,12.474,98.7561,,-1.4018,70.4988,12.8213,90.67,0.0092,0.0,51.8519,11.7518,,4.2,495.6817
Moldova,2016,17.0561,8.4234,3.0049,-1.1171,2.3161,0.9843,11.8997,4.2451,0.0,81.9081,5.25,1356.3127,0.0,4.2523,25.3,,817.76,0.0,5556.03,18.4683,12.5037,97.6142,,-0.0892,70.4957,12.4797,107.23,0.0059,0.0,51.9753,11.7549,,4.2,832.9014
Moldova,2017,15.1424,8.3058,3.0146,-1.1657,2.3821,1.042,11.9269,4.3289,0.0,80.8831,5.1,1397.5991,0.0,6.388,26.1,,754.1,0.0,5539.04,18.8439,12.474,95.9094,,-0.3125,70.4561,12.1996,115.78,0.0063,0.0,51.8519,11.7513,,4.2,1092.1166
Moldova,2018,17.0808,8.8624,3.2736,-1.0066,2.3515,1.2021,12.6204,4.6618,0.0,81.9775,5.16,1495.5731,0.0,6.154,25.3,,838.76,0.0,5661.34,19.1567,12.4295,94.2544,,-0.6265,68.6355,10.1469,121.39,0.0089,0.0,51.6667,11.753,4.0,4.2,861.2191
Moldova,2019,15.7728,9.1101,3.4194,-0.1486,2.2612,1.1048,12.6926,4.7641,0.0,84.1576,4.91,1500.0395,0.0,6.6357,22.0,,817.25,0.0,5039.7,20.5945,12.4592,92.7561,,-1.9115,68.7711,10.1608,118.64,0.0072,0.0,51.7901,11.7528,,4.2,817.1594
Moldova,2020,14.7583,8.8484,3.3579,-0.1724,2.2734,1.033,12.3849,4.6999,0.0,84.0959,5.16,1461.4744,0.0,5.7783,22.3,,875.96,0.0,4923.22,21.3444,12.5631,91.7473,,-1.6046,75.1446,9.3667,81.46,0.0044,0.0,52.2222,11.7532,,4.2,1413.3152
Montenegro,2012,25.1527,,,-2.0717,,,,,48.0661,34.6593,4.24,1701.4683,61.4907,51.9371,45.9,74.93,601.4,0.0,5928.91,14.564,,46.2021,,-1.1164,38.1413,4.8954,93.52,0.3298,0.1309,,61.487,,,1258.6025
Montenegro,2013,23.0328,,,-2.4193,,,,,36.5272,23.6995,3.8,1574.5514,63.9649,63.4771,49.3,74.93,374.82,0.0,5659.21,14.6928,,46.289,,0.1343,16.5896,5.2096,100.52,0.1051,0.0,,61.487,,9.6,2401.4566
Montenegro,2014,22.8934,,,-2.5064,,,,,44.7841,30.4146,3.64,1532.3428,64.7133,55.2049,46.0,74.93,228.01,0.0,5324.24,15.562,,46.375,,1.2698,17.1242,5.1157,94.04,0.1654,0.0,,61.487,,2.6,1437.8909
Montenegro,2015,22.5226,,,-2.3741,,,,,50.3497,30.5421,3.68,1599.5939,65.7017,49.6503,43.0,74.93,532.56,0.11,5719.52,15.0632,,46.4425,,-1.1329,17.2045,4.9637,97.94,0.1282,0.0,,61.487,,2.6,180.9634
Montenegro,2016,20.7818,,,-2.3699,,,,,41.3244,35.351,3.47,1552.2331,0.0,58.6816,43.9,74.93,335.0,0.0,5718.16,14.5663,,46.4946,,0.4649,19.0112,4.8061,108.01,0.1964,0.0,,61.487,,2.6,1119.5271
Montenegro,2017,21.1886,,,-1.8092,,,,,54.8348,41.3384,3.47,1625.4961,0.0,45.1612,37.8,74.93,492.41,0.34,5965.55,15.3106,,46.5414,94.12,-1.6472,19.0558,4.4361,97.82,0.3611,0.0,,61.487,,4.2,1268.9716
Montenegro,2018,22.0011,,,-2.4562,,,,,40.7874,31.8222,3.42,1679.5598,0.0,59.2126,40.6,74.93,360.46,0.0,5336.39,14.8123,,46.5753,,-1.1528,19.0929,4.027,102.16,0.1144,0.0172,,61.487,6.0,4.2,1652.2428
Montenegro,2019,18.3232,,,-2.5039,,,,,43.8101,33.6894,3.4,1737.5932,0.0,56.187,38.7,74.93,453.94,0.18,5481.42,15.0555,,46.5987,,0.2509,19.1078,3.7035,99.04,0.1253,0.0607,,61.487,,6.9,647.2366
Montenegro,2020,17.9824,,,-2.5039,,,,,47.7811,27.6534,3.76,1625.8628,0.0,52.2337,39.6,74.93,364.76,0.0,5514.06,15.5632,,46.5866,88.1,-1.0307,19.1784,4.1839,102.84,0.2127,0.1741,,61.487,,9.0,983.1839
Netherlands,2012,14.3672,171.6019,10.2419,3.9014,21.7124,8.6715,203.8854,12.1687,26.4574,37.2648,3.7,4599.2059,92.1673,12.0899,4.9,62.68,126.48,0.0,5479.72,13.5306,20.3461,496.885,,0.2433,54.6174,1.697,90.81,0.9211,0.0,97.4209,10.9733,,,946.7087
Netherlands,2013,13.285,169.3558,10.078,3.4007,21.6197,8.6723,201.6783,12.0015,27.0973,28.8439,3.62,4488.6041,93.8303,11.9117,5.0,62.68,151.18,0.0,5793.41,14.4686,20.2013,498.7958,,-0.7488,54.8412,1.8447,93.41,0.9324,0.0,96.7273,10.9317,,20.2,514.177
Netherlands,2014,12.6133,161.7631,9.5916,4.3144,21.5445,8.6363,193.5741,11.4779,31.3667,38.135,3.37,4215.3526,93.2982,11.2693,5.6,62.68,136.97,0.0,4562.62,15.5939,18.0178,500.5939,,-0.8551,54.5889,1.801,96.63,0.5725,0.0,86.2727,10.8804,,18.0,875.2615
Netherlands,2015,13.1341,169.3542,9.9973,4.5812,21.5159,8.8585,201.5296,11.8967,38.3194,58.82,3.38,4298.5929,92.0358,12.4231,5.8,62.68,141.23,0.0,5082.71,14.6551,15.9692,503.1162,,-0.4706,54.8263,1.806,101.11,0.3413,0.0,76.4636,10.8355,,17.9,894.1997
Netherlands,2016,11.9585,170.7937,10.0288,4.2991,21.3806,8.8903,202.6787,11.9011,34.338,55.4883,3.37,4352.4465,0.0,12.8331,5.6,62.68,167.27,0.0,5215.9,14.622,15.2333,505.8008,,-0.4584,53.9056,1.864,102.26,0.1956,0.0,72.94,10.8631,,17.9,1406.5902
Netherlands,2017,12.7177,168.176,9.8169,3.4632,20.3149,8.6442,198.731,11.6005,29.1251,62.3249,3.3,4365.2039,0.0,14.8804,6.4,62.68,120.12,0.0,5004.89,14.7804,15.0298,508.8,7.32,0.0951,54.0244,1.9679,102.47,0.2153,0.0,71.9655,10.891,,21.2,1333.2029
Netherlands,2018,12.0709,163.095,9.4649,3.3672,19.1385,8.3559,191.8839,11.1356,26.5661,71.6849,3.16,4251.1672,0.0,16.5281,7.4,62.68,305.73,0.0,4902.04,16.4678,16.367,511.7797,,-1.9519,54.1432,1.7599,96.33,0.3207,0.0,73.5473,10.9186,3.0,21.2,1271.1799
Netherlands,2019,11.3641,157.9744,9.1078,3.0162,19.0272,8.3997,186.7,10.764,16.5137,78.2545,3.03,4129.4091,0.0,18.7763,8.6,62.68,227.45,0.0,4915.41,15.5931,17.0006,515.1433,,-0.9461,53.959,1.7588,100.72,0.2011,0.0,76.3945,10.9465,,25.3,2481.474
Netherlands,2020,10.8892,142.1604,8.1507,2.6328,18.4767,8.4588,170.3436,9.7666,8.1945,81.7604,3.05,3975.3781,0.0,26.5576,10.7,62.68,226.13,0.0,4670.28,16.4072,16.8036,518.0131,8.73,-1.2406,53.8892,1.7374,102.3,0.0725,0.0,75.5091,10.9742,,25.3,1921.8082
North Macedonia,2012,35.8424,9.6203,4.9851,-1.22,1.7811,0.4767,12.2931,6.3701,77.1638,48.3921,4.44,1549.5234,81.3344,16.6658,18.3,,1017.16,0.0,5296.9,18.3164,15.3146,76.5195,,-1.334,50.2379,9.1047,90.38,0.6244,0.0,11.7185,38.6209,,,2940.6446
North Macedonia,2013,32.7169,8.7967,4.5751,-1.36,1.7003,0.4624,11.3925,5.9252,66.0486,46.8787,4.0,1441.7218,79.0522,26.1408,21.2,,665.85,0.0,4815.48,19.0645,11.9724,76.2377,,-1.2117,49.9603,10.0275,95.39,0.6541,0.0,9.1611,38.8902,,9.7,1149.1907
North Macedonia,2014,33.7775,8.3515,4.3553,-1.5,1.6748,0.4688,10.9641,5.7177,69.5385,51.7652,3.75,1404.8828,77.333,24.0354,21.2,,527.22,0.0,4680.07,18.5609,16.4023,76.0332,,1.6689,50.0,10.1776,93.16,0.7142,0.0,12.5508,39.1596,,9.7,1815.5663
North Macedonia,2015,31.8725,7.9328,4.148,-1.9,1.6698,0.4569,10.5479,5.5154,58.3599,52.5244,3.56,1387.9796,76.8808,35.9292,23.9,,822.37,0.0,5085.58,18.5668,20.8321,75.8299,,-0.1275,50.0397,9.7269,102.79,0.5102,0.0,15.9404,39.429,,9.7,784.3281
North Macedonia,2016,30.0799,7.6209,3.9977,-2.3,1.6499,0.4699,10.2504,5.3771,51.3946,59.1788,3.5,1408.2202,0.0,36.7126,21.4,,649.28,0.0,4954.32,17.8142,25.262,75.5874,,0.4473,50.1586,9.1729,104.06,0.494,0.0,19.3301,39.7173,,9.7,1496.2464
North Macedonia,2017,30.4645,7.9803,4.2031,-2.7,1.676,0.473,10.7022,5.6367,60.4643,56.8098,3.52,1438.492,0.0,23.1439,19.0,,828.91,0.0,5162.87,19.5585,38.6923,75.2838,63.64,-0.5609,50.1983,7.8732,83.71,0.4117,0.0,29.6068,39.7102,,9.7,1147.1515
North Macedonia,2018,31.0045,7.5427,3.9929,-3.1,1.6501,0.4577,10.2414,5.4215,50.7937,58.4391,3.25,1370.1217,0.0,35.0553,20.9,,594.07,0.0,4592.14,18.8153,52.1227,74.9029,,-0.8422,50.119,8.4704,101.5,0.1713,0.0,39.8835,39.7102,6.0,9.7,1542.9313
North Macedonia,2019,25.8787,8.6778,4.625,-3.5,1.5844,0.45,11.3372,6.0424,59.7546,58.9557,3.4,1503.5134,0.0,22.8967,17.0,,802.96,0.0,4694.73,19.1901,38.7023,74.3958,,-0.7006,50.1586,8.1323,95.71,0.0003,0.0,29.6144,39.7102,,10.6,1790.297
North Macedonia,2020,26.1187,7.5804,4.084,-1.5,1.5783,0.4664,10.2885,5.543,49.2613,63.9338,3.26,1388.5465,0.0,29.0673,20.0,,665.3,0.0,4884.23,18.8126,34.8463,73.5973,57.89,-0.7703,50.0397,8.5691,102.72,0.0002,0.0,26.6639,39.7102,,9.0,1856.1374
Norway,2012,7.307,46.3897,9.2436,-24.5305,9.635,3.8411,61.3578,12.2261,0.1131,-598.4242,3.96,5805.4676,58.8096,97.9887,56.9,56.82,1.54,0.0,10792.76,-1.8122,2.0773,13.7403,,1.3573,2.7182,1.0773,94.84,7.2128,0.0,0.7151,33.1767,,,29947.1259
Norway,2013,7.0275,46.8777,9.2286,-21.1518,9.7905,3.8187,62.1666,12.2384,0.1119,-535.3411,4.14,6047.1806,65.6117,97.6982,56.6,56.82,5.78,0.0,10219.79,0.1874,2.0941,13.9121,,-0.0512,2.7036,1.253,95.62,6.2337,0.0,0.7209,33.2091,,4.7,33069.4424
Norway,2014,7.0927,46.9905,9.147,-18.9667,9.5799,3.8248,61.9543,12.0599,0.1106,-596.9993,3.75,5525.576,58.7135,97.6733,55.8,56.82,35.09,0.0,9547.78,0.3707,2.1131,14.0704,,-0.4854,2.7027,1.3834,98.85,5.7419,0.0,0.7274,33.2318,,4.8,39148.9622
Norway,2015,6.7521,47.9542,9.2422,-15.2627,9.5577,3.8676,62.8932,12.1214,0.1045,-719.2085,3.31,4930.4814,67.1991,97.7069,56.5,56.82,2.86,0.0,9779.87,0.1875,2.0634,14.2079,,1.7187,2.7,1.4818,100.13,3.7779,0.0,0.7103,33.2456,,4.8,36638.8462
Norway,2016,6.2306,47.3711,9.0498,-13.8216,9.4392,3.8402,62.2138,11.8853,0.098,-647.7633,3.6,5368.5765,0.0,97.818,57.7,59.21,4.57,0.0,9967.91,0.6875,2.0136,14.3354,,0.2273,2.6939,2.0339,101.03,2.8845,0.0,0.6932,33.2711,,5.0,60081.686
Norway,2017,6.5216,47.4084,8.984,-16.0802,9.182,3.8483,61.9913,11.7475,0.1244,-626.8608,3.74,5673.5093,0.0,97.8493,58.9,56.18,0.67,0.0,10227.92,-1.0629,2.0461,14.4526,100.0,1.8861,2.698,1.9188,101.35,4.0173,0.0,0.7044,33.2945,,5.1,57916.6396
Norway,2018,6.6961,46.6404,8.7803,-13.1117,9.0543,3.8503,61.1188,11.506,0.121,-597.2652,3.65,5539.1901,0.0,97.7968,58.9,54.39,50.13,0.0,10047.77,0.3128,2.0444,14.5489,,-0.6748,2.7013,1.8112,96.64,5.423,0.0,0.7038,33.3173,8.0,5.1,59219.4712
Norway,2019,6.3812,45.3466,8.4793,-8.8348,8.7824,3.8458,59.5497,11.1352,0.1208,-596.9588,3.43,5220.6887,0.0,97.7822,59.8,51.52,21.48,0.0,10213.93,-0.6264,2.0429,14.648,,1.2143,2.6959,1.7825,101.62,4.5813,0.0,0.7033,33.3399,,5.0,64784.1721
Norway,2020,6.0559,43.7079,8.1249,-15.9634,8.8206,3.8578,57.8321,10.7505,0.1173,-648.6591,3.44,5145.7222,0.0,98.4305,60.9,61.23,15.22,0.0,9482.43,-0.1253,2.0413,14.7672,100.0,1.7328,2.7066,1.8439,101.36,3.181,0.0,0.7027,33.4354,,5.7,68362.8482
Poland,2012,24.1305,319.7269,8.3999,-45.0057,52.0026,26.8136,405.0957,10.6427,84.1352,31.7024,4.24,2563.6909,91.0808,10.7619,10.9,56.38,295.95,0.0,6741.85,12.9376,39.6954,124.3001,,-0.5258,47.4463,2.9856,96.02,0.4432,0.0,21.3955,30.5839,,,54895.9275
Poland,2013,23.1892,315.0899,8.2831,-47.1545,51.7124,26.1695,399.1533,10.4929,84.918,26.5012,4.2,2567.1821,91.0927,10.7619,11.4,56.38,245.39,0.0,6663.05,13.3125,38.9062,124.2291,,0.2629,47.0592,3.2265,95.19,0.3407,0.0,20.9701,30.6443,,34.2,35014.6838
Poland,2014,23.4338,302.5703,7.9599,-39.7322,50.2073,25.9213,385.4238,10.1396,82.7058,29.6786,3.9,2473.7977,90.0737,12.8767,11.6,56.38,279.8,0.0,5957.07,14.4376,36.7982,124.1443,,-0.5752,47.108,2.9712,101.74,0.2689,0.0,19.834,30.7058,,29.3,56279.5252
Poland,2015,22.414,305.7942,8.0501,-36.167,50.1158,26.1729,387.923,10.2122,80.6104,30.1532,3.77,2498.7741,89.9818,14.1941,11.9,56.38,369.73,0.0,5929.87,14.9376,36.1648,124.0616,,-1.8883,46.9349,2.4836,96.53,0.202,0.0,19.4925,30.7652,,29.3,42742.6509
Poland,2016,21.2485,316.728,8.3415,-43.6188,49.867,26.9009,399.4495,10.5201,79.775,31.1609,3.83,2614.9716,0.0,13.9912,11.3,56.38,253.03,0.0,6240.57,14.0625,35.6144,124.0083,,-0.3191,46.9447,2.6238,101.73,0.177,0.0,19.1959,30.8142,,38.0,86510.7236
Poland,2017,22.2632,330.2221,8.6958,-44.3394,49.0445,27.4972,412.81,10.8706,78.2788,38.8224,3.81,2734.4273,0.0,14.4485,11.1,56.38,204.11,0.0,6317.26,13.4373,34.891,124.0237,50.23,0.8034,47.2321,2.9854,106.19,0.2406,0.0,18.806,30.8534,,38.1,96251.1217
Poland,2018,22.4094,329.6329,8.6803,-43.8061,49.4452,26.7003,411.6684,10.8406,78.2215,44.0701,3.77,2865.5268,0.0,12.9783,15.1,56.38,418.19,0.0,5939.96,15.9373,33.2226,124.0316,,-2.2642,47.3985,2.4156,102.62,0.2835,0.0,17.9067,30.8946,4.0,38.1,96846.1953
Poland,2019,18.7702,312.0707,8.2199,-25.2356,48.2804,26.701,392.6558,10.3424,73.4511,45.8817,3.48,2761.0725,0.0,15.9761,15.6,56.38,399.44,0.0,5663.28,15.4373,31.0972,124.0256,,-1.7845,47.4437,2.3703,101.5,0.1801,0.0,16.7612,30.9399,,38.1,76721.0742
Poland,2020,17.9583,296.8799,7.9135,-26.109,46.606,26.7344,375.6244,10.0124,69.2031,43.0495,3.44,2710.9561,0.0,18.3995,16.1,56.38,251.85,0.0,5722.89,14.4378,30.0,122.5484,72.17,-0.9661,48.1266,2.5684,111.87,0.1118,0.0,16.1698,30.977,,38.0,74958.8552
Portugal,2012,10.1152,49.7787,4.7341,-2.7836,11.0,3.1707,66.2532,6.3009,28.0753,85.1213,2.83,2039.17,75.8065,43.7843,25.5,98.85,789.35,0.0,3032.78,23.1861,17.7063,114.8034,,-1.0894,40.0088,1.92,91.81,0.0812,0.0,23.1906,35.7681,,,58236.2421
Portugal,2013,9.7683,48.1388,4.6034,-1.5971,10.8752,3.1669,64.6378,6.1811,22.9094,78.7824,2.86,2055.5882,73.4307,59.2374,30.2,98.85,910.04,0.0,3014.17,22.8121,17.5723,114.1561,,0.3338,40.4027,2.0419,94.28,0.0568,0.0,23.0151,35.8932,,7.4,51884.6705
Portugal,2014,9.5058,47.6708,4.5833,-4.1013,10.9874,3.1866,64.4135,6.193,22.6355,77.439,2.8,2035.4114,72.7806,61.369,30.5,98.85,650.57,0.0,2618.4,22.5619,17.4383,113.5418,,0.4055,39.9962,1.9766,93.66,0.0517,0.0,22.8395,36.024,,7.4,60259.2077
Portugal,2015,9.6425,51.7215,4.9934,-2.9042,11.1612,3.2809,68.8611,6.6481,28.0942,84.2773,2.85,2121.0873,77.4089,48.6663,27.2,98.85,842.08,0.0,2578.46,23.8119,17.3042,113.0725,,-1.8741,39.7222,1.9754,107.54,0.0204,0.0,22.664,36.155,,7.5,46096.3745
Portugal,2016,8.8377,50.523,4.8931,-0.7948,11.0847,3.3103,67.7448,6.561,20.9352,80.5911,2.77,2111.0971,0.0,55.5233,29.0,98.85,979.32,0.0,2807.54,22.8128,17.1702,112.7164,,0.2074,39.5066,1.9224,98.8,0.0148,0.0,22.4884,36.155,,9.1,94645.801
Portugal,2017,9.2552,55.1436,5.3536,13.8547,11.2645,3.4074,72.8197,7.0697,24.6774,87.1736,2.8,2209.9814,0.0,40.901,24.4,98.85,999.36,0.0,2478.12,24.8121,12.3799,112.4418,44.39,-2.2061,40.1001,1.9637,110.26,0.046,0.0,16.2144,36.155,,16.5,173894.2617
Portugal,2018,9.026,51.1078,4.9697,-4.2036,11.2953,3.3629,68.8776,6.6977,20.1321,85.339,2.63,2140.9756,0.0,51.3733,27.5,98.85,844.51,0.0,2944.21,22.9066,12.3157,112.2619,,0.4775,40.7919,1.9182,102.07,0.0858,0.0,16.1303,36.155,13.0,16.9,97437.2361
Portugal,2019,7.9826,46.4279,4.5136,-3.5202,11.4849,3.4126,64.5604,6.2764,10.4075,84.3565,2.53,2115.1857,0.0,54.2392,28.2,98.85,745.94,0.0,2652.85,23.4365,12.3157,112.2886,,-1.572,43.1253,1.9999,111.93,0.0935,0.0,16.1303,36.155,,16.9,36885.6574
Portugal,2020,8.4524,40.6444,3.9472,-3.7906,11.4945,3.347,58.6825,5.6989,4.4519,71.5092,2.56,1957.3055,0.0,59.6287,31.3,98.85,932.06,0.0,2509.92,23.1869,12.3157,112.4067,48.19,-0.8452,43.1661,2.1409,108.16,0.1774,0.097,16.1303,36.155,,17.1,62043.5131
Romania,2012,19.425,87.6338,4.369,-38.5145,19.8494,9.7934,119.3905,5.9523,38.8043,22.4979,3.29,1736.5762,76.6537,25.7383,21.5,74.93,880.57,0.01,6040.71,17.9377,6.0687,87.2013,,-1.3593,59.7035,4.5408,79.61,1.4229,0.0,15.295,28.9948,,,30649.2818
Romania,2013,17.8711,79.5312,3.9798,-38.6511,19.7566,9.9229,111.2215,5.5656,28.7902,18.2976,3.0,1590.1938,73.7616,34.8111,23.1,74.93,562.52,0.0,5721.69,17.5633,6.0088,86.8743,,-0.2336,60.4486,5.5097,98.45,1.212,0.0,15.1439,29.3291,,18.1,12945.9339
Romania,2014,17.9898,78.9902,3.9676,-49.3176,19.8603,10.1502,111.3112,5.591,27.1149,16.7185,2.85,1579.4066,73.0867,42.0262,24.3,74.93,461.12,0.0,5503.51,18.6877,5.8815,86.5307,,0.8922,60.1095,4.9483,103.07,0.9373,0.0,14.823,29.6582,,22.5,19481.5006
Romania,2015,17.4955,80.304,4.0526,-48.4795,19.7731,9.9235,112.2452,5.6645,27.4828,16.7628,2.78,1598.6918,39.0055,40.0863,23.7,74.93,722.2,0.0,5524.63,18.4384,6.0528,86.1249,,-1.0996,60.2312,4.4259,96.09,0.6032,0.0,15.2548,29.9937,,22.6,10906.4571
Romania,2016,16.5983,78.7065,3.9948,-50.577,19.6966,10.6249,111.5446,5.6615,24.5473,21.986,2.7,1604.6234,0.0,42.2055,24.4,74.93,600.79,0.0,5802.88,17.063,5.9676,85.6322,,0.3596,58.7665,4.2922,100.84,0.3622,0.0,15.0401,30.1158,,22.6,23045.4089
Romania,2017,17.0446,81.7983,4.1758,-48.779,19.7481,10.9553,115.2104,5.8815,26.2178,23.4945,2.62,1693.3736,0.0,38.324,23.4,74.93,626.07,0.0,5805.1,17.9373,6.3412,85.1387,59.87,-0.7701,58.145,4.4388,115.92,0.4773,0.0,15.9816,30.1158,,24.3,19187.2911
Romania,2018,17.172,83.0019,4.2622,-46.8386,19.4402,10.8324,116.06,5.9598,24.2786,24.3584,2.49,1717.1175,0.0,41.044,23.0,74.93,595.52,0.0,5499.15,18.0622,6.0069,84.64,,-0.7586,58.3015,4.5066,118.69,0.6434,0.0,15.1392,30.1158,9.0,24.3,18974.3875
Romania,2019,15.0073,81.1522,4.1892,-46.8404,19.3522,10.6618,113.9659,5.8831,23.0267,30.3564,2.37,1705.2578,0.0,42.0319,23.5,74.93,638.44,0.0,5199.85,18.812,6.5471,84.1953,,-1.6032,60.0921,4.3115,112.46,0.4754,0.0,16.5007,30.1158,,24.4,12266.1279
Romania,2020,14.8502,75.7011,3.9294,-49.2101,18.9253,10.7537,108.1538,5.6139,16.9503,28.1875,2.39,1669.6382,0.0,44.5646,24.1,74.93,596.74,0.0,5355.5,18.1848,6.9244,83.7328,64.66,-0.8845,56.7151,4.0718,86.87,0.2303,0.0,17.4516,30.1158,,24.4,27445.4512
Serbia,2012,30.3846,,,-4.8304,,,,,71.5617,28.0036,5.69,2023.8314,86.9123,26.9799,19.5,,1025.33,0.0,5356.57,19.0612,4.9622,82.3405,,-1.6275,39.5907,6.0436,82.85,1.2797,0.0,52.373,31.0498,,,3478.0647
Serbia,2013,28.4561,,,-5.7164,,,,,71.9462,24.1747,5.66,2082.0149,88.4117,27.3028,20.0,,669.51,0.0,4963.0,18.8131,5.3071,81.9409,,-0.2071,39.9177,6.2997,99.44,1.0514,0.0,56.0128,31.0647,,7.4,2798.2718
Serbia,2014,28.0367,,,-5.8153,,,,,65.0822,28.157,5.12,1861.5968,83.7594,34.224,23.2,,461.47,0.0,4621.39,18.5943,4.4348,81.5434,,1.4421,40.0915,6.1174,98.02,0.956,0.0,46.8062,31.0796,,6.7,4387.9095
Serbia,2015,27.8633,,,-5.3046,,,,,71.1029,27.8417,5.59,2080.5906,64.5531,28.2772,21.2,,874.62,0.0,5052.33,19.0642,5.2846,81.1272,,-1.0867,39.8011,5.606,94.39,0.5085,0.0,55.7749,31.0946,,6.7,2815.5532
Serbia,2016,25.5339,,,-4.9662,,,,,69.4372,30.0628,5.6,2165.8389,0.0,29.4911,20.9,,613.42,0.0,5109.21,17.5635,5.3042,80.7034,,0.7872,39.5152,5.7066,107.59,0.3883,0.0,55.9819,31.102,,6.6,4676.166
Serbia,2017,26.2823,,,-5.0815,,,,,71.6804,34.1393,5.61,2224.7852,0.0,26.7277,20.0,,823.75,0.0,5254.14,19.1874,6.06,80.2751,47.37,-1.39,39.0922,5.0578,90.75,0.4958,0.0,63.9586,31.1212,,6.6,3570.5859
Serbia,2018,27.1283,,,-4.8414,,,,,67.1049,35.064,5.28,2200.4041,0.0,31.1912,21.0,,672.15,0.0,4768.49,18.9393,6.2634,79.8377,,-0.9984,39.6067,5.2047,107.67,0.5846,0.0,66.1056,31.1228,6.0,6.6,3966.3811
Serbia,2019,22.6363,,,-5.1188,,,,,68.2394,35.9593,5.03,2201.7201,0.0,29.9533,21.4,,731.85,0.0,4641.91,19.5627,6.3316,79.4104,,-0.8241,39.5609,4.7647,107.81,0.4743,0.0,66.8253,31.1253,,7.6,3962.2119
Serbia,2020,22.5075,,,-4.9691,,,,,69.8019,30.0751,5.25,2291.6082,0.0,28.8541,26.0,,586.21,0.0,4929.64,18.6868,5.7455,82.0445,47.76,-0.9206,41.408,5.0537,110.92,0.2661,0.0,60.6399,32.3778,,7.6,4987.0534
Slovak Republic,2012,20.3422,36.1064,6.677,-6.2671,5.7403,2.8309,45.3814,8.3922,13.6268,58.1389,4.72,3220.5055,63.9321,20.2693,10.5,,452.66,0.0,6548.12,14.0633,2.8627,112.4517,,-1.4731,40.0807,1.7946,85.42,0.0309,0.0,5.2802,39.9153,,,9169.7347
Slovak Republic,2013,19.5809,36.3803,6.7204,-6.9853,5.7424,2.9969,45.8419,8.4682,12.2295,57.6005,4.78,3260.4444,63.7858,23.1375,10.7,,351.76,0.0,6483.63,14.3146,2.7427,112.5726,,-0.1601,39.3736,2.0743,93.53,0.0187,0.0,5.0587,39.9313,,35.9,5076.2636
Slovak Republic,2014,19.2661,33.9902,6.2728,-4.817,5.3766,2.9706,43.0451,7.9439,12.2477,59.7953,4.38,3013.3029,62.4582,23.6561,12.2,,241.15,0.0,5632.37,15.1885,2.4066,112.7007,,0.4077,39.297,2.6149,104.72,0.0147,0.0,4.4389,39.9539,,36.8,17366.174
Slovak Republic,2015,19.1867,34.526,6.3656,-5.3029,5.4529,3.1578,43.9296,8.0994,12.3852,57.358,4.28,3131.8628,61.468,23.4584,13.4,,499.93,0.0,6112.53,15.0626,2.4682,112.8031,,-1.6287,39.2787,2.046,89.58,0.013,0.0,4.5524,39.9682,,36.8,5282.6377
Slovak Republic,2016,17.8788,35.4446,6.5266,-5.374,5.4695,3.1736,44.8014,8.2495,12.0751,57.4894,4.22,3159.568,0.0,25.4064,13.1,,292.11,0.0,6340.75,14.8113,2.3894,112.9534,,0.3411,39.2263,2.0626,105.7,0.0121,0.0,4.4071,40.0035,,37.3,16941.7193
Slovak Republic,2017,18.1847,37.7288,6.9364,-5.2693,5.5091,3.0488,47.0651,8.6529,12.7623,61.8303,4.33,3316.826,0.0,24.6269,12.4,,385.85,0.0,6536.83,13.5639,2.3937,113.1288,70.0,-0.7305,39.0807,1.8481,91.88,0.0132,0.0,4.4151,40.0562,,37.3,14212.0331
Slovak Republic,2018,18.6788,37.2427,6.8376,-4.2956,5.4262,3.2525,46.6697,8.5683,13.2883,60.7892,4.14,3269.5725,0.0,22.5983,12.4,,440.98,0.0,5824.26,15.0619,2.3946,113.2856,,-1.5295,39.2887,2.0093,97.89,0.012,0.0,4.4167,40.0562,4.0,37.6,17697.5833
Slovak Republic,2019,15.8371,34.8074,6.3818,-5.065,5.3397,3.1178,44.0185,8.0706,9.5133,69.4729,3.98,3128.3634,0.0,24.1225,17.6,,433.5,0.0,5825.1,15.0627,2.4036,113.439,,-0.9747,39.2055,1.617,97.92,0.0095,0.0,4.4333,40.0562,,37.6,10331.9582
Slovak Republic,2020,15.3916,32.6439,5.98,-7.2438,5.4223,3.2113,41.9962,7.6933,7.6462,55.8609,3.99,3032.6427,0.0,24.7555,17.6,,281.77,0.0,6023.12,14.3127,2.3881,113.5363,74.1,-0.092,39.1639,1.7292,102.6,0.0078,0.0,4.4048,40.0562,,37.6,11947.8506
Slovenia,2012,18.343,15.517,7.5429,-7.0284,3.6508,0.7062,20.3663,9.9002,32.6937,51.5119,4.38,3428.8979,64.9898,28.701,20.2,98.62,506.33,0.0,5640.46,14.6891,6.2745,102.114,,-1.0832,30.3683,1.826,94.57,0.1681,0.146,4.9705,61.9189,,,904.1402
Slovenia,2013,18.1632,15.511,7.5298,-5.3301,3.6307,0.7038,20.324,9.8662,30.2801,47.3068,4.31,3334.759,63.6773,33.5634,22.5,98.62,454.27,0.0,5729.44,15.1863,7.8134,102.2817,,0.502,30.2984,1.8308,91.08,0.1573,0.1461,6.1896,61.9464,,55.3,636.3857
Slovenia,2014,17.797,14.126,6.8507,0.4441,3.3144,0.7136,18.6784,9.0585,21.5576,44.8246,4.08,3236.5902,59.6567,39.4852,22.9,98.62,231.36,0.0,4840.65,15.8129,6.6281,102.3823,,1.9111,30.5283,1.8214,97.67,0.2303,0.2234,5.2507,61.9563,,54.1,5385.6391
Slovenia,2015,17.7209,14.2949,6.9274,0.5409,3.3849,0.709,18.888,9.1532,29.0397,49.0811,3.94,3195.4751,60.7202,30.7115,21.4,98.62,531.23,0.0,5390.71,15.6858,6.0649,102.4461,,-0.4276,30.6063,1.9736,101.74,0.241,0.2354,4.8045,61.9582,,54.1,1023.41
Slovenia,2016,16.4518,15.0187,7.2728,0.6891,3.5228,0.7172,19.792,9.5843,30.3636,49.1782,3.94,3296.735,0.0,32.3426,21.0,98.62,356.98,0.0,5492.52,14.6864,5.9993,102.5242,,0.859,30.6563,1.8513,100.59,0.2352,0.2286,4.7525,61.8593,,54.1,5389.2435
Slovenia,2017,16.5027,15.3443,7.4257,0.6858,3.517,0.7108,20.0988,9.7265,29.548,51.1019,3.86,3390.6628,0.0,28.9136,19.7,98.62,511.04,0.0,5597.34,15.0642,6.2975,102.6109,75.81,-0.6712,30.5411,1.693,97.55,0.2335,0.2251,4.9888,61.77,,54.0,4888.3433
Slovenia,2018,18.1802,15.45,7.4498,0.7853,3.3955,0.687,20.0332,9.6597,28.3107,52.2004,3.66,3341.0997,0.0,33.2074,20.6,98.62,441.13,0.0,5142.13,15.5617,6.4976,102.9923,,-0.7147,30.3927,1.9913,102.6,0.2272,0.2172,5.1473,61.6744,6.0,54.0,8215.1941
Slovenia,2019,13.9082,14.8261,7.0993,-4.5643,3.3721,0.6843,19.3546,9.2677,27.8402,52.8492,3.48,3267.2967,0.0,32.5658,20.9,98.62,504.73,0.0,5140.88,15.437,6.3827,103.7119,,0.51,30.4066,1.7704,99.91,0.2056,0.1994,5.0562,61.5731,,54.0,3444.4409
Slovenia,2020,14.2912,13.5406,6.4405,-4.3724,3.3452,0.6801,18.0238,8.5729,25.381,45.7954,3.44,3068.8194,0.0,34.1666,22.7,98.62,335.01,0.0,5294.6,15.4359,6.7816,104.4089,83.89,0.2688,30.3177,1.8973,104.99,0.1844,0.1796,5.3723,61.4723,,40.0,3874.4094
Spain,2012,12.0395,284.9722,6.0927,-46.752,43.0283,19.6479,363.889,7.7799,18.8168,79.8546,3.13,2677.1804,75.1815,30.4411,15.8,97.19,1080.64,0.0,3815.99,23.6257,49.5787,93.5068,,-1.527,53.8614,2.3978,85.87,0.02,0.0,32.7032,37.0798,,,80495.7722
Spain,2013,11.2506,256.3568,5.5007,-46.2988,41.8616,20.0497,334.1026,7.1689,14.4704,76.657,2.96,2506.2554,72.7454,40.4695,16.9,97.19,923.89,0.0,3884.83,21.8739,44.1036,93.1693,,0.194,53.444,2.6095,104.22,0.0168,0.0,29.0917,37.0821,,11.1,63956.0449
Spain,2014,10.5799,255.241,5.4937,-48.9032,41.9178,19.8021,332.7515,7.162,16.2494,80.0508,2.86,2458.5718,71.7388,40.9223,17.3,97.19,872.21,0.0,3254.15,23.1255,44.7975,92.8825,,-0.3693,53.1337,2.527,94.5,0.0138,0.0,29.5495,37.0844,,10.1,74226.4322
Spain,2015,11.2555,271.5397,5.8493,-52.2532,42.885,20.2514,344.1544,7.4136,18.7518,80.0359,2.85,2552.4013,73.5326,35.7116,16.3,97.19,1102.6,0.0,3389.57,23.624,42.9639,92.9076,,-2.0952,53.1891,2.7233,99.39,0.0084,0.0,28.3399,37.1275,,14.1,65413.6941
Spain,2016,10.3388,263.0479,5.662,-52.5017,43.0971,20.6488,336.159,7.2357,13.6306,78.8825,2.78,2563.007,0.0,39.3498,16.7,97.19,1090.75,0.0,3547.61,23.124,42.5644,92.9974,,-0.6359,52.5772,2.8152,106.12,0.0071,0.0,28.0764,37.1429,,15.0,107562.1844
Spain,2017,10.4367,278.3849,5.9776,-53.2969,43.4265,21.0157,350.3164,7.5222,16.8098,80.8546,2.84,2690.4973,0.0,32.8921,15.2,97.19,1191.92,0.01,3337.31,24.3751,41.0279,93.2269,29.84,-2.5057,52.6387,2.8034,101.65,0.0137,0.0,27.0629,37.1522,,14.9,98458.6889
Spain,2018,10.1846,271.7891,5.8097,-53.7479,43.8153,21.2598,342.6507,7.3244,14.1067,81.0075,2.77,2666.2608,0.0,38.7587,16.9,97.19,977.65,0.0,3682.01,22.1243,40.0941,93.6383,,0.9037,52.4082,2.7013,117.73,0.0172,0.0,26.4469,37.1566,17.0,15.0,119648.8391
Spain,2019,9.3535,254.3514,5.3981,-52.3962,43.5605,20.6913,324.2336,6.8812,5.1168,82.9141,2.64,2573.9044,0.0,37.7725,16.7,97.19,1027.39,0.0,3473.53,23.8759,39.8289,94.3181,,-1.6438,52.4585,2.5198,106.52,0.0098,0.0,26.272,37.1677,,17.9,71021.8648
Spain,2020,9.5811,214.4546,4.5282,-51.4742,43.8319,20.7006,283.7113,5.9906,2.3347,73.4774,2.67,2303.5131,0.0,44.5277,19.3,97.19,1018.6,0.0,3407.66,22.8744,43.254,94.8029,32.7,-0.7235,52.3317,2.7847,117.43,0.0085,0.0,26.0971,37.1773,,17.9,101988.1764
Sweden,2012,6.6091,45.7287,4.8038,-60.5978,8.9367,5.9033,61.748,6.4866,0.8357,31.4711,4.52,5295.9281,30.8444,59.0985,48.3,61.54,5.73,0.0,10034.2,1.9379,3.699,23.3696,,1.8743,7.4422,1.2525,93.07,0.1439,0.0,1.4991,68.8266,,,234882.5392
Sweden,2013,6.5622,43.9685,4.5799,-60.4897,8.6784,5.8843,59.711,6.2197,0.9434,34.0046,4.41,5178.9349,29.8282,54.074,47.3,61.54,15.82,0.0,9463.5,4.0624,3.6084,23.5685,,-0.6138,7.4534,1.2306,93.19,0.0949,0.0,1.4623,68.7809,,12.6,197658.2741
Sweden,2014,6.7723,42.7792,4.412,-59.299,8.4554,5.9453,58.3613,6.019,0.7146,34.1036,4.19,4997.8799,29.5874,55.8687,48.6,61.54,90.25,0.0,8902.96,5.0628,3.5177,23.8035,,-0.5498,7.4534,1.2516,99.58,0.0734,0.0,1.4256,68.7353,,13.0,242522.7857
Sweden,2015,6.3026,42.9009,4.378,-56.8208,8.2663,6.0089,58.3909,5.9588,0.7779,32.8832,3.7,4573.5891,28.0233,63.3043,51.9,61.54,13.2,0.0,8993.95,4.187,3.4271,24.0583,,1.3113,7.435,1.3031,102.36,0.0702,0.0,1.3889,68.6945,,13.1,216031.2038
Sweden,2016,5.6978,42.49,4.2819,-53.9541,8.2142,6.059,58.0175,5.8467,0.6737,35.3637,3.9,4858.8994,0.0,57.2051,50.9,61.54,19.71,0.0,9369.18,3.6876,3.4583,24.3624,,0.266,7.4167,1.2812,98.06,0.0813,0.0,1.4015,68.6945,,12.9,310348.1356
Sweden,2017,6.0618,41.8362,4.1596,-47.9036,8.2362,6.0564,57.3362,5.7007,0.7482,28.6965,3.91,4926.8112,0.0,57.8893,51.8,61.54,2.73,0.0,9525.37,2.6874,3.4895,24.6929,45.13,1.0976,7.3933,1.321,100.86,0.1357,0.0,1.4142,68.6945,,15.0,331217.2905
Sweden,2018,6.2909,39.6483,3.8966,-41.4166,8.087,5.9694,54.8468,5.3902,0.8605,30.7466,3.91,4966.2611,0.0,55.8097,51.6,61.54,138.6,0.0,9351.74,3.8127,3.5206,24.9815,,-1.5657,7.3663,1.2501,84.05,0.1655,0.0,1.4268,68.6945,1.0,15.0,290151.3477
Sweden,2019,6.0687,39.4951,3.8424,-41.3656,8.1872,6.1393,54.9209,5.3431,0.7023,32.0197,3.73,4781.8757,0.0,58.7483,52.9,61.54,51.15,0.0,9415.19,3.0621,3.5518,25.2379,,0.7128,7.3782,1.2572,100.64,0.1191,0.0,1.4394,68.6997,,14.6,332890.8043
Sweden,2020,5.6367,38.0388,3.674,-40.9622,8.4105,6.2062,53.7054,5.1872,0.4022,34.4418,3.44,4284.9981,0.0,68.4807,57.8,61.54,50.81,0.0,8523.84,4.9375,3.583,25.4209,48.37,0.3577,7.3807,1.1962,101.05,0.1173,0.0,1.452,68.6997,,14.7,339968.3399
Switzerland,2012,12.6827,43.6002,5.4522,-0.4821,5.2145,2.0684,52.4878,6.5636,0.0,57.4194,2.01,3175.9709,51.3473,60.4691,21.9,,78.57,0.0,8487.93,11.0645,7.6278,202.3905,,0.3901,38.6677,0.6346,100.47,0.0007,0.0003,4.9505,31.4232,,,1517.1659
Switzerland,2013,12.4433,44.6067,5.5143,-0.288,5.411,2.0613,53.7462,6.6441,0.0,57.3949,2.05,3274.4995,52.5768,60.0795,21.8,,102.39,0.0,8781.22,10.8155,6.5599,204.7343,,0.4002,38.5854,0.6625,97.38,0.0014,0.0011,4.2574,31.5107,,24.8,793.3604
Switzerland,2014,10.6156,40.8955,4.9942,-4.0529,5.4714,2.0346,50.0908,6.1171,0.0,53.8502,1.88,3031.1745,49.2044,59.0078,22.2,,42.89,0.0,7955.81,12.186,6.4989,207.2508,,-0.1713,38.5028,0.7089,102.58,0.0026,0.0024,4.2178,31.5982,,9.7,1502.5471
Switzerland,2015,11.7226,40.2217,4.8563,1.1181,5.5196,1.9972,49.4483,5.9703,0.0,56.4346,1.81,2927.9602,50.7185,63.1394,23.9,,177.92,0.0,7959.72,12.6859,6.5062,209.6266,,-1.6811,38.4206,0.6264,99.43,0.0019,0.0018,4.2226,31.6857,,9.7,772.4588
Switzerland,2016,10.6566,40.7885,4.8712,-3.2687,5.56,1.9915,49.9492,5.9653,0.0,60.1478,1.72,2819.831,0.0,63.1348,24.1,,90.49,0.0,8251.01,12.4379,6.4989,211.9316,,0.1974,38.3387,0.658,97.98,0.0017,0.0016,4.2178,31.7733,,9.7,1679.0417
Switzerland,2017,9.9148,39.8183,4.7112,-1.8808,5.5928,2.0436,49.0425,5.8026,0.0,60.583,1.71,2809.4795,0.0,64.5196,25.0,,137.11,0.0,8273.48,12.0614,6.4989,213.9185,83.87,-0.5915,38.2599,0.6313,97.74,0.0016,0.0015,4.2178,31.8603,,9.7,2542.4132
Switzerland,2018,10.1482,38.5179,4.5239,1.0635,5.632,2.0387,47.7525,5.6085,0.0,54.0396,1.67,2806.4992,0.0,60.3316,24.2,,140.63,0.0,7673.01,12.6894,6.4989,215.5001,,-1.6596,38.1824,0.6438,101.65,0.0033,0.0031,4.2178,31.9474,3.0,9.7,3134.4396
Switzerland,2019,9.45,38.3954,4.4775,-3.2005,5.6208,2.0398,47.5554,5.5456,0.0,55.4032,1.69,2857.1582,0.0,61.4615,24.8,,148.0,0.0,8042.24,11.9369,6.4989,217.0428,,-0.6647,38.105,0.6477,97.32,0.0015,0.0012,4.2178,32.0345,,10.0,3518.0207
Switzerland,2020,9.061,35.9401,4.1606,-1.2783,5.6614,2.111,45.1725,5.2294,0.0,50.5327,1.65,2690.3902,0.0,63.8618,26.4,,96.64,0.0,7807.27,12.937,6.4989,218.6345,70.75,-1.3075,38.0271,0.7055,99.14,0.0015,0.0013,4.2178,32.1215,,12.0,3927.9946
Ukraine,2012,18.6767,324.9176,7.0313,-10.9207,80.26,25.6393,431.6528,9.3411,40.4358,31.4274,8.99,2650.9986,79.2635,5.9077,2.9,61.88,815.63,0.0,6627.03,15.3733,16.6811,79.766,,-0.548,71.2853,7.7613,88.08,1.2527,0.0,23.3657,16.5567,,,55521.1607
Ukraine,2013,18.8834,315.2748,6.835,1.3638,82.5961,24.407,423.1549,9.1737,41.6783,27.033,8.52,2517.9113,78.2299,8.1217,3.5,61.88,576.45,0.0,6168.17,16.1874,15.4013,79.6223,,0.0143,71.6806,8.6923,101.11,1.2354,0.0,21.573,16.5943,,3.9,37711.923
Ukraine,2014,18.4263,269.3299,5.8585,2.5155,78.0391,23.8355,372.0593,8.0931,38.5569,25.9621,8.3,2298.6078,75.3571,6.4165,3.5,61.88,593.46,0.0,6308.14,16.6873,14.1215,79.3599,,-0.9331,71.6584,10.1546,101.11,1.1153,0.0,19.7804,16.6328,,3.9,47187.2105
Ukraine,2015,17.792,226.107,4.9385,3.9244,67.8333,22.1214,316.8593,6.9206,34.2506,32.3138,8.08,2027.6417,65.6881,5.7389,4.2,61.88,666.85,0.0,5942.97,17.6858,11.8023,79.0362,,-1.6723,71.6532,12.0594,96.82,0.6287,0.0,16.5318,16.6704,,3.9,48913.8074
Ukraine,2016,16.2427,227.2461,4.9816,5.8995,69.6024,25.1187,322.8815,7.0781,37.195,30.2136,7.79,2007.9779,0.0,7.0375,5.5,61.88,663.42,0.0,6371.45,15.9371,12.0821,78.7461,,0.553,71.6653,11.7257,102.07,0.5802,0.0,16.9238,16.6825,,3.9,106760.5629
Ukraine,2017,15.6585,205.5813,4.5246,-2.6947,65.0874,26.1174,297.8249,6.5548,31.575,37.0788,7.42,1967.8354,0.0,8.8082,6.5,61.88,647.82,0.0,6153.62,16.9369,13.8702,78.4327,,-0.8867,71.6192,10.1777,100.01,0.654,0.0,19.4283,16.6943,,3.9,85860.909
Ukraine,2018,17.1041,218.3029,4.8288,6.9344,66.5654,24.9556,311.1926,6.8834,30.6639,34.5707,7.5,2068.7561,0.0,9.5966,6.9,61.88,742.2,0.0,6265.41,16.9364,13.8702,78.0271,,-1.0396,71.3307,10.1395,107.23,0.9146,0.0,19.4283,16.7035,11.0,3.9,74423.7679
Ukraine,2019,15.5795,207.9097,4.6246,4.8782,65.8958,26.186,301.6375,6.7094,29.4536,36.7817,6.95,1987.6247,0.0,9.2002,7.4,61.88,665.63,0.0,5676.08,17.5619,13.7289,77.5931,,-1.8817,71.2996,8.9652,109.33,0.5338,0.0,19.2305,16.7138,,3.9,45143.7758
Ukraine,2020,14.9001,198.8972,4.4516,-16.1343,66.9642,25.1556,292.7273,6.5516,26.9879,34.0531,6.98,1932.9218,0.0,12.7833,8.7,61.88,655.12,0.0,5625.81,17.4368,12.2558,77.1143,,-1.7764,71.2996,9.3102,99.24,0.2884,0.0,17.167,16.7242,,4.2,79461.1776
United Kingdom,2012,11.4845,481.3898,7.5558,-6.5439,77.0201,27.1172,599.4118,9.4083,39.5783,46.0056,2.98,3028.7722,85.5213,12.1419,4.2,62.53,14.14,0.01,6156.21,11.0626,13.6692,263.3448,,1.8232,71.0205,0.6248,90.81,0.7504,0.0,5.529,12.8029,,,35664.4756
United Kingdom,2013,11.3936,470.2197,7.3313,-6.6544,73.9514,27.3475,585.7784,9.133,36.7619,50.6083,2.88,2962.2976,84.2622,15.669,5.2,62.53,36.81,0.0,6132.65,11.8128,13.0452,265.1139,,-0.4544,71.3024,0.6409,92.79,0.6168,0.0,5.2766,12.8822,,11.3,28589.5597
United Kingdom,2014,10.8076,430.6573,6.6645,-6.9321,72.0093,27.7217,544.709,8.4294,30.0992,49.7432,2.63,2767.9619,82.9732,19.9593,6.6,62.53,21.73,0.0,5373.73,12.5627,12.4211,267.1021,,1.5361,71.2272,0.7379,100.68,0.4915,0.0,5.0241,12.9616,,19.7,30369.5673
United Kingdom,2015,10.4603,415.8847,6.3896,-7.0731,69.9653,27.6764,527.898,8.1105,22.7678,40.2776,2.59,2774.7968,80.0888,25.471,7.7,62.53,15.87,0.0,5809.82,12.0622,13.913,269.0365,,0.8806,70.8387,0.6336,101.35,0.303,0.0,5.6276,13.041,,16.6,23996.8937
United Kingdom,2016,10.036,391.8614,5.9729,-6.7392,68.5673,27.5961,502.4785,7.6589,9.3211,37.9543,2.5,2696.98,0.0,25.4853,7.7,62.53,32.67,0.01,5781.24,12.062,14.3546,271.1817,,0.0472,71.7149,0.5905,97.98,0.2476,0.0,5.8062,13.0575,,23.3,28805.5286
United Kingdom,2017,10.3814,380.7118,5.7713,-7.006,67.8644,27.8024,490.84,7.4408,6.9004,38.0305,2.41,2658.9958,0.0,30.1545,8.8,62.53,27.73,0.01,5568.89,11.9368,14.3546,272.6656,87.1,0.0508,72.1951,0.6061,102.21,0.3545,0.0,5.8062,13.0782,,28.9,23044.909
United Kingdom,2018,10.2398,373.8821,5.6402,-6.4098,66.6979,27.5231,482.168,7.2737,5.337,38.1672,2.34,2632.1507,0.0,33.7661,10.2,62.53,63.44,0.0,5677.62,13.3127,14.3546,274.0007,,-0.8033,71.7185,0.5631,99.59,0.5615,0.0,5.8062,13.1154,5.0,28.8,26250.3207
United Kingdom,2019,9.9457,359.0131,5.3881,-6.566,65.0722,27.1784,464.709,6.9744,2.4562,36.5356,2.22,2515.9734,0.0,37.5205,11.4,62.53,38.79,0.0,5682.61,11.9373,14.3546,275.4144,,0.7746,72.423,0.5769,104.43,,,5.8062,13.1526,,29.0,28392.8829
United Kingdom,2020,9.9129,319.6964,4.7899,-6.6787,62.714,26.579,421.5411,6.3158,2.1665,28.4994,2.28,2317.4085,0.0,43.8837,13.6,62.53,44.68,0.0,5569.09,12.938,14.3546,275.8815,89.9,1.1444,71.34,0.6838,98.14,,,5.8062,13.1856,,40.3,22836.2702
