Economy,Year,Individuals using the Internet (% of population),Proportion of seats held by women in national parliaments (%),Ratio of female to male labor force participation rate (%) (modeled ILO estimate),Government Effectiveness: Estimate,Economic and Social Rights Performance Score,Voice and Accountability: Estimate,"Patent applications, residents",Research and development expenditure (% of GDP),Net migration,Political Stability and Absence of Violence/Terrorism: Estimate,Rule of Law: Estimate,Score
Albania,2012,22.73329757655341,17.794061946834248,32.676383406643566,24.55264759586123,83.65384615384616,26.23387790197764,13.408057319474263,5.527352455295145,16.191592848367208,51.562929187496565,11.799626467449304,26.64874206065159
Albania,2013,26.43227480934854,23.315219771867035,23.760037315491445,22.860620815581257,85.57692307692307,27.38607050730868,13.408057319474263,3.897323288332612,16.132968309088767,58.031643135746855,11.832977588046958,27.276901937539296
Albania,2014,30.285376093510138,28.83663525780262,19.17409382037405,31.22032866707243,87.01923076923075,31.46173688736027,13.408057319474263,4.885139004664227,16.06109013593039,68.85678184914575,18.75667022411953,31.034356102401325
Albania,2015,34.2926014290382,30.67710708644781,28.92452139371352,33.57577601947657,88.94230769230765,32.03783319002579,16.60872654042851,5.530260554115314,16.14566094259283,64.89040268087678,18.47318569903949,32.764158057915346
Albania,2016,38.45395081593273,36.1982649114806,37.29542935385018,33.621424223980526,90.86538461538458,32.63972484952708,20.08097938305993,5.349062936945662,16.927765591602945,64.7750370817997,18.376467449306297,34.707846744377406
Albania,2017,42.76942425419371,49.08131005109416,31.897221901786025,35.736457699330494,92.30769230769228,34.049871023215815,17.90035785978751,8.297009702734217,16.538291080655025,65.77487227380102,15.321504802561366,36.535798225796455
Albania,2018,47.39314579518764,49.08131005109416,35.932962518996305,35.18563603164942,94.2307692307692,33.40068787618228,17.274737102635566,5.984363783264315,16.52910469950015,65.58259627533923,15.301494130202776,36.84496440095141
Albania,2019,52.2486699094367,53.33554921709735,40.23302120061589,30.839926962872795,95.19230769230764,31.388650042992257,5.271506921408218,6.087592389329926,15.9637565707169,58.53156073174751,14.917956243329776,36.08418801593141
Albania,2020,57.93168605547234,53.33554921709735,39.54790075283003,28.01582471089471,95.6730769230769,28.993981083404982,5.271506921408218,6.096493087214197,16.413538622070877,57.94099873647201,16.52881536819637,36.2143203779154
Armenia,2012,4.3925354639442205,4.840675380758398,46.52700106830642,31.749847839318324,67.30769230769226,0.7566638005159021,39.50997890902201,1.8120866177403272,16.40638586727853,59.75938032192496,15.184765208110992,22.800000538986207
Armenia,2013,11.173993724068623,4.840675380758398,46.57414698491834,35.11868533171029,68.26923076923075,0.0,38.57118818249418,1.3198030865875392,16.442640516569146,58.53980113168159,17.766141942369266,23.887123996415287
Armenia,2014,30.78288853132109,4.840675380758398,46.68624392494772,24.90566037735849,69.2307692307692,1.117798796216675,38.23826956885813,1.9026909486273444,16.479105541000713,47.34659122122727,15.204775880469583,23.921137680826376
Armenia,2015,37.68456355151135,4.840675380758398,46.81263510565202,22.63846622032867,70.19230769230768,2.226999140154767,37.53836872325873,2.159403219473891,16.515570565432277,48.453551612371584,13.707310565635003,24.3541112449235
Armenia,2016,45.76867829378512,4.840675380758398,46.62380066305212,23.222763237979308,71.63461538461539,0.3869303525365417,38.57118818249418,1.645978677780798,16.552596590239716,37.15871010273032,23.76934364994664,25.87334193095498
Armenia,2017,46.38347913468593,23.928710381415435,47.20810909765726,25.07912355447353,71.63461538461539,1.1779879621668066,36.98041759886851,1.4919513152728694,16.588851239530328,38.306872493545015,22.15181430096051,27.938741500569705
Armenia,2018,51.77812918061488,23.928710381415435,47.32898320301334,27.54412659768716,71.63461538461539,19.651762682717106,36.39056665922176,0.3110748693787561,16.662552663910283,43.11651925506784,22.558697972251867,30.904503174567072
Armenia,2019,49.1561708187686,37.81560239830768,52.77107648171088,25.85818624467438,71.63461538461539,27.63972484952708,37.44744670762249,0.0,16.57833248248276,43.97077404823381,23.21571504802561,33.40750059744579
Armenia,2020,64.51278304882034,37.81560239830768,58.06195174063728,23.469263542300677,72.59615384615381,27.31728288907996,31.58071546346349,0.9271843194104674,16.66837304280994,34.3130253254958,24.939967982924223,34.30398300343457
Austria,2012,69.9414945101013,49.11171403762365,50.78192004253162,80.21606816798538,99.51923076923076,87.57093723129836,68.35758441162885,82.63719005768476,20.73983327068829,92.33093446135253,91.07190501600851,78.21987660729829
Austria,2013,70.84897692454702,63.191336409804514,51.71179801485599,80.55690809494826,99.51923076923076,87.90197764402406,67.90944530883377,83.85128809157078,21.56113782096234,92.97643245618856,90.30482924226251,79.98742346628327
Austria,2014,71.4300245981986,60.37536040318779,53.37369157542594,79.9969567863664,99.51923076923076,85.09888220120378,67.56995475928501,87.75935489716409,22.798774775179098,90.41092127671264,93.78335112059764,80.37250226175644
Austria,2015,75.9678990425814,56.15152522371408,53.59487614165843,76.89287888009738,99.51923076923076,84.77214101461736,68.1125839471941,86.71438494760051,25.659876692117383,86.52694610778443,89.66115261472784,79.12837937648081
Austria,2016,76.55911890362316,56.15152522371408,54.34243985133989,77.61716372489349,99.51923076923076,82.798796216681,67.50069555959507,88.73486152638097,22.20979450556232,80.01428335988572,87.88353788687299,78.70658529196025
Austria,2017,82.12592551492844,66.00731241642126,54.58769892818273,77.40413877054169,99.51923076923076,84.87962166809974,67.47584704766592,86.92277490864063,20.772371292488764,83.7883865296929,89.18089647812165,80.53872816832772
Austria,2018,81.42234922044054,66.00731241642126,53.48955015773819,77.04808277541082,99.51923076923076,85.45141874462595,67.3052715604782,87.98586572438164,20.058358064099902,79.81376696148986,90.95184098185698,80.63133380013527
Austria,2019,81.84326200472236,78.67933327664792,54.253414317312064,78.14363968350578,99.51923076923076,82.77300085984521,67.44095830439973,89.21808462444505,20.46466258632393,80.01428335988572,91.24533084311632,82.08868030959565
Austria,2020,81.49987361827786,78.67933327664792,55.67381044332208,81.60681679853926,99.51923076923076,85.24075666380051,67.72653748107304,91.33822596720124,20.36024639136508,79.88793056089655,88.18703308431162,82.68261729203438
Belgium,2012,71.00495046452988,75.21559776041144,42.70692794198044,83.59403530127815,95.6730769230769,83.2975064488392,57.06139698192845,63.50155537434689,20.7389216450775,80.87677855298577,77.45464247598719,73.85393661482864
Belgium,2013,73.24005745744634,75.21559776041144,45.743576368861625,84.53134510042605,95.6730769230769,84.3121238177128,56.500412024790194,64.99954697834558,19.551353974407164,81.33000054936,77.7214514407684,74.66155900652659
Belgium,2014,77.60330935163094,78.65099057734079,48.54173667500916,78.91357273280585,95.6730769230769,84.02407566638004,58.74534726876984,66.18646371296549,20.21095016633661,74.77064220183486,80.7797491995731,75.41660277761494
Belgium,2015,77.6829914861874,78.65099057734079,49.416443893851465,79.27875836883749,95.6730769230769,84.93551160791057,59.418602185095466,67.9441877321736,22.03868939092189,71.35911662912706,77.70144076840981,75.35192886160277
Belgium,2016,79.93875110198695,78.65099057734079,49.05005993550037,75.26780279975654,95.6730769230769,84.49699054170249,60.50044587913376,70.81936516565493,19.553036975534773,67.3075866615393,75.62033084311632,75.05674013329764
Belgium,2017,81.73152206748168,75.21559776041144,49.12830209498395,70.49604382227632,95.6730769230769,82.83319002579535,59.96854609585701,75.14723203769141,20.246643815251357,66.97797066417624,73.17902881536818,74.42562264136838
Belgium,2018,83.22282638850359,75.21559776041144,53.06874777436167,70.00304321363359,95.6730769230769,82.48065348237317,58.78007388152264,80.99121137990396,21.13183228332763,66.32423226940614,73.77934898612592,75.52576593748327
Belgium,2019,85.73212006880098,85.52203387210227,54.05454882862461,66.61594643944005,95.6730769230769,81.53482373172828,58.59350008509857,89.94291927154119,21.68336577785507,68.09866505521067,73.69930629669156,77.81931564388347
Belgium,2020,87.66021195139544,83.80420863318622,54.33667199983952,65.54777845404747,95.6730769230769,80.23215821152192,58.42743426208904,97.04629881308328,20.653088587569357,69.82090864143272,73.41248665955175,78.62602480425313
Bosnia and Herzegovina,2012,16.051249329560378,32.517578915093004,2.4761637267342564,18.89835666463786,80.28846153846152,20.971625107480648,0.0,2.6214853069976733,12.928464037070905,40.72680327418557,22.558697972251867,23.765419303875795
Bosnia and Herzegovina,2013,21.379009537196296,32.517578915093004,2.3560419498347187,19.549604382227635,79.80769230769229,20.27515047291487,10.1217479222216,4.3127661502219805,14.988457417266469,44.38554084491568,24.48639274279616,25.633364473128033
Bosnia and Herzegovina,2014,23.53119779047761,32.517578915093004,2.1240740090580346,17.760194765672555,79.80769230769229,22.231298366294062,27.233968563473898,2.37685361360273,15.080952354238075,54.979948360160414,24.72652081109925,27.431264087750744
Bosnia and Herzegovina,2015,27.66526722028027,32.517578915093004,2.4174821071215438,13.721850273889231,79.32692307692304,21.06620808254514,29.33825712633957,1.1325541360877045,15.202619310754937,44.40476844476185,20.31083244397012,26.045002148888408
Bosnia and Herzegovina,2016,39.46577521315356,32.517578915093004,2.590266875981172,18.977480219111385,79.32692307692304,19.64746345657781,31.08528038844416,1.0540303826522912,15.32709126915115,44.44597044443224,22.698772678762005,27.87342844811187
Bosnia and Herzegovina,2017,46.610195614246,32.517578915093004,2.847813984281345,16.94157029823494,78.84615384615381,16.440240756663798,34.86702486071616,0.5828878620398052,15.43389171570745,45.85233203318134,22.405282817502663,28.108984109354168
Bosnia and Herzegovina,2018,54.66795514373608,32.517578915093004,3.1933835220005733,12.318928788800978,78.36538461538458,14.122957867583832,34.509084400216025,0.4077194889915736,15.539289661324071,44.49541284403669,21.611526147278543,27.794538124849645
Bosnia and Herzegovina,2019,54.400087542461165,32.517578915093004,3.4118095505589565,11.238587948874017,78.36538461538458,14.806534823731724,28.17275929000172,0.3473166017335627,15.630872972684893,43.83892764928858,21.60485592315902,27.232784314021725
Bosnia and Herzegovina,2020,59.433008439833046,44.78713344515817,2.5681985745883367,0.0,78.36538461538458,11.380051590713666,29.2375774788078,0.7459756576364347,15.701068144715656,43.21540405427677,18.59324973319104,27.062963026324447
Bulgaria,2012,26.586398860715008,36.35183080954479,49.67123246447758,31.871576384662205,29.80769230769229,42.51934651762682,45.47550070295226,12.741989067077409,15.73655141848945,65.93968027248256,25.296824973319104,32.7929599467626
Bulgaria,2013,28.376549717336506,40.64600741548079,48.787246528004175,32.33414485696896,29.326923076923062,39.78503869303525,46.92143267012557,13.762797861737791,17.490378843553824,60.19612151843103,24.222918890074705,32.86232076971261
Bulgaria,2014,32.12006880097654,28.83663525780262,47.41550097551922,29.31527693244066,28.84615384615381,41.040412725709366,44.2757480983294,18.471202923499742,17.430351803335707,57.66357193869143,26.400747065101385,32.31638610535605
Bulgaria,2015,33.91700111585814,29.910308239738008,48.319799780320096,32.352404138770545,28.365384615384585,43.88220120378331,46.848243838394566,23.285313037963217,17.286805832159907,55.79300115365599,23.816035218783348,33.67362493687721
Bulgaria,2016,38.80150055176411,29.910308239738008,44.50925614777736,35.43822276323798,26.923076923076906,42.583834909716245,44.82625632155448,17.867174050919633,16.918298710260135,57.383398340932814,24.453041622198505,33.07197011253112
Bulgaria,2017,44.32623129704636,38.49891911251279,46.765238412887896,35.71819841752891,25.961538461538453,43.77472055030094,43.49284526084382,16.970191175138172,17.15483049373643,64.3355490853156,24.966648879402342,34.8269433512383
Bulgaria,2018,46.440659157742886,38.49891911251279,44.08469212211796,36.13816189896531,25.0,40.98452278589853,42.309096866058056,17.383950952855546,17.311630098792165,67.7141130582871,25.606990394877265,34.68449984606143
Bulgaria,2019,51.31868538349147,43.86676870038418,43.69975072850471,38.0219111381619,24.03846153846152,40.533104041272566,42.64563479828206,19.757784422095376,17.432034804463317,70.92512223259902,27.88820704375667,36.524782605632915
Bulgaria,2020,54.733303741515456,46.01411466425496,42.27910382634255,26.22337188070603,24.519230769230745,36.4359415305245,45.22068326208437,20.27120896378847,19.698686698120085,66.53848266769214,24.876600853788688,35.00396060008145
Croatia,2012,42.06045361790798,38.73364819495655,34.14267156850454,53.27754108338405,78.36538461538458,48.53396388650042,44.22851880757042,16.873546555525355,17.247044930520104,72.1776630225787,33.97478655282817,43.64971045305892
Croatia,2013,49.47012151140211,38.73364819495655,38.129510836037525,53.28971393791844,78.36538461538458,47.36887360275151,44.82625632155448,18.62221014164477,17.145293487346635,73.16101741471186,35.07203842049093,44.88192344209862
Croatia,2014,52.27564161842584,38.73364819495655,42.190830620771294,53.31710286062082,78.36538461538458,47.42046431642304,41.72259916186506,17.83395246292773,16.662692914004253,72.51277261989782,36.41275346851654,45.16594500781899
Croatia,2015,54.24395987842695,16.550848090861543,42.8646661417086,46.65550821667681,78.36538461538458,49.165950128976775,41.66207358062999,19.48899157379723,15.654715488659376,71.61731582706147,33.38447171824973,42.336022041861476
Croatia,2016,58.6400401955526,9.725410775894282,41.1360661246558,45.58734023128424,78.36538461538458,47.8761822871883,42.02001404113011,20.108121168191843,15.32912489551368,73.4768994121848,40.4715848452508,42.82196502731784
Croatia,2017,50.00739795446559,25.082515904119223,40.02813708427581,49.03225806451613,77.88461538461539,45.88993981083404,40.30141469943064,20.023557126030624,14.458662687304,74.2377630060979,39.43770010672358,43.4414266667093
Croatia,2018,62.64310418169377,25.082515904119223,42.1855643215753,48.37492391965916,77.88461538461539,44.46689595872742,38.23826956885813,23.092023798737586,15.828976230414074,77.30868538153051,39.19090181430096,44.8350932869055
Croatia,2019,68.47700777401717,30.20172272079608,40.181612089416745,46.63724893487523,77.4038461538461,44.81083404987102,43.1307175079275,26.93364742834708,16.654838908742068,74.33664780530681,40.75173425827107,46.58254365166679
Croatia,2020,67.30736034819705,57.50347198066513,36.695823573961405,45.66342057212417,77.88461538461539,50.20206362854685,37.89425164571634,31.75379783153635,16.983515003955052,72.18865022249079,37.01307363927428,49.431723871545806
Czechia,2012,59.769307119914686,33.98985331364804,30.437955472186417,60.785149117468045,93.75,67.00343938091143,58.48705073071167,48.0565371024735,17.95818303198263,84.46135252430918,63.24039487726788,59.41532674712119
Czechia,2013,60.8179671654121,27.548330743841262,32.57858070728906,60.60559951308582,93.75,67.60963026655202,59.79196111853426,51.3635951798496,17.963793035741332,85.30462011756303,63.28375133404482,59.6403186662765
Czechia,2014,61.00491963971962,27.548330743841262,31.960417492138163,64.11442483262324,93.75,69.41960447119517,58.98601472522121,53.75252937090393,18.025222576899125,82.70065373839476,67.11913020277481,60.88074915418068
Czechia,2015,63.21983638190707,28.83663525780262,33.93578124294692,63.94704808277541,93.75,70.11177987962166,58.64046072139662,52.5021896046631,17.93644426741766,82.15953414272373,66.05856456776947,61.00028886712835
Czechia,2016,64.47194017520822,28.83663525780262,35.01888344425996,63.41448569689592,93.75,69.36371453138435,57.55448565508149,45.04545317266165,17.966457787526718,81.97000494423996,62.096451440768405,59.28722009484018
Czechia,2017,67.92123644478968,33.98985331364804,36.09722089868143,64.09920876445526,93.26923076923072,63.121238177128106,57.58047957819092,48.0233155144816,17.986233050776143,82.71988133824095,65.4415688367129,60.410726353685334
Czechia,2018,70.95593901619534,33.98985331364804,37.340569061244565,61.68289713937919,93.26923076923072,60.640584694754935,55.95286491587935,51.964603908066806,17.99338580556849,83.70048893039609,63.14701173959445,60.39313477825519
Czechia,2019,71.23135869598723,35.2781578276094,37.11888294270767,60.721241631162506,93.26923076923072,61.14789337919174,57.19700447886491,52.816284618404765,17.97262879166129,81.38218974894248,63.05696371398078,60.59529861050725
Czechia,2020,71.95882421843693,35.2781578276094,35.37448402806686,60.45952525867316,93.26923076923072,67.35597592433362,55.87659271339968,54.58910935942738,17.88728660948203,80.56639015546888,63.1036552828175,61.38487358152533
Denmark,2012,88.79086599221984,78.06558500619673,64.22327102381871,93.20450395617772,96.15384615384612,97.25709372312984,63.47164972983049,84.64558605901362,18.76630407342373,80.63780695489754,91.67222518676628,85.14806113132911
Denmark,2013,92.4431436374509,78.06558500619673,66.16402766562513,91.8746195982958,96.15384615384612,96.91745485812552,62.983546507352685,84.32243061218327,19.08102528428694,81.85463934516288,92.5793756670224,85.5046900331662
Denmark,2014,94.54508744998674,78.06558500619673,63.00650513338783,87.05416920267803,96.15384615384612,90.82975064488392,63.25672786579341,82.61906919150736,19.493570935692524,81.65137614678899,99.19623799359655,84.98079491596786
Denmark,2015,95.06448550309172,73.74744593630106,60.65848802042322,87.35240413877054,96.15384615384612,92.05503009458296,63.87441624537897,86.87445259883424,20.54839189242257,79.87419656100643,96.34138207043756,84.8052153151693
Denmark,2016,96.04671808245018,73.74744593630106,64.50890506116428,88.15885575167377,96.15384615384612,91.57781599312123,64.49048932846877,88.01606716801064,19.9247698495958,78.93479096852167,91.93236392742796,84.68930812680723
Denmark,2017,96.24954533404846,73.74744593630106,64.41260701872295,85.89470480827754,96.15384615384612,90.55030094582976,64.07005399115886,83.13551387756335,19.305565684729007,78.98972696808218,89.3109658484525,83.23281189084675
Denmark,2018,96.58830999895196,73.74744593630106,63.2372191934036,87.83627510651247,96.15384615384612,92.95356835769562,62.357445132543845,84.18652411585275,18.90992016964651,81.10750975113993,88.27374599786552,83.65025066478765
Denmark,2019,97.70910010048888,78.06558500619673,62.592724482272615,89.74437005477785,96.15384615384612,91.63800515907135,63.06015845549628,82.09658421672556,18.24857085154247,82.08537054331703,90.28148345784416,84.26471453022678
Denmark,2020,95.4014006793788,79.50513647009717,63.21088769742352,88.73402312842362,96.15384615384612,90.408426483233,62.349271205765504,84.38585364380418,18.344151290581365,80.7833873537329,89.39434364994663,84.10720493284548
Estonia,2012,67.41370594363991,30.8775672688202,48.6330191944067,61.52160681679854,94.71153846153842,73.08684436801376,20.08097938305993,58.78106973513334,17.325584983141937,72.99071581607427,67.51934364994663,60.38341489332441
Estonia,2013,69.9018846289001,30.8775672688202,48.28418956670896,62.15763846622033,94.2307692307692,73.2975064488392,22.284974828031007,46.67935127299084,17.394728279467948,76.05889139152887,68.87006403415154,59.33560059440227
Estonia,2014,76.4324289333999,26.260026229879905,43.86325677973329,63.50882531953744,94.2307692307692,75.59759243336198,27.9459461594488,37.80314699042614,17.535960124093283,76.94061418447508,74.82323906083244,59.545490137057016
Estonia,2015,82.85662764245686,38.53086906445903,47.78890666613168,64.26049908703591,94.2307692307692,76.31126397248495,24.100092986823807,38.93872127087676,17.882027230958244,72.3699390210405,72.50867129135538,61.10494035086039
Estonia,2016,81.05414686172608,38.53086906445903,46.51797312682754,64.82958003651856,94.2307692307692,77.22699914015476,23.76171572084248,32.15245688743923,17.65902958154982,73.713124210295,68.91008537886873,59.57926102823167
Estonia,2017,82.38315855665908,46.18417086009786,47.76934612626076,65.36822884966524,93.75,77.49785038693034,26.20114910423844,33.170245537736704,17.948014900169984,73.15277701477778,70.77441302027748,61.17662469431375
Estonia,2018,84.31664478105137,46.18417086009786,48.21447379639986,67.75106512477176,93.75,76.45313843508167,21.880233461836728,37.19307782912023,18.08034086382838,71.44976102840191,69.27361259338313,61.45432072675711
Estonia,2019,85.66045238491557,53.8374726557367,50.865930053515626,67.42239805234327,93.75,75.98452278589853,24.42772628304953,43.55350185738878,17.960917908815,72.81766741745867,70.58097652081109,63.8231890825661
Estonia,2020,83.85627623961975,51.28637205719041,50.2846309327368,72.26719415702982,93.75,75.46431642304384,20.56104649988823,47.558213282594906,17.84226632931844,75.00412019996703,73.66262006403414,64.62236595410509
Finland,2012,85.12271356969796,86.81033838606365,65.65445052437292,100.0,95.6730769230769,94.10146173688736,65.4177171730136,97.2426081966718,18.838041996488137,93.98450804812391,93.97011739594448,89.08505624738771
Finland,2013,87.64171706523146,86.81033838606365,66.82156273666999,99.09616555082168,95.6730769230769,92.93637145313843,64.77880116543949,93.41004500015102,18.85697575917376,93.55600725155192,94.36032550693702,88.55999641454174
Finland,2014,79.96017434512692,86.81033838606365,67.45677873016987,94.36092513694462,95.6730769230769,91.56921754084264,63.566559890335085,89.66808613451724,18.699264528507232,90.72680327418556,100.0,87.30972364667998
Finland,2015,79.79325799749702,84.23372935814092,68.15669497093504,88.82836275106513,95.6730769230769,91.65090283748926,62.57572880128822,81.34758841472623,18.470656875340104,83.7444377300445,97.60538954108856,84.53786409138772
Finland,2016,81.76835771575824,84.23372935814092,66.47022534745034,88.77967133292756,95.6730769230769,91.15219260533104,62.34109079945675,76.88985533508503,18.79786034456643,82.49739054002087,96.09458377801492,83.59881912077948
Finland,2017,81.40662856720118,85.52203387210227,65.97795176069937,92.9093122337188,95.19230769230764,92.33018056749783,63.35362606146238,76.99556038778654,18.51981453327573,84.72779212217766,96.6415421558164,84.45112807166784
Finland,2018,83.59688546116999,85.52203387210227,66.43361202923046,94.02312842361532,95.19230769230764,93.61564918314704,63.331345559065454,77.8895231192051,18.412242711202616,80.00604295995166,96.98505869797224,84.87001578109073
Finland,2019,84.70257140567298,98.40507901171586,67.27822610980988,92.77236762020694,95.19230769230764,92.48065348237316,62.82859491719651,79.16100389598623,18.68215401704319,78.45135417238916,96.25800426894342,86.08591684646247
Finland,2020,88.65261671814409,95.82846998379313,65.86109007377834,90.58734023128424,95.6730769230769,94.4797936371453,64.72697641361684,82.56772673733805,18.81069322816446,82.47541614019667,96.45811099252934,87.00988192153348
France,2012,72.11464363436842,46.520160677338986,53.02686815694574,74.53134510042605,89.42307692307688,78.51246775580395,87.57316219148709,61.87067741838061,24.82623013357419,70.74932703400538,77.05776414087512,70.95284658275898
France,2013,72.85413083282472,46.520160677338986,53.667601225793845,77.83931832014608,89.42307692307688,77.6999140154772,87.6790701614596,62.16967171030777,25.738556994833186,67.83222545734219,75.90715048025613,71.0467910642734
France,2014,75.67660458549878,44.73379763828016,54.8933950577036,75.7334144856969,89.42307692307688,77.65262252794496,87.54473553066887,63.34450786747607,21.25370961498544,63.76421468988628,77.61139274279616,71.10401162466577
France,2015,66.82202371044406,44.73379763828016,55.47419262617802,75.86731588557517,89.42307692307688,77.16251074806534,87.40574433545332,61.8676572740177,17.559031264550946,58.193704334450366,74.71985058697972,69.39622183675964
France,2016,68.76984347161344,44.73379763828016,56.09386049824207,74.75045648204504,88.94230769230765,74.16165090283748,87.33336147561866,61.72873063332428,18.673528636264187,52.58748557930012,74.2129135538954,68.71804290639564
France,2017,70.66973065280783,77.77880842138893,55.51180904900667,72.56847230675592,88.94230769230765,74.84092863284609,87.48406761920577,61.01899670804265,24.804982244338103,62.80558149755535,75.76374066168623,72.88309697267734
France,2018,73.04431991221094,79.29514283432147,56.69973568193561,75.94035301278149,88.94230769230765,75.04729148753223,87.40358022052077,60.95255353205883,26.904596276079506,55.88913915288688,75.70037353255069,73.33266860411821
France,2019,75.04253823817714,79.56491379954497,57.79011039166221,73.46013390139987,88.94230769230765,73.2201203783319,87.25827252520565,60.80456645827671,22.630264287277072,62.95940229632478,74.87660085378867,73.28730412235527
France,2020,77.1489516482026,79.11838745500597,58.21291898425628,69.38527084601338,89.42307692307688,71.10490111779879,86.23453727342557,63.305245990758365,27.79294037127005,63.22584189419327,72.44863927427961,72.86057987456392
Germany,2012,73.51717250180324,62.08313686689496,47.0927520676494,79.32744978697504,93.26923076923072,85.20206362854685,99.5962888164333,81.64054241792758,31.548136637251545,76.81151458550788,84.8052294557097,79.33045568927571
Germany,2013,76.32223023667291,71.22211142803403,48.785992647243205,78.70054777845405,93.26923076923072,85.73516766981942,99.75727646263388,80.26033644408203,50.00792413030916,80.9976377520189,83.89807897545356,80.72199925437536
Germany,2014,79.44123866417604,71.22211142803403,50.1449486159664,83.39926962872794,93.26923076923072,87.03353396388648,99.93037384618763,81.52275678777447,59.12095448603949,80.92072735263417,90.84178228388473,82.95198875817827
Germany,2015,81.59296454530323,71.22211142803403,51.092130142791945,83.14363968350578,93.26923076923072,86.42304385210662,99.76402990216732,83.21403763099877,100.0,74.39158380486732,87.80349519743862,83.02738635786345
Germany,2016,76.3148322822073,71.22211142803403,52.55641209543538,83.25928180158246,93.26923076923072,83.95528804815133,100.0,83.4133671589502,53.8715337189276,73.84222380926221,81.94036819637138,81.09007895165078
Germany,2017,76.6677763598365,56.52874078540196,53.30272192435589,81.82592818015824,93.26923076923072,86.87016337059329,99.85099288202812,86.63586119416509,49.34902918884956,71.28495302972037,81.63353788687299,80.06092009735339
Germany,2018,80.74112091340078,56.52874078540196,52.55014269163061,79.10225197808886,93.26923076923072,87.32588134135855,99.59562474354396,88.53855214279244,45.90729188288556,71.38109102895127,82.21051227321237,80.45124075814985
Germany,2019,82.43247825309635,56.89230031924186,53.18962187971772,78.2410225197809,93.26923076923072,83.49527085124677,99.59894468073726,90.25701428528284,39.95886464743931,70.57353183541174,81.87366595517608,80.23511934353368
Germany,2020,85.01929633123109,57.61916172601885,54.29880480085865,72.71454656116859,93.26923076923072,84.35081685296646,98.58304612134113,89.18184289209026,31.8514274654564,73.22419381420644,79.83257737459978,79.66702593532898
Greece,2012,31.47213128903192,31.413244285725327,23.37835601185671,41.1472915398661,91.82692307692308,55.41272570937231,55.16352142000251,16.052067288816406,12.999570834712458,49.54128440366972,42.0824439701174,43.08417565617842
Greece,2013,38.86438316472163,31.413244285725327,23.632141477874,43.60620815581254,92.30769230769228,54.8280309544282,56.25243840547349,19.217178581136174,13.423196243541485,50.80206559358347,44.72051760939167,44.94008505447295
Greece,2014,44.013667720875176,31.413244285725327,28.12454546822417,41.80462568472307,92.78846153846152,51.883061049011175,55.53413171882602,19.978254960587115,14.3099274626514,51.65082678679339,41.608858057630734,44.84387245645547
Greece,2015,49.60482593229638,27.977851468795976,32.081793149798614,37.17589774802191,92.78846153846152,53.2975064488392,53.79724542062867,23.78363685784181,14.53544961375124,49.03587320771301,37.556696905016,44.6306401966351
Greece,2016,53.077086685531455,27.977851468795976,32.88277217989676,36.52160681679854,93.26923076923072,54.04127257093722,54.796118855773656,24.970553592461723,18.31841539833832,51.94473438444212,32.884204909284946,44.83301117060381
Greece,2017,54.31793942308285,24.542200990963835,31.720173938339144,40.01521606816799,93.26923076923072,53.60275150472914,52.77427853233269,29.410165805925526,18.31834527329133,53.27693237378454,30.813100320170754,45.083543325747
Greece,2018,57.9327649238319,25.40124244087326,29.808256554034728,40.60255629945223,93.26923076923072,57.17540842648323,51.26248034756013,31.264534444746463,18.841127498555423,59.73740592210075,32.90421558164354,46.621996297205946
Greece,2019,63.22353535913986,30.55446049671869,30.502404943299524,42.30066950699939,93.26923076923072,60.13757523645744,49.31855686186772,33.115882939204496,20.16116138297813,59.9681371202549,34.40835112059765,48.534023486892856
Greece,2020,66.99125191884443,33.1310695246414,29.7395438883344,44.9969567863664,93.26923076923072,66.68099742046431,50.51795694349133,40.258524357464296,18.028728829248315,58.67164753062682,38.77401280683031,51.78549939388621
Hungary,2012,55.37677165597046,0.0,46.76724462210544,51.25684723067559,87.5,57.50214961306963,56.163475940574784,32.48769291172118,18.655155873954435,74.07020820743833,49.51640875133404,48.78200181674109
Hungary,2013,58.557737952122906,0.0,44.37283392098544,53.38101034692636,87.5,56.97764402407566,55.39069120375554,36.410860439129,17.97837904551396,77.38834258089325,48.57924226254002,49.606716100210114
Hungary,2014,63.19579302989389,3.200148412680008,43.04171410515545,50.47474132684114,87.01923076923075,49.067067927773,53.72205687658425,35.21790341578328,18.395342574879525,73.90814700873483,46.11792956243329,48.169146108662005
Hungary,2015,58.851806642130114,3.330782490395695,42.72598692954693,48.24710894704808,87.01923076923075,49.363714531384346,54.14709526368725,35.06689619763824,18.554877056767623,75.7732241938142,41.875667022411946,47.120994602231946
Hungary,2016,68.75381457027132,3.330782490395695,42.59207246427693,46.64637857577602,86.53846153846152,42.583834909716245,54.96474322882192,30.243725650086077,17.587992908955247,73.18024501455804,42.92956243329776,46.30077075085137
Hungary,2017,64.88699624553811,3.200148412680008,40.81933584443851,47.38283627510651,86.53846153846152,48.3877901977644,52.73283437213858,34.38434357162272,18.999750354832734,77.37735538098116,47.05843116328708,47.849502359703145
Hungary,2018,63.844963534249445,9.673878595335822,41.36577708006277,46.223371880706026,86.05769230769229,46.25967325881341,50.69654502004968,40.14677901603697,19.98079976213584,75.76773059385815,47.648745997865525,48.76285086023229
Hungary,2019,70.4681363936205,9.673878595335822,39.1797613614136,46.445526475958616,86.05769230769229,40.055889939810825,51.19039915565297,39.09274863338467,19.991248394136424,76.43520298851837,45.76774279615795,48.140155198166035
Hungary,2020,77.24882403348806,8.37913255880466,39.02428014705512,49.12355447352404,86.05769230769229,42.06792777300086,51.21448220513189,42.70484129141373,18.224658210521,78.4980497720156,45.55763073639274,49.66307158308823
Iceland,2012,94.8784577730924,79.5507424498914,72.46653392249013,77.86975045648205,89.42307692307688,87.32158211521926,26.20114910423844,45.721965509951374,17.563799767745845,89.70499368236005,85.09871931696904,73.81091232981575
Iceland,2013,95.3978558261974,79.5507424498914,71.64423891945572,77.86670724284845,89.42307692307688,87.17110920034393,25.05334704020148,45.721965509951374,17.70005273403533,90.86139647310884,84.29495731056562,73.64760551048218
Iceland,2014,97.88110254181385,79.5507424498914,70.49643647087737,77.93974437005477,89.42307692307688,83.63284608770421,29.43796400844497,53.08507746670291,17.663096834274878,89.75992968192057,85.98252401280682,74.97957568430687
Iceland,2015,97.94583464338776,83.6405939599131,71.8907518770595,77.19415702982349,88.94230769230765,84.46689595872742,26.985291903518007,60.49047144453506,17.68834185118904,91.17453167060374,83.61792956243329,76.1147673088247
Iceland,2016,98.00748426393434,100.0,69.13121109834941,73.81618989653074,88.94230769230765,83.58985382631126,25.64319797984822,58.33710851378696,17.8727005997094,92.49574246003404,78.60192102454641,76.18798710255196
Iceland,2017,98.03091111974206,75.46089093986967,69.82385483070101,75.75471698113208,88.94230769230765,84.58297506448838,25.9259439411947,57.53677025761832,18.16862829798096,92.25127726198976,81.53014941302027,74.2591406778326
Iceland,2018,99.1957806999698,75.46089093986967,69.22550293157323,76.12598904443092,88.94230769230765,85.02579535683576,30.385379542844763,55.03609072513666,18.048714467638693,93.8197000494424,85.14207577374599,74.96251675672347
Iceland,2019,99.95699938966877,75.46089093986967,70.02046333401879,77.83627510651247,88.94230769230765,81.27687016337059,28.61195672165586,65.28646069282112,17.935953392088773,100.0,86.70957844183563,76.70165155035637
Iceland,2020,100.0,75.46089093986967,69.20067609250631,77.65063907486305,88.94230769230765,84.69045571797075,27.9459461594488,69.70191175138173,17.75839677312584,93.27583365379331,87.50667022411952,77.41637714303785
Ireland,2012,65.14823651260427,16.108701981670002,44.76254006149031,79.57395009129641,25.4807692307692,82.14101461736887,33.88346364306408,41.73235480655976,16.011651977806824,81.35746854914025,86.73959445037353,55.325260842992755
Ireland,2013,67.1945415425968,17.661108920993435,46.2594229139186,78.50578210590383,25.4807692307692,81.67669819432501,33.88346364306408,41.998127510495,16.720055202436985,80.25874855793,86.13927427961579,55.498221257875464
Ireland,2014,75.27680679625416,17.661108920993435,45.117388316840646,81.39074863055386,23.55769230769229,81.92605331040411,33.88346364306408,40.45483374105282,17.614640426809085,84.4311377245509,87.8535218783351,56.452061754928565
Ireland,2015,75.28158464184654,19.21325819941408,44.175222313058896,79.01704199634814,19.711538461538424,82.66981943250214,33.88346364306408,30.237685361360278,18.52121703421541,80.09943415920452,86.7796157950907,54.12995089356382
Ireland,2016,75.28959909251759,34.381240224989504,46.99871101057772,73.19841752891053,18.74999999999997,80.79535683576955,33.88346364306408,30.16218175228776,18.91328617190173,78.41015217271878,78.03495197438633,53.67899231017661
Ireland,2017,76.23592076790769,34.381240224989504,48.58386706857726,71.30249543517955,17.307692307692292,80.94582975064488,31.418199002080215,32.32158497176165,19.60864613779291,82.79404493764764,75.2001067235859,53.48330297561515
Ireland,2018,80.68409501439518,34.381240224989504,50.02206830139281,74.67741935483872,15.865384615384611,80.99312123817712,33.48903670253419,28.042040409531577,19.924489349407864,83.28846893369224,76.24399679829241,53.83253050518099
Ireland,2019,80.68409501439518,34.381240224989504,50.396978648918406,71.00730371272064,14.423076923076906,81.31126397248494,30.741262465302373,29.66385793240917,19.66334367444026,81.86013294511893,74.10285485592316,53.02454783848243
Ireland,2020,88.38998933461565,35.2781578276094,50.04990445428601,76.41205112598905,12.980769230769226,85.01719690455717,33.35413828465239,29.20479598924829,18.68741339556697,82.0276877437785,77.70477588046957,55.20363169317472
Italy,2012,32.64347407941705,32.517578915093004,12.22583897161715,46.3542300669507,99.03846153846148,64.69905417024934,81.95941342037565,32.72930446075323,35.29148177029278,69.46657144426743,43.33978121664887,50.947169277047806
Italy,2013,36.69585776199547,58.28366919432012,13.812499686529804,48.937918441874615,99.03846153846148,66.30696474634566,81.7967416944223,33.90414061792154,28.669293083426364,69.11772784705818,43.68663287086446,54.66805381854197
Italy,2014,32.34832652105027,58.28366919432012,15.557901705779416,47.12720632988436,99.03846153846148,68.24591573516766,82.15561370730407,35.03065446528345,21.277341755818973,68.09317145525463,43.2130469583778,54.44596669054503
Italy,2015,36.20635977485559,57.05668797522333,13.642724231496487,47.653682288496654,99.03846153846148,69.77644024075666,82.30271974808467,35.03367460964634,20.34537988140452,65.48645827610834,38.75400213447172,54.01556600209229
Italy,2016,41.11151183364467,57.05668797522333,15.476901008621695,49.29701765063908,99.03846153846148,69.78933791917454,82.44775822524458,35.87629488689559,23.513559379084786,65.28319507773443,41.35538954108858,55.22826888875874
Italy,2017,43.81330645409878,57.05668797522333,17.310325457290304,47.7054169202678,99.03846153846148,67.8804815133276,82.20587733963947,35.98804022832292,24.25541225112621,63.55271109157831,39.77788153681964,54.882440517326266
Italy,2018,61.24458253959448,69.32624250528849,17.94905231692087,45.17954960438223,99.03846153846148,66.70249355116079,82.5325405925431,37.62797861737792,23.45170908764509,64.47014228423886,37.15981856990395,57.23883641028919
Italy,2019,51.17026392202557,69.32624250528849,19.20192997326725,46.457699330493,99.03846153846148,64.19604471195184,82.88277597655845,38.75147232037692,20.85343584680201,65.97538867219689,38.22038420490928,56.677080265506675
Italy,2020,55.22788782235045,69.32624250528849,17.14481319684421,43.71576384662203,99.03846153846148,70.62338779019775,83.77342714651734,40.11053728368216,23.563558537584218,66.47530626819754,36.02921558164354,57.39948305342701
Latvia,2012,59.29136843662728,36.56646234157076,48.839658743812095,57.94278758368837,46.15384615384613,58.62424763542562,43.02487471323337,14.635619582616052,16.747754595995577,67.96681865626545,55.14607790821771,46.19895410306516
Latvia,2013,62.55032150277114,36.56646234157076,49.001158585823134,59.49786975045648,47.11538461538461,58.40498710232157,44.60043588803646,13.128567545528677,16.57440547985167,71.8123386255013,54.55576307363927,46.72458839942155
Latvia,2014,63.46227351470651,23.68341720195719,46.0011234771618,61.6707242848448,47.59615384615381,61.80137575236456,36.59095318885893,15.420857116970192,16.966194117350057,68.89249024886007,58.18102988260405,46.029166491157916
Latvia,2015,68.66318962806783,23.68341720195719,46.07409933744938,64.7930614729154,49.03846153846152,61.68099742046431,39.43492707262756,13.31581649602851,16.824050647113932,67.49162226006702,54.70584311632871,46.28329471626018
Latvia,2016,69.6518954175837,23.68341720195719,50.16626458890266,62.11807668898357,50.4807692307692,61.50472914875321,35.764945902069826,7.749690435202803,16.718792951591276,68.34038345327693,60.07870864461045,46.16745753833181
Latvia,2017,70.07111283730048,18.53019914611177,48.70724893545525,59.07790626902009,51.923076923076906,59.570077386070494,35.21296503067697,10.041980006644318,17.031550661138944,67.9503378563973,59.17822838847385,45.353084814578885
Latvia,2018,75.40858286017252,57.17933456495245,49.31864119449696,63.17711503347535,51.44230769230768,59.34221840068787,34.749085496804184,13.898704358068318,17.23456267215699,66.36818106905454,59.92529348986125,50.80655713295076
Latvia,2019,79.35153846628074,54.60272553702973,49.873358043143526,65.16737674984785,50.96153846153845,62.063628546861565,34.26336845811666,13.892664069342512,17.343677245263752,67.23342306213262,61.78962113127001,51.63572706910073
Latvia,2020,83.6092153852793,54.60272553702973,49.46083127278931,58.24102251978088,50.96153846153845,62.631126397248494,35.547683519091834,16.78898251336414,17.36254088290239,68.20304345437565,59.88860725720384,51.65338877745596
Lithuania,2012,50.21361593519393,40.32934216594908,55.91806641555616,57.89409616555082,43.269230769230745,65.2450558899398,37.16977304031674,21.57893147292441,16.083460025918217,77.10267538317859,57.31056563500533,48.02726980742136
Lithuania,2013,52.09839895935441,39.43551649416269,51.98313781152666,57.869750456482045,45.19230769230768,65.69647463456577,37.89425164571634,23.26115188306001,16.40729749288932,82.00021974399824,56.81696905016008,48.601376259265535
Lithuania,2014,57.77108879394847,39.43551649416269,52.64142521102812,62.46804625684723,47.59615384615381,66.62510748065348,38.40607134765175,25.71954939446106,16.71458544877225,75.89133659286931,60.40221451440768,50.55614868065707
Lithuania,2015,56.606835709926216,37.60818537155991,55.41500945426094,67.74802191113815,50.0,67.15821152192605,36.39056665922176,26.121228594726837,16.001203345806243,76.10284019117728,61.75960512273211,51.38129189802438
Lithuania,2016,61.22824539014962,32.12593434284875,56.28244416468971,64.169202678028,52.40384615384613,68.28460877042131,35.764945902069826,20.05073842529673,15.436556467492832,77.8855133769159,62.37660085378869,50.51012455277449
Lithuania,2017,66.2198610417553,32.12593434284875,55.8157497454622,61.01947656725502,54.80769230769226,67.6999140154772,34.13828108393197,21.678596236900123,15.617829713945907,76.53683458770533,61.20264140875133,50.67200340323735
Lithuania,2018,69.46771717620078,32.12593434284875,54.55585035685448,64.12355447352404,56.7307692307692,64.04557179707652,34.13828108393197,22.895714415149044,17.34066186824345,75.536999395704,59.92195837780149,50.934010166175845
Lithuania,2019,72.33334566325745,32.12593434284875,56.61948731323446,63.40231284236154,56.7307692307692,68.0524505588994,35.21296503067697,24.590015402736253,18.33110803184238,76.6741745866066,62.0197438633938,52.389888595694984
Lithuania,2020,74.60451768419364,46.74509864547664,53.92941152868127,63.62142422398052,56.7307692307692,68.45657781599311,35.764945902069826,28.81519736643412,18.97759083998586,80.81909575344723,60.76907684098185,54.735861167147355
Luxembourg,2012,88.31292730893242,33.1310695246414,41.465585988634814,83.36275106512477,69.71153846153845,96.21668099742044,37.16977304031674,31.05010419498052,18.30361901342474,92.0919628632643,88.89074172892208,65.29813982092038
Luxembourg,2013,91.12815723119223,50.30829127019096,41.54382814811842,82.10894704808277,69.71153846153845,95.40412725709372,37.53836872325873,31.87158346168947,18.32199177573449,92.18260726253914,89.42102454642476,67.35770530468545
Luxembourg,2014,92.50556387825432,50.30829127019096,44.066887015312375,82.88496652465003,69.71153846153845,92.1195184866724,38.81401308044573,31.36419920872218,18.36981705777743,93.36647805306818,92.5693703308431,67.83451520897982
Luxembourg,2015,95.13569081482302,50.30829127019096,52.686314142270334,84.24832623250151,69.71153846153845,91.79277730008596,38.81401308044573,32.43031016882607,18.381037065294837,94.68768884249847,90.43823372465314,68.59221589229396
Luxembourg,2016,97.8482741188728,50.30829127019096,54.01442464427405,83.1284236153378,69.2307692307692,89.80653482373172,39.94917634067615,32.871251245809546,18.478020005273404,94.06141844750866,86.49279615795089,68.0744342495642
Luxembourg,2017,96.65581633345047,50.30829127019096,59.2526369112403,82.8088861838101,69.2307692307692,90.72656921754084,40.841123673024725,32.02863096856031,18.25944023382496,91.57007086743944,85.8024279615795,68.08192298679964
Luxembourg,2018,96.19082407047784,28.83663525780262,61.16405274324032,85.57821059038343,69.2307692307692,91.62940670679276,40.57479709782808,29.99909395669113,18.294643007410816,92.52046365983628,88.10032017075773,66.32527597357699
Luxembourg,2019,96.28221963293817,41.71968039741618,57.044302115046094,84.33353621424223,69.2307692307692,89.42390369733448,37.89425164571634,30.30110839298118,18.319747774231008,92.13041806295664,87.48665955176094,66.79753011263901
Luxembourg,2020,98.34594068073513,54.60272553702973,63.32499084667043,87.28241022519781,69.71153846153845,89.66466036113499,38.89370136845952,27.70378424088672,18.07178560809636,88.81228368950173,87.0297491995731,68.5415104086296
Moldova,2012,0.0,28.32646667027392,100.0,15.757760194765677,12.499999999999972,23.804815133276005,35.547683519091834,5.152366283108334,11.88801871497254,56.78459594572323,18.363127001067237,23.62341009861745
Moldova,2013,4.300061033124344,28.32646667027392,98.67088639338756,20.328667072428487,10.09615384615384,22.15821152192605,32.20633622061544,3.603032224940353,12.14355438618144,55.52930835576553,16.792289220917823,23.14975442485031
Moldova,2014,49.85913061705105,23.22426547318137,95.36139351292248,19.957395009129645,8.653846153846132,25.69217540842648,32.20633622061544,4.110416477907643,12.872574374624833,51.13992199088062,20.92449306296692,26.94394385573928
Moldova,2015,52.94161164438033,33.42866786736647,89.6299045545965,10.791235544735247,9.615384615384585,26.134995700773857,31.740712188045556,3.8929660837788056,13.417866739970716,46.552766027577874,16.338713980789755,26.252891341433966
Moldova,2016,56.02409267170961,33.42866786736647,88.24587097065418,11.622032866707247,9.615384615384585,24.44539982803095,35.325748470415675,3.065446528344056,13.961826729423908,47.11586002307312,11.486125933831378,25.82622844382374
Moldova,2017,23.503917833385746,35.979768465912755,88.64259884342042,15.167376749847843,9.615384615384585,24.18314703353396,33.07893312160867,2.3979946241430348,14.506768469534874,46.85491402516069,14.067502668089649,23.766392868697363
Moldova,2018,24.120414038851592,35.979768465912755,90.63300916336058,17.337188070602558,9.615384615384585,20.24075666380051,35.4373126058441,2.3496723143366243,15.052762085350595,44.45970444432236,14.501067235859123,23.809766234555326
Moldova,2019,35.61883889104662,43.63307026155159,87.97528350244005,19.303104077906276,10.09615384615384,20.739466895958724,34.62978264183941,1.899670804264444,14.691758343478089,44.868977641048176,13.85739060832444,25.54169143866659
Moldova,2020,36.31979507666131,41.08196966300531,83.40990365180232,16.497261107729766,12.980769230769226,22.863284608770417,34.62978264183941,1.7094017094017095,15.24069721126713,46.165467230676256,11.959711846318037,25.124550059045493
Montenegro,2012,34.19827750960192,21.83856513796453,34.09753186111016,36.40292148508826,68.74999999999997,34.651762682717106,26.20114910423844,5.913442662559271,17.472216456385024,71.89474262484205,27.18449839914621,32.87525560202615
Montenegro,2013,39.54823158063462,18.65748363209115,34.749800632958994,37.41631162507608,71.1538461538461,32.94496990541702,21.458967541241893,5.913442662559271,17.40945453933454,69.36768664505851,27.988260405549624,32.820699486773094
Montenegro,2014,45.061094773961656,21.83856513796453,36.44605052637914,41.66159464394401,74.03846153846152,32.17540842648323,15.896748944453602,5.57820663827731,17.277689576052015,61.53655990770752,29.602454642475987,33.73673387117678
Montenegro,2015,51.58501174425271,21.83856513796453,40.12242891749963,37.80279975654291,76.44230769230768,31.474634565778157,21.458967541241893,5.904382229470569,17.242206302278223,59.25946272592429,27.61139274279616,34.383311360555574
Montenegro,2016,54.30036928122708,37.743457345525854,34.29363881212353,36.84723067559343,78.84615384615381,28.559759243336195,13.408057319474263,4.409410769834798,17.21338490796789,62.887985496896114,24.629802561366063,34.69838284625123
Montenegro,2017,56.44377246358049,37.743457345525854,31.93132745848402,37.94887401095557,81.24999999999997,30.627687016337056,9.44914728779982,5.149346138745431,17.2362456732846,53.7878371696973,25.413553895410885,34.823589572856214
Montenegro,2018,56.82106814132558,37.743457345525854,27.709260160195782,35.48691418137553,83.65384615384616,27.949269131556317,2.968758741807637,9.82150946815258,17.228531918116385,56.54287754765698,29.228922091782284,35.1679021186677
Montenegro,2019,59.841283051902806,50.467525708116575,31.463880710799916,35.973828362751064,85.09615384615381,26.31986242476354,17.90035785978751,5.581226782640211,17.296903838925573,57.1032247431742,28.88874066168623,37.496141625662304
Montenegro,2020,66.20984297841648,34.56237583965247,31.82324293688967,29.48874010955569,87.01923076923075,27.067927773000854,7.1529891804139645,5.581226782640211,17.351110500244033,53.82629236938966,27.781483457844185,34.89563192835253
Netherlands,2012,89.7156103004186,76.93342299932749,55.77637788956824,88.71272063298844,80.76923076923075,94.3121238177128,68.87868371777704,52.4840687384857,18.62535272898633,88.12558369499533,90.92516008537886,78.06592639117896
Netherlands,2013,91.40542639960051,76.93342299932749,55.88120232118408,87.77845404747413,80.76923076923075,92.64832330180568,68.61474140116437,59.72637492072121,18.98383196916742,86.92523210459814,90.0113393810032,78.78991657724247
Netherlands,2014,87.8764479954626,76.93342299932749,54.35748642047133,88.59403530127814,80.76923076923075,91.80137575236456,68.5207432572769,60.24583975114011,20.1491699999439,84.21414052628687,94.95064034151548,79.01754694326202
Netherlands,2015,87.96491520094696,73.49777252149536,55.73299361523917,88.38405356055995,80.28846153846152,92.40756663800516,68.12193563067787,59.42436048443116,21.481125142353843,80.57188375542492,92.7327908217716,78.11635493761024
Netherlands,2016,85.9411122824539,73.49777252149536,57.22837181075428,88.13146682897138,80.28846153846152,91.52622527944968,68.50274136519656,59.56630726948748,23.80633145024207,80.14338295885294,90.68836712913551,77.67340107676527
Netherlands,2017,90.23547072567769,70.06237970456601,58.638987666828825,87.93974437005477,79.80769230769229,89.60877042132415,68.2796311885611,60.40590740237384,23.637259961964173,80.42355655661154,87.7768143009605,77.17499629985046
Netherlands,2018,88.22353535913987,70.06237970456601,58.75735401066299,87.8088861838101,79.80769230769229,89.76354256233877,67.66321202097835,59.20388994593941,23.697918127605146,78.53375817172993,87.3165688367129,76.63539966265998
Netherlands,2019,90.37618598457529,58.0381183539591,60.21611888795823,86.51552038953135,79.32692307692304,89.067067927773,68.21962003029756,60.57805563105917,25.227064902133485,78.06680217546558,86.98972785485591,75.56605953005703
Netherlands,2020,87.3625984082068,63.191336409804514,62.01017148073288,87.67194157029823,79.80769230769229,90.63198624247634,68.07978615607836,64.73075413004743,22.32353733177001,78.33049497335604,86.04255602988259,76.76331344173676
North Macedonia,2012,35.140129587502386,61.09655327010335,4.088152833018171,26.33901399878272,69.71153846153845,24.058469475494405,29.2375774788078,4.47887409018151,16.245028134168848,41.97659726418722,20.744397011739597,30.79168838844792
North Macedonia,2013,47.14654731300128,65.28611954950568,9.387303704966882,27.6080340839927,72.11538461538458,22.80739466895958,27.476793461425448,7.864455920993024,16.15989632713054,44.077899247376806,21.434765208110992,33.372147233108734
North Macedonia,2014,51.49053370076507,63.191336409804514,6.123201308048408,33.20754716981132,74.51923076923075,19.19604471195185,27.646740924462176,10.208087946603849,16.0312168659153,62.55012909959897,27.27454642475987,35.80936818555317
North Macedonia,2015,55.06883180134027,63.191336409804514,4.78430743150048,31.813755325623863,76.92307692307688,17.467755803955285,27.81393490155569,8.021503427863852,15.96964707466354,47.47019722023842,21.204642475987196,34.05178887001828
North Macedonia,2016,57.80699969791687,63.191336409804514,0.0,31.707242848447965,79.80769230769229,15.189165950128972,27.97846319587653,7.770831445743108,15.890125271383932,45.74795363401637,17.649413020277482,33.43169467240821
North Macedonia,2017,61.444327310165406,73.92729324645009,2.1240740090580346,32.19720024345709,82.69230769230765,19.31212381771281,28.14084969238588,5.312433934342062,15.884304892484275,48.39586881283305,18.77668089647812,35.785962968630486
North Macedonia,2018,68.61263693921964,76.07438154941809,4.0921652514532525,34.430919050517346,85.57692307692307,24.165950128976775,28.30028700108615,5.5933073600918135,15.838653486897837,49.68686480250508,18.846718249733197,37.97511336382988
North Macedonia,2019,72.0728760164481,78.22172751328887,13.241231611838655,28.9622641509434,87.98076923076923,24.458297506448837,28.457298439101248,5.717133278970735,15.885917768564903,55.7298247541614,18.91008537886873,39.124750353790134
North Macedonia,2020,72.061470836647,78.22172751328887,11.39301137019072,33.59707851491175,89.90384615384613,27.66552020636285,28.61195672165586,5.862100208389961,15.938231053614803,58.58649673130802,25.59698505869797,41.17313578879896
Norway,2012,92.47443081987832,79.45411961134431,73.02752017494143,90.55386488131468,81.24999999999997,99.58297506448838,60.0506107988538,43.24846727673584,20.94102203048476,91.97110366423117,94.20357524012806,79.08397843298876
Norway,2013,93.0961672430906,79.45411961134431,74.34911049698817,89.85088253195374,81.24999999999997,100.0,60.950234601042624,44.205853039775306,20.436612567530418,92.64681645882548,94.8705976520811,79.52412069634146
Norway,2014,95.0182482876818,79.45411961134431,74.13243990149513,88.17407181984174,81.24999999999997,97.68271711092002,60.99695076057888,46.06324182295914,20.284581465669586,86.27149370982805,96.64821237993596,79.44062442068405
Norway,2015,95.80397270154802,79.45411961134431,73.31566197380894,88.52099817407182,81.24999999999997,97.85898538263112,61.42604428886624,52.701519132614536,19.70394607664387,86.9746745042026,95.014007470651,80.32617432334871
Norway,2016,96.55594394816498,79.45411961134431,73.83075619040932,88.49969567863664,81.24999999999997,96.88736027515048,62.067433778294514,56.00555706562774,19.435717771930907,87.96352249629182,95.65434898612592,80.97465953859096
Norway,2017,95.10625312101206,84.02785829680991,74.5138704289777,91.90809494826536,81.24999999999997,98.14703353396388,61.41709796666039,57.479387514723214,19.101922548288105,87.1147613030819,95.19410352187832,81.9219574015323
Norway,2018,95.31293347389445,84.02785829680991,73.76680827160058,88.88618381010346,81.24999999999997,98.77042132416165,60.770759085689534,56.062939808522856,18.878644398691748,86.29346810965225,93.23972785485591,81.09277406046196
Norway,2019,97.63758654065484,82.50327873498804,72.89611347119336,88.35666463785758,81.24999999999997,96.37145313843509,59.505140067628886,59.11932590377821,19.38592898857242,86.8785365049717,93.863393810032,81.21712541477085
Norway,2020,92.40908222209892,84.02785829680991,73.81696350203882,90.1856360316494,81.24999999999997,99.2390369733448,58.64046072139662,62.3931623931624,18.374024560596453,89.06224248750206,93.4998665955176,81.97285267597438
Poland,2012,42.6307126079639,38.35900924229658,33.6345990841655,52.75715155203896,79.80769230769229,71.04041272570937,75.26323388198588,21.48832714203739,17.908253998530178,84.33499972532,56.41342049092849,53.1642017931086
Poland,2013,43.46174949293187,38.35900924229658,33.38833690271389,52.79671332927572,83.65384615384616,68.19432502149613,74.8503478050494,21.331279635166563,18.45291523845321,82.24468494204251,57.133804695837775,53.25748834747394
Poland,2014,49.24063079891742,40.03921598940499,33.99095199642895,56.13816189896531,87.5,72.79449699054169,74.10317651678395,23.324574914680923,17.970665290345742,78.6601109707191,58.2043756670224,55.461370445923755
Poland,2015,51.3957474091747,47.88112556588776,33.97941629342816,55.28910529519172,91.82692307692308,69.98710232158211,75.86750172951352,24.937332004469813,17.85580046338631,79.19299016645607,55.93649946638206,56.6086387809865
Poland,2016,59.570024721497845,47.88112556588776,33.05229685877791,52.56238587948874,95.6730769230769,61.577815993121234,74.90862324660371,23.850080033825616,17.185264764127393,69.13695544690435,48.93943436499466,54.691339786970836
Poland,2017,63.7077931285333,49.56158997389896,32.40955758071229,49.49786975045648,98.55769230769228,58.645743766122095,74.05857675388175,25.9521005104044,16.073081518964617,69.51052024391583,42.50600320170757,54.20001510608374
Poland,2018,66.10642573994959,49.56158997389896,33.304828444034285,49.3791844187462,99.51923076923076,55.821152192605325,74.77703765526776,31.035003473166014,17.56758652028297,68.70570785035433,41.70557630736393,54.88551388505976
Poland,2019,70.56708403459777,51.242054381910144,31.962674477507875,48.34144856968959,99.99999999999996,54.165950128976775,73.96083519773701,34.57763281084836,18.122906767347533,70.63396143492831,42.18249733191035,55.742657946177424
Poland,2020,74.80395420666184,51.242054381910144,30.650362873092234,42.6019476567255,99.99999999999996,51.74118658641444,74.28224580535651,36.471263326387,17.858114589936775,69.01060264791518,46.63487193169691,56.00342272968914
Portugal,2012,39.594468796044566,51.242054381910144,52.14513920584207,63.2258064516129,93.26923076923072,69.50128976784178,55.04803328562609,36.244752499169465,14.982777288460785,76.8032741855738,63.690635005336176,58.94225992006262
Portugal,2013,42.3002706418342,57.96339669214934,53.81982235017378,69.07790626902008,94.2307692307692,71.15219260533104,55.47062639830277,34.61689468756606,15.034739948275764,76.07537219139702,63.7740128068303,60.63402380287665
Portugal,2014,46.148439956352064,57.96339669214934,54.36074651044984,62.65672550213024,95.19230769230764,72.89337919174548,56.60081180786595,33.56588444927668,15.728627288180284,77.65478217876174,66.47211846318035,61.05196346793215
Portugal,2015,52.37582225181406,66.9256158739729,55.27908877977339,67.97321972002433,96.15384615384612,73.8091143594153,59.154547300843845,32.15849717616503,17.358193129989395,80.3438993572488,65.88513874066169,63.3813877216415
Portugal,2016,55.1357216396333,66.9256158739729,54.18996795080773,67.68107121119903,96.63461538461536,75.05159071367153,56.62931895864092,33.29105131225272,17.52887749434792,81.83815854529473,63.93076307363927,63.49896774711146
Portugal,2017,60.32600319345035,66.9256158739729,55.06342128888912,72.11503347534997,97.11538461538458,76.79707652622527,55.42273962087425,34.453806891969435,18.56350243754663,85.89243531286051,65.95517609391675,65.26686344805684
Portugal,2018,61.666574192235856,66.9256158739729,57.14486335207468,68.68228849665246,97.11538461538458,75.95012897678417,55.691206014913135,35.368910633928294,19.16068733766052,86.14239411086085,66.08858057630736,65.25271204481186
Portugal,2019,62.7229404403016,77.00814466113727,58.35034431565697,67.25197808886185,97.11538461538458,76.63800515907135,56.32599240195805,36.75817704086255,22.00327624219508,84.3981761248146,66.03521878335111,66.60394583401096
Portugal,2020,67.21611890978812,80.36881581625687,57.79286892933629,62.54716981132076,97.11538461538458,79.25193465176268,56.20805303804609,43.35115218507444,21.37530644645532,83.21430533428556,67.71278014941302,68.27319805373858
Romania,2012,17.308130968453895,11.70089691760262,23.20381580993171,27.577601947656728,0.0,38.9767841788478,60.182589544338654,8.57418984627465,14.947294014686989,57.7679503378564,32.233858057630734,24.792011516164802
Romania,2013,23.29507974378417,11.70089691760262,22.5089150922104,36.83505782105904,2.884615384615387,38.67583834909716,59.88582355255255,6.393645616260457,15.13515901555654,60.42685271658517,35.47892209178228,26.70826317132155
Romania,2014,29.943683071630687,12.123460798181943,22.311805036588225,39.57395009129641,4.807692307692292,43.68873602751504,59.45113899192765,6.149013922865512,15.097431740279266,56.85601274515189,37.213180362860186,28.375972191796336
Romania,2015,32.54051921310425,12.64445114362792,21.06043203715501,35.742544126597686,7.211538461538453,46.186586414445394,59.69723711010002,9.347346803177192,15.07618385104318,60.50101631599187,35.969183564567764,29.247387602510816
Romania,2016,38.30599172662092,12.64445114362792,20.16139953155013,30.65733414485697,9.615384615384585,48.54686156491831,60.00966002282185,9.365467669354596,15.263978726865746,62.83579629731363,44.22692102454642,31.00833989034361
Romania,2017,44.84593759825408,30.55961371477453,22.309046498914142,30.15520389531345,11.057692307692292,51.02751504729148,60.922103056084666,9.918154087765396,15.263417726489877,56.83953194528375,43.69663820704376,33.75818296219435
Romania,2018,55.532899320004674,30.55961371477453,20.556121195098854,27.34631771150335,12.980769230769226,48.20722269991401,60.94086593765008,9.628220228926944,15.267835604449854,56.50442234796462,41.392075773746,33.77897046123419
Romania,2019,60.119939336773385,33.69225497092297,19.577592649249425,26.189896530736466,15.865384615384611,47.43336199484092,58.65216756555412,8.990969768354928,15.626104469489992,70.40323023677416,42.986259338313765,35.19419676650928
Romania,2020,67.51450307323357,33.69225497092297,18.03406543251361,24.00486914181376,19.711538461538424,50.43852106620808,57.87479634776244,8.664794177161667,16.657433535480468,69.48854584409163,41.432097118463176,35.9283640795241
Serbia,2012,20.729684908789395,62.847874426382425,22.83216555238465,27.458916615946443,84.61538461538458,33.83490971625107,42.97154342131616,20.376914016489987,16.284999410949606,49.5385376036917,18.036286019210245,37.14489964036702
Serbia,2013,28.97593815310067,62.847874426382425,24.400268832035152,27.28545343883141,85.09615384615381,37.55374032674118,43.44188425842529,15.257769321373562,16.330370316348112,53.43075317255397,19.170224119530417,38.04361090963192
Serbia,2014,42.26867521130407,64.90916164872058,26.1940706486576,32.78454047474133,86.05769230769229,34.423903697334474,43.49284526084382,16.447706200356375,16.261647770304005,60.564192715486456,25.97385272145144,41.261003263400674
Serbia,2015,47.26522283255346,64.90916164872058,25.68449350740542,32.65672550213025,87.01923076923075,35.219260533104034,42.19443366396226,19.099392950983056,16.26564489798208,61.95682030434544,26.607524012806827,42.28976921154732
Serbia,2016,49.94667307822719,64.90916164872058,29.338803597133136,31.561168594035305,87.5,33.88220120378331,42.97154342131616,19.923892362054904,16.298393294923507,59.16881832664945,24.89994663820704,42.32425971348012
Serbia,2017,54.99269451996523,65.93980525988968,31.543878303348837,34.96652465003044,88.46153846153842,30.32674118658641,41.78277182225338,20.95678173416689,16.275322154465844,57.798165137614674,23.14234258271078,42.767867869274454
Serbia,2018,59.66249915231771,65.93980525988968,31.267773759786536,35.0,88.46153846153842,24.651762682717106,41.29127026434594,22.36114886291565,16.259053143565605,55.65291435477669,23.455843116328708,42.58899148292982
Serbia,2019,65.91392479979285,74.31842249688876,33.357491435994405,32.22458916615947,88.46153846153842,23.27171109200344,41.60119091425437,21.388662378061674,16.258492143189734,53.362083173103336,24.336312700106724,43.57467867174738
Serbia,2020,67.37995277639065,77.2768849827496,33.427708758607906,31.43031040779063,88.46153846153842,20.085984522785893,39.58448885017553,21.959469662649877,16.866546425586105,50.8157995934736,25.03335112059765,43.46786843712123
Slovak Republic,2012,64.82457600473468,25.40124244087326,30.89486962147848,56.51856360316494,86.53846153846152,67.1152192605331,41.60119091425437,18.607109419830262,17.644303321683225,85.40350491677196,45.340848452508,49.68915448133836
Slovak Republic,2013,66.63183463105784,25.40124244087326,32.793495869716764,54.81132075471698,85.09615384615381,66.53482373172828,42.53467048162321,19.374226088007006,17.500406725272505,86.25775970993791,44.60378868729989,49.67994660378891
Slovak Republic,2014,69.87105981862682,25.40124244087326,36.49796118988269,56.88070602556299,84.13461538461536,66.53912295786758,43.94051177957003,21.09570837486032,17.502019601353133,84.04933252760534,45.31416755602988,50.62726925776307
Slovak Republic,2015,66.24976110772037,25.40124244087326,36.949609039978725,55.16433353621424,83.65384615384616,66.79277730008597,44.73652026029731,29.561173024070552,17.76197315052201,79.28912816568698,44.69383671291355,51.1407130712167
Slovak Republic,2016,70.62873365514434,28.83663525780262,38.625044512767005,56.88374923919659,83.65384615384616,66.61650902837489,44.36956312642484,18.425900758056237,17.827750444592798,74.96017140031863,49.04615795090714,50.84882087189464
Slovak Republic,2017,72.40085199775595,28.83663525780262,40.10437303454191,53.01582471089471,83.17307692307688,64.49699054170249,42.47873765082964,21.32523934644076,17.81316443482017,80.30269735757841,46.25133404482391,50.55503418879635
Slovak Republic,2018,70.5871201612754,28.83663525780262,38.4999072128237,50.42604990870359,83.17307692307688,61.70249355116079,44.22851880757042,19.84536860861949,17.82487531766646,75.74300939405592,44.907283884738526,49.2198722493126
Slovak Republic,2019,74.29349534853614,28.83663525780262,39.05437328531804,49.46439440048691,83.17307692307688,62.31298366294067,43.69420934762833,19.44670955271662,17.80257555272562,73.83947700928418,45.811099252934895,49.474647125144784
Slovak Republic,2020,85.18575030670686,35.70767855256411,40.39652725184445,48.01582471089471,83.17307692307688,63.095442820292334,43.69420934762833,21.720878257980733,17.8882683601398,72.92204581662364,50.99719850586979,52.1617949940645
Slovenia,2012,51.9398053104983,60.3284661188796,51.58465450569511,63.72489348752282,86.05769230769229,68.26741186586413,45.88669382429143,71.94285886865393,17.661554083241235,81.19266055045871,62.79015474919957,64.7117646976137
Slovenia,2013,58.60659527640608,60.3284661188796,50.086266996353714,63.198417528910525,86.05769230769229,68.35769561478934,45.88669382429143,72.07272507625866,17.628034310782986,79.7423501620612,62.303228388473855,65.02577028123169
Slovenia,2014,56.92772198487117,68.91733465255714,53.025865052337,63.05234327449787,86.05769230769229,66.38865004299225,45.88669382429143,66.05055721663496,17.578315652471485,82.03592814371257,62.47665421558163,64.96558848115701
Slovenia,2015,59.25869413773758,71.78020494348209,52.90474017082872,61.244674376141205,86.05769230769229,67.7085124677558,45.88669382429143,60.91933194406694,17.633153439212805,81.53326374773388,60.67902881536819,64.40174099585697
Slovenia,2016,62.95736312243,71.78020494348209,56.827631519553,65.81862446743762,86.05769230769229,68.74462596732587,45.88669382429143,55.24146054181391,17.66702383690597,82.40125254078998,64.17422625400212,65.22181592770795
Slovenia,2017,68.17739061816076,71.78020494348209,55.84183046529009,67.09981740718197,86.05769230769229,68.56405846947548,45.88669382429143,50.94379511340642,17.67852434461131,79.30560896555512,62.263207043756665,64.66120312790478
Slovenia,2018,69.5099471662752,40.28811642150232,54.64838675701293,65.66950699939136,85.57692307692307,66.99484092863284,45.88669382429143,53.37803146990426,18.609855093602917,80.07196615942426,63.3037620064034,61.55607288721877
Slovenia,2019,74.68604930736652,48.876984955179886,56.1151764711783,64.44004869141814,85.57692307692307,67.30438521066208,45.412383796604416,56.19582616049048,18.729909174039147,77.52568257979453,65.32150480256136,63.43546280523462
Slovenia,2020,80.06944829754573,48.876984955179886,58.04239120076639,66.85636031649422,86.05769230769229,65.35683576956147,44.91521878645318,59.28845398810064,19.58276999545589,74.77613580179091,63.8040288153682,64.15127402193129
Spain,2012,54.19001646044869,70.06237970456601,45.492047888214046,64.90870359099208,99.03846153846148,71.03611349957008,72.1649931150297,33.83467729757483,6.820011444407667,54.697027962423775,63.74733191035219,62.52474079735161
Spain,2013,57.00278039788665,70.06237970456601,46.6754605504035,68.27145465611686,99.03846153846148,67.7944969905417,71.37760794847145,33.1098426504787,0.0,55.8369499533044,63.3337780149413,62.54648977133348
Spain,2014,64.01804484393399,79.63267861697935,47.71116605895247,68.4418746195983,99.03846153846148,68.00515907136715,71.12568790217915,32.10715472199571,10.720086057457658,62.18480470252156,61.36939701173959,64.24362252194607
Spain,2015,67.8756157255852,83.31362227426973,48.32030133262447,67.95496043822277,99.03846153846148,70.20636285468615,70.57316956655252,31.509166138141406,17.444446937779446,62.13261550293908,58.68796691568837,64.77244824374395
Spain,2016,70.76035559501132,78.1604042184243,49.24892542418786,66.05599513085818,99.03846153846148,70.06448839208942,70.37220489287654,30.54574008637613,25.049718658311495,66.55496346756028,61.33271077908218,64.83459012111895
Spain,2017,76.98835438667874,78.1604042184243,49.55311689679559,63.20754716981132,99.03846153846148,69.20034393809114,67.93327256951895,31.14674881459334,31.68782573084324,62.945668296434654,63.30042689434365,65.0637074275947
Spain,2018,79.30792135974403,78.1604042184243,49.26246733640616,62.23067559342665,99.03846153846148,69.54858125537403,64.30949819063035,32.10413457763282,41.24811363623613,63.08575509531396,61.75627001067235,64.9471152070665
Spain,2019,86.41535198850852,90.6752519279477,50.53590863723224,62.21850273889227,99.03846153846148,69.8237317282889,62.567726023052245,32.366887137205154,50.17615411802325,63.54996429160028,62.15981856990395,67.05749527970366
Spain,2020,90.24826302194111,90.6752519279477,50.45616182083549,58.72185027388923,99.03846153846148,68.44797936371452,63.65340120520416,37.16589652985412,34.192622284056924,66.80766906553865,57.850853788687296,67.04302174300027
Sweden,2012,90.20880726479128,92.47655929936847,67.25365004689516,90.89166159464396,93.26923076923072,97.9578675838349,68.49372862923668,92.165745522636,21.29136676521573,87.661374498709,93.44650480256136,88.61422854765024
Sweden,2013,92.6803405525039,93.21501544677112,67.99143348664114,87.1789409616555,93.26923076923072,96.56491831470336,68.6902129762323,93.07782912023195,22.2647725423976,86.48574410811403,94.190234791889,88.61440587422919
Sweden,2014,89.19713699162182,92.47655929936847,68.77686439530348,83.90444309190505,93.26923076923072,94.54428202923474,67.02322816113752,88.28788016067168,23.02871480423892,84.77174092182607,95.00733724653148,86.92569597578466
Sweden,2015,86.2481273927759,89.52350769246624,70.65718398443181,84.00791235544736,93.75,92.58813413585554,67.30021170157903,91.82748935399113,23.23067493955221,81.1267373509861,95.51427427961578,86.74301458601548
Sweden,2016,84.76961536801741,89.52350769246624,70.57894182494823,83.34753499695678,93.75,92.57093723129836,67.26980033766982,92.68521035305488,25.94451425782455,82.99730813602153,94.246931696905,86.61441192159474
Sweden,2017,89.94109378756772,89.52350769246624,70.93780249873359,83.73402312842362,93.75,92.75580395528804,67.06473483154558,96.17045694784213,24.783033104632175,82.1128385430973,89.82457310565634,86.96083326429195
Sweden,2018,84.14710832454827,96.16806705367335,71.79620926768348,83.59099208764455,93.75,93.24591573516769,66.23484337859125,94.91105674851258,23.720358142639952,80.8163489534692,88.63727321237992,86.77380191954951
Sweden,2019,92.2330725554384,99.12111866057558,71.70166665830746,83.67924528301887,93.75,92.31298366294068,66.03082522763533,96.91945274984144,22.67563519267558,83.30220293358238,88.90741728922092,88.09398230906478
Sweden,2020,92.303969619067,98.38292017407572,69.41408659802087,83.55751673767497,93.75,89.68615649183147,65.81100519158686,100.0,20.19902890834937,82.90391693676867,88.08030949839915,87.84030174436703
Switzerland,2012,77.90970796574749,52.02611650910702,49.92251016897299,90.03347534996956,98.55769230769228,95.79535683576955,64.00060835883976,81.42611216816165,22.340507593140085,94.4651980442784,89.5610992529349,80.40248331604545
Switzerland,2013,79.66672215132516,57.17933456495245,51.80157587734036,88.0127814972611,98.55769230769228,95.27515047291486,64.30949819063035,83.48053230375069,23.461316219081866,93.992748448058,89.03415154749199,81.18361985339924
Switzerland,2014,75.47038660477045,57.17933456495245,54.50795211178598,96.77419354838707,98.55769230769228,92.32588134135857,64.00060835883976,85.52933926957039,23.061533326227327,94.03669724770644,95.51427427961578,82.69656164425184
Switzerland,2015,81.42234922044054,59.75594359287516,55.58052171470701,92.61107729762628,99.03846153846148,92.29578675838349,63.979683210707336,87.57814623539007,22.62353228276663,91.94363566445092,92.81283351120597,82.98420789943131
Switzerland,2016,83.97402701486371,59.75594359287516,56.67867048515154,92.74193548387096,99.03846153846148,91.16509028374892,63.87441624537897,87.55854215194005,22.56273386703169,90.93830687249354,92.70944503735323,83.06988263447005
Switzerland,2017,84.82386703409838,61.04424810683651,55.98702985740866,94.1418137553256,99.03846153846148,92.23559759243336,62.95274176203628,87.53888435867235,20.784993800945845,89.63083008295337,92.12580042689432,83.26483308942784
Switzerland,2018,88.08189535593408,61.04424810683651,57.68478440774197,93.51186853317104,99.03846153846148,93.76182287188306,62.52761877467327,89.34795083204978,20.47609296898229,91.75135966598911,92.08911419423691,84.08918108279984
Switzerland,2019,90.15655921137808,84.23372935814092,59.62579182570056,91.049908703591,99.03846153846148,89.5786758383491,63.19664279347003,91.1570173054272,20.70498112233735,91.51788166785694,91.25867129135538,86.27659849227233
Switzerland,2020,92.01190454172756,84.23372935814092,58.80324604651395,92.74802191113815,99.03846153846148,91.32846087704212,63.30901684782664,91.1570173054272,21.476777389440848,87.81519529747843,88.39714514407683,86.19706549721172
Ukraine,2012,0.9555691184720844,1.6230060266885182,51.37325020939807,14.640900791235548,85.09615384615381,13.26741186586414,69.37058929181522,16.46280692217088,22.265333542773472,52.9720375762237,1.8776680896478128,26.471252673689808
Ukraine,2013,9.716134322193248,1.6230060266885182,49.02046834954183,12.519780888618383,86.05769230769229,11.723989681857262,70.78113706970284,16.74670049228353,19.461243289033003,34.15645772674834,0.9538420490928524,25.844827543722424
Ukraine,2014,17.8568125913185,7.364979245414283,46.70730912173178,20.59951308581863,87.5,19.165950128976775,69.2288231073352,14.249041104164778,12.977551569959552,0.0,1.4607790821771651,26.671340250623114
Ukraine,2015,21.938942215810656,8.44354778450273,44.42725234601093,15.864272671941574,88.46153846153842,21.552020636285462,68.41680089114847,13.176889855335087,16.04103437249303,1.6837883865296916,0.0,26.60153410967239
Ukraine,2016,28.28330466625978,8.273233927757037,42.18205345544462,14.187461959829584,89.42307692307688,25.36113499570077,68.24274256297865,9.208420162483767,15.38550543328864,4.600889963192884,1.8810032017075784,27.176165659305187
Ukraine,2017,37.358899430974006,8.97896714050507,39.97196322618507,17.093730979914795,89.90384615384613,25.928632846087694,68.47116229175502,8.163450212920177,15.047853332061733,4.213591166291273,3.9220917822838857,28.425196252004834
Ukraine,2018,43.00554230088713,8.97896714050507,37.78594750753584,18.749239196591603,89.90384615384613,23.968185726569214,67.64364882645954,8.836942405847001,15.323795391942912,4.081744767346038,3.778681963713982,28.722391900462636
Ukraine,2019,54.67519897415031,30.173637682391707,35.63830054017183,22.562385879488744,89.90384615384613,26.27687016337059,67.59457796833814,7.710428558485097,17.09880058119639,16.27204306982366,4.275613660619001,32.99497686664677
Ukraine,2020,62.24746774183603,30.90771359444689,35.34740020363023,20.25562994522216,89.90384615384613,29.10576096302665,63.13620582999116,6.786264383437528,17.291013334978935,23.53732901170137,5.352854855923162,33.83552594190944
United Kingdom,2012,81.42373633690286,35.17895838003437,49.95285408338808,81.15946439440049,92.78846153846152,82.85468615649182,88.14600602521944,42.20349732717224,29.65090349110534,66.55771026753831,86.81296691568836,70.25891569928693
United Kingdom,2013,85.06738303525742,35.17895838003437,52.14890084812495,78.75836883749238,92.78846153846152,82.42046431642304,87.87528171751208,43.56558243484038,34.221934553696144,68.8622754491018,85.47892209178228,70.56435487299977
United Kingdom,2014,87.79414575203288,35.57549850943168,53.225733645633255,82.14242239805233,92.78846153846152,80.13327601031814,88.02852194612001,63.012291987557006,39.04787016207301,66.91479426468165,91.6588847385272,74.66381978177496
United Kingdom,2015,88.3906058308211,53.01708034124609,53.9284084240725,84.62872793670115,92.78846153846152,81.08340498710231,87.80265944723082,63.33846757875027,41.97545062355192,69.34296544525628,88.19036819637138,76.65495302110072
United Kingdom,2016,92.66831887649732,53.53085618141389,55.39820745206413,80.62994522215459,92.78846153846152,80.98882201203783,87.09083058162102,64.69149225332971,40.34925078399802,65.0634510794924,83.83137673425826,76.05597101607866
United Kingdom,2017,85.96207315343975,59.75594359287516,56.80405856124705,76.28119293974437,92.78846153846152,83.93809114359415,86.65412244874793,64.85760019328924,36.67904607496087,65.96440147228479,84.00146744930629,76.15743569701702
United Kingdom,2018,86.37420086679364,60.15222606136967,57.24316760373355,74.17528910529518,92.78846153846152,84.68615649183145,86.31020971717332,76.49119627918215,35.79778460951569,57.62511673899907,82.60405549626466,77.20807830224824
United Kingdom,2019,89.18634830802617,59.75594359287516,60.78989472417132,76.85636031649422,92.78846153846152,79.62596732588133,85.64430609862706,75.27105795657033,33.90321621515486,69.97472944020217,81.49346318036285,77.49296383593457
United Kingdom,2020,92.7336674742767,64.5128791802261,62.850522366725016,73.27754108338405,92.78846153846152,78.23301805674978,85.58338293300733,83.3650448491438,27.6967288068083,68.777124649783,77.9615795090715,78.46382005342643
